CREATE DATABASE  IF NOT EXISTS `scape` /*!40100 DEFAULT CHARACTER SET latin1 */;
USE `scape`;
-- MySQL dump 10.16  Distrib 10.1.31-MariaDB, for Win32 (AMD64)
--
-- Host: 127.0.0.1    Database: aplicativo
-- ------------------------------------------------------
-- Server version	10.1.31-MariaDB

/*!40101 SET @OLD_CHARACTER_SET_CLIENT=@@CHARACTER_SET_CLIENT */;
/*!40101 SET @OLD_CHARACTER_SET_RESULTS=@@CHARACTER_SET_RESULTS */;
/*!40101 SET @OLD_COLLATION_CONNECTION=@@COLLATION_CONNECTION */;
/*!40101 SET NAMES utf8 */;
/*!40103 SET @OLD_TIME_ZONE=@@TIME_ZONE */;
/*!40103 SET TIME_ZONE='+00:00' */;
/*!40014 SET @OLD_UNIQUE_CHECKS=@@UNIQUE_CHECKS, UNIQUE_CHECKS=0 */;
/*!40014 SET @OLD_FOREIGN_KEY_CHECKS=@@FOREIGN_KEY_CHECKS, FOREIGN_KEY_CHECKS=0 */;
/*!40101 SET @OLD_SQL_MODE=@@SQL_MODE, SQL_MODE='NO_AUTO_VALUE_ON_ZERO' */;
/*!40111 SET @OLD_SQL_NOTES=@@SQL_NOTES, SQL_NOTES=0 */;

--
-- Table structure for table `apresentacao`
--

DROP TABLE IF EXISTS `apresentacao`;
/*!40101 SET @saved_cs_client     = @@character_set_client */;
/*!40101 SET character_set_client = utf8 */;
CREATE TABLE `apresentacao` (
  `ID` int(11) NOT NULL AUTO_INCREMENT,
  `Nome` char(50) NOT NULL,
  `Palavras_chave` char(100) NOT NULL,
  `Apresentadores` char(150) NOT NULL,
  `ID_ATIVIDADE` int(11) NOT NULL,
  PRIMARY KEY (`ID`),
  KEY `ID_ATIVIDADE` (`ID_ATIVIDADE`),
  CONSTRAINT `apresentacao_ibfk_1` FOREIGN KEY (`ID_ATIVIDADE`) REFERENCES `atividade` (`ID`) ON DELETE CASCADE ON UPDATE CASCADE
) ENGINE=InnoDB DEFAULT CHARSET=latin1;
/*!40101 SET character_set_client = @saved_cs_client */;

--
-- Dumping data for table `apresentacao`
--

LOCK TABLES `apresentacao` WRITE;
/*!40000 ALTER TABLE `apresentacao` DISABLE KEYS */;
/*!40000 ALTER TABLE `apresentacao` ENABLE KEYS */;
UNLOCK TABLES;

--
-- Table structure for table `atividade`
--

DROP TABLE IF EXISTS `atividade`;
/*!40101 SET @saved_cs_client     = @@character_set_client */;
/*!40101 SET character_set_client = utf8 */;
CREATE TABLE `atividade` (
  `ID` int(11) NOT NULL AUTO_INCREMENT,
  `Nome` char(200) NOT NULL,
  `Data` date NOT NULL,
  `Hora_inicio` time NOT NULL,
  `Hora_fim` time NOT NULL,
  `Descricao` varchar(2500) DEFAULT NULL,
  `Tema` char(200) DEFAULT NULL,
  `Responsavel` varchar(2000) NOT NULL,
  `Grupo` int(11) NOT NULL DEFAULT '-1',
  `ID_EVENTO` int(11) NOT NULL,
  `ID_LOCAL` int(11) DEFAULT NULL,
  `ID_TIPO` int(11) DEFAULT NULL,
  PRIMARY KEY (`ID`),
  KEY `ID_EVENTO` (`ID_EVENTO`),
  KEY `ID_LOCAL` (`ID_LOCAL`),
  KEY `ID_TIPO` (`ID_TIPO`),
  CONSTRAINT `atividade_ibfk_1` FOREIGN KEY (`ID_EVENTO`) REFERENCES `evento` (`ID`) ON DELETE CASCADE ON UPDATE CASCADE,
  CONSTRAINT `atividade_ibfk_2` FOREIGN KEY (`ID_LOCAL`) REFERENCES `local` (`ID`) ON DELETE CASCADE ON UPDATE CASCADE,
  CONSTRAINT `atividade_ibfk_3` FOREIGN KEY (`ID_TIPO`) REFERENCES `tipo_atividade` (`ID`) ON DELETE SET NULL ON UPDATE CASCADE
) ENGINE=InnoDB AUTO_INCREMENT=674 DEFAULT CHARSET=latin1;
/*!40101 SET character_set_client = @saved_cs_client */;

--
-- Dumping data for table `atividade`
--

LOCK TABLES `atividade` WRITE;
/*!40000 ALTER TABLE `atividade` DISABLE KEYS */;
INSERT INTO `atividade` VALUES (36,'Credenciamento','2017-07-28','18:10:00','23:59:00','Credenciamento do evento','Abertura','Prof. Fabrício Silva',-1,213,72,18),(37,'Os fundamentos da Engenharia de Software','2016-05-18','13:00:00','14:30:00','Engenharia de Software versus Ciência da Computação. Sistemas de Informática: problemas e produção. Requisitos, prazos e custos. Questões da qualidade.','Computação','Wilson de Pádua Filho',-1,213,72,10),(38,'Mesa redonda','2016-05-18','15:15:00','17:00:00','A mesa redonda deste ano irá debater o lugar da mulher na computação.','Computação; Mulheres; Inclusão;','Prof. Gláucia Braga',-1,213,72,15),(39,'Maratona de Programação','2016-05-19','07:30:00','12:30:00','Maratona de programação da V SECOM. As equipes vencedoras serão premiadas.','Programação; Maratona;','Paulo; Dilson;',-1,213,73,9),(40,'Por que não a Intel? Discutindo sobre a sua carreira','2016-05-19','13:00:00','14:30:00','A Intel é uma empresa de semicondutores, correto? Sim, mas a Intel não tem somente engenheiros de hardware. Rubem Saldanha vai falar um pouco mais sobre a Intel e mostrar que outras opções um aluno que ainda está na universidade pode ter para trabalhar na Intel ou para aproveitar oportunidades que a Intel oferece.','Intel; Mercado de trabalho;','Rubem Saldanha',-1,213,72,10),(41,'Marketing orientado a dados','2016-05-19','15:00:00','16:30:00','Você pode estar se perguntando: “O que o marketing tem a ver com minha profissão?” O que menos se esperava é que o marketing teria como um grande aliado (ou principal) a área de desenvolvimento. Na palestra, Rodrigo Nascimento vai mostrar como podemos contribuir para o dia a dia do marketing e vice-versa. Serão mostrados como o time de TI de empresas têm contribuído para a tomada de decisões que influenciam diretamente no futuro de uma empresa, seja ela pequena, média ou grande. Como empresas como Netflix, Google, Apple e grandes indústrias do cinema e música têm fabricado seus produtos e ações. Tudo são dados, dados nos dão o direcionamento. Veremos a o real valor da internet e mídias sociais para empresas de forma simples e clara. A partir dessa palestra você verá o mercado de marketing com outros olhos','Marketing; Mercado;','Rodrigo Nascimento',-1,213,72,10),(42,'Programação de alto desempenho em GPU','2016-05-20','07:30:00','16:00:00','O mini-curso é introdutório e o único pre-requisito são conhecimentos de programação em C e/ou C++. Mostraremos o grande potencial e desempenho das GPUS através de três abordagens de programação: CUDA, OpenACC e Bibliotecas. O mini-curso tem carga horária de 8 horas, orientado a exemplos. O mini-curso será ministrado pelo Prof. Ricardo Ferreira da Universidade Federal de Viçosa que faz parte do programa GPU Education Center da Nvidia. Os principais temas a serem abordados são: Alto Desempenho e Deep Learning, Modelo de programação com Threads em CUDA, Modelos de Memória, Programação com Bibliotecas (Thrust) e programação com OpenACC. O mini-curso será ministrado no laboratório com acesso remoto a placas de GPU.','GPU; Programação;','Ricardo dos Santos Ferreira',-1,213,73,11),(43,'Criação de negócios inovadores','2016-05-20','07:30:00','16:00:00','O Minicurso “Criac?a?o de Nego?cios Inovadores” aborda de uma forma pra?tica e instigante o conceito de modelo de nego?cios inovadores e sua aplicabilidade na criac?a?o de empresas de alto impacto. Neste treinamento e? apresentado a metodologia Business Model Generation e as ferramentas Business Model Canvas e Lean Canvas, criando um cena?rio favora?vel a? inovac?a?o e iterac?a?o no Modelo de Nego?cios de startups.','Startup;','Nata?lia Michele Ferreira',-1,213,72,11),(44,'Introdução a programação competitiva','2016-05-20','07:30:00','16:00:00','Programação competitiva é o termo utilizado para descrever competições em que a atividade básica realizada pelos competidores é a programação. NoBrasil, a principal competição desse tipo é a Maratona de Programação. A participação nesse tipo de evento, juntamente com o preparo que aantecede, potencializa muito a formação de profissionais de TI, melhorando consideravelmente sua capacidade de análise e de solução de problemas. No mercado de trabalho, existe uma demanda cada vez maior por profissionais de TI com essas características. Este minicurso apresenta o mundo da programação competitiva e ensina quais são os primeiros passos para desbravá-lo.','Programação;','Dislon Almeida Guimarães',-1,213,74,11),(223,'teste manha','2017-09-20','09:00:00','10:00:00','teste manha','teste','wandella',-1,223,21,NULL),(264,'SEMISH – Sessão 1','2016-07-04','08:30:00','10:30:00','SEMISH – Sessão 1','Computação','SBC',-1,218,75,20),(265,'CTD – Sessão 1','2016-07-04','08:30:00','10:30:00','CTD – Sessão 1','Computação','SBC',-1,218,76,20),(266,'Wperformance – Sessão 1','2016-07-04','08:30:00','10:30:00','Wperformance – Sessão 1','Computação','SBC',-1,218,77,20),(267,'JAI1','2016-07-04','08:30:00','10:30:00','JAI1','Computação','SBC',-1,218,78,20),(268,'JAI2','2016-07-04','08:30:00','10:30:00','JAI2','Computação','SBC',-1,218,79,20),(269,'WEI – Sessão 1','2016-07-04','08:30:00','10:30:00','WEI – Sessão 1','Computação','SBC',-1,218,80,20),(270,'ETC – Sessão 1','2016-07-04','08:30:00','10:30:00','ETC – Sessão 1','Computação','SBC',-1,218,81,20),(271,'WIM – Sessão 1','2016-07-04','08:30:00','10:30:00','WIM – Sessão 1','Computação','SBC',-1,218,82,20),(272,'WCAMA – Sessão 1','2016-07-04','08:30:00','10:30:00','WCAMA – Sessão 1','Computação','SBC',-1,218,83,20),(273,'WIT – Sessão 1','2016-07-04','08:30:00','10:30:00','WIT – Sessão 1','Computação','SBC',-1,218,84,20),(274,'SEMISH – Sessão 2','2016-07-04','11:00:00','13:00:00','SEMISH – Sessão 2','Computação','SBC',-1,218,75,20),(275,'CTD – Sessão 2','2016-07-04','11:00:00','13:00:00','CTD – Sessão 2','Computação','SBC',-1,218,76,20),(276,'Wperformance – Sessão 2','2016-07-04','11:00:00','13:00:00','Wperformance – Sessão 2','Computação','SBC',-1,218,77,20),(277,'JAI1','2016-07-04','11:00:00','13:00:00','JAI1','Computação','SBC',-1,218,78,20),(278,'JAI2','2016-07-04','11:00:00','13:00:00','JAI2','Computação','SBC',-1,218,79,20),(279,'WEI – Sessão 2','2016-07-04','11:00:00','13:00:00','WEI – Sessão 2','Computação','SBC',-1,218,80,20),(280,'ETC – Sessão 2','2016-07-04','11:00:00','13:00:00','ETC – Sessão 2','Computação','SBC',-1,218,81,20),(281,'WIM – Sessão 2','2016-07-04','11:00:00','13:00:00','WIM – Sessão 2','Computação','SBC',-1,218,82,20),(282,'WCAMA – Sessão 2','2016-07-04','11:00:00','13:00:00','WCAMA – Sessão 2','Computação','SBC',-1,218,83,20),(283,'WIT – Sessão 2','2016-07-04','11:00:00','13:00:00','WIT – Sessão 2','Computação','SBC',-1,218,84,20),(284,'SECOMU','2016-07-04','14:30:00','16:30:00','SECOMU','Computação','SBC',-1,218,86,20),(285,'SEMISH – Sessão 3','2016-07-04','17:00:00','19:00:00','SEMISH – Sessão 3','Computação','SBC',-1,218,75,20),(286,'CTD – Sessão 3','2016-07-04','17:00:00','19:00:00','CTD – Sessão 3','Computação','SBC',-1,218,76,20),(287,'Wperformance – Sessão 3','2016-07-04','17:00:00','19:00:00','Wperformance – Sessão 3','Computação','SBC',-1,218,77,20),(288,'JAI1','2016-07-04','17:00:00','19:00:00','JAI1','Computação','SBC',-1,218,78,20),(289,'JAI2','2016-07-04','17:00:00','19:00:00','JAI2','Computação','SBC',-1,218,79,20),(290,'WEI – Sessão 3','2016-07-04','17:00:00','19:00:00','WEI – Sessão 3','Computação','SBC',-1,218,80,20),(291,'ETC – Sessão 3','2016-07-04','17:00:00','19:00:00','ETC – Sessão 3','Computação','SBC',-1,218,81,20),(292,'WIM – Sessão 3','2016-07-04','17:00:00','19:00:00','WIM – Sessão 3','Computação','SBC',-1,218,82,20),(293,'WCAMA – Sessão 3','2016-07-04','17:00:00','19:00:00','WCAMA – Sessão 3','Computação','SBC',-1,218,83,20),(294,'WIT – Sessão 3','2016-07-04','17:00:00','19:00:00','WIT – Sessão 3','Computação','SBC',-1,218,84,20),(295,'Cerimônia de Abertura','2016-07-04','19:00:00','20:00:00','Cerimônia de Abertura','Computação','SBC',-1,218,86,20),(297,'SEMISH – Sessão 4','2016-07-05','08:30:00','10:30:00','SEMISH – Sessão 4','Computação','SBC',-1,218,75,20),(298,'CTD – Sessão 4','2016-07-05','08:30:00','10:30:00','CTD – Sessão 4','Computação','SBC',-1,218,76,20),(299,'Wperformance - Sessão 4','2016-07-05','08:30:00','10:30:00','Wperformance - Sessão 4','Computação','SBC',-1,218,77,20),(300,'ETC – Sessão 4','2016-07-05','08:30:00','10:30:00','ETC – Sessão 4','Computação','SBC',-1,218,78,20),(301,'JAI3','2016-07-05','08:30:00','10:30:00','JAI3','Computação','SBC',-1,218,79,20),(302,'WEI – Sessão 4','2016-07-05','08:30:00','10:30:00','WEI – Sessão 4','Computação','SBC',-1,218,80,20),(303,'Fórum PG – Sessão 1','2016-07-05','08:30:00','10:30:00','Fórum PG – Sessão 1','Computação','SBC',-1,218,81,20),(304,'WIM – Sessão 4','2016-07-05','08:30:00','10:30:00','WIM – Sessão 4','Computação','SBC',-1,218,82,20),(305,'BraSNAM – Sessão 1','2016-07-05','08:30:00','10:30:00','BraSNAM – Sessão 1','Computação','SBC',-1,218,83,20),(306,'WIT – Sessão 4','2016-07-05','08:30:00','10:30:00','WIT – Sessão 4','Computação','SBC',-1,218,84,20),(307,'SBSC – Sessão 1','2016-07-05','08:30:00','10:30:00','SBSC – Sessão 1','Computação','SBC',-1,218,85,20),(308,'SEMISH – Sessão 5','2016-07-05','11:00:00','13:00:00','SEMISH – Sessão 5','Computação','SBC',-1,218,75,20),(309,'CTD – Sessão 5','2016-07-05','11:00:00','13:00:00','CTD – Sessão 5','Computação','SBC',-1,218,76,20),(310,'Wperformance - Sessão 5','2016-07-05','11:00:00','13:00:00','Wperformance - Sessão 5','Computação','SBC',-1,218,77,20),(311,'ETC – Sessão 5','2016-07-05','11:00:00','13:00:00','ETC – Sessão 5','Computação','SBC',-1,218,78,20),(312,'JAI3','2016-07-05','11:00:00','13:00:00','JAI3','Computação','SBC',-1,218,79,20),(313,'WEI – Sessão 5','2016-07-05','11:00:00','13:00:00','WEI – Sessão 5','Computação','SBC',-1,218,88,20),(314,'RNP – Sessão 1','2016-07-05','11:00:00','13:00:00','RNP – Sessão 1','Computação','SBC',-1,218,80,20),(315,'Fórum PG – Sessão 2','2016-07-05','11:00:00','13:00:00','Fórum PG – Sessão 2','Computação','SBC',-1,218,81,20),(316,'WIM – Sessão 5','2016-07-05','11:00:00','13:00:00','WIM – Sessão 5','Computação','SBC',-1,218,82,20),(317,'BraSNAM – Sessão 2','2016-07-05','11:00:00','13:00:00','BraSNAM – Sessão 2','Computação','SBC',-1,218,83,20),(318,'WIT – Sessão 5','2016-07-05','11:00:00','13:00:00','WIT – Sessão 5','Computação','SBC',-1,218,84,20),(319,'SBSC – Sessão 2','2016-07-05','11:00:00','13:00:00','SBSC – Sessão 2','Computação','SBC',-1,218,85,20),(320,'','2016-07-05','14:30:00','16:30:00','','Computação','SBC',-1,218,86,20),(321,'SEMISH – Sessão 6','2016-07-05','17:00:00','19:00:00','SEMISH – Sessão 6','Computação','SBC',-1,218,75,20),(322,'CTIC','2016-07-05','17:00:00','19:00:00','CTIC','Computação','SBC',-1,218,76,20),(323,'Wperformance - Sessão 6','2016-07-05','17:00:00','19:00:00','Wperformance - Sessão 6','Computação','SBC',-1,218,77,20),(324,'ETC – Sessão 6','2016-07-05','17:00:00','19:00:00','ETC – Sessão 6','Computação','SBC',-1,218,78,20),(325,'JAI3','2016-07-05','17:00:00','19:00:00','JAI3','Computação','SBC',-1,218,79,20),(326,'WEI – Sessão 6','2016-07-05','17:00:00','19:00:00','WEI – Sessão 6','Computação','SBC',-1,218,88,20),(327,'RNP – Sessão 2','2016-07-05','17:00:00','19:00:00','RNP – Sessão 2','Computação','SBC',-1,218,80,20),(328,'CNPq CAPS','2016-07-05','17:00:00','19:00:00','CNPq CAPS','Computação','SBC',-1,218,81,20),(329,'WIM – Sessão 6','2016-07-05','17:00:00','19:00:00','WIM – Sessão 6','Computação','SBC',-1,218,82,20),(330,'BraSNAM – Sessão 3','2016-07-05','17:00:00','19:00:00','BraSNAM – Sessão 3','Computação','SBC',-1,218,83,20),(331,'WIT – Sessão 6','2016-07-05','17:00:00','19:00:00','WIT – Sessão 6','Computação','SBC',-1,218,84,20),(332,'SBSC – Sessão 3','2016-07-05','17:00:00','19:00:00','SBSC – Sessão 3','Computação','SBC',-1,218,85,20),(333,'Jantar de Confraternização','2016-07-05','20:00:00','22:00:00','Jantar de Confraternização','Computação','SBC',-1,218,89,20),(334,'COMPUTEC – Sessão 1','2016-07-06','08:30:00','10:30:00','COMPUTEC – Sessão 1','Computação','SBC',-1,218,75,20),(335,'DesafiE! - Sessão 1','2016-07-06','08:30:00','10:30:00','DesafiE! - Sessão 1','Computação','SBC',-1,218,76,20),(336,'Fórum PG – Sessão 3','2016-07-06','08:30:00','10:30:00','Fórum PG – Sessão 3','Computação','SBC',-1,218,77,20),(337,'Pre-IETF','2016-07-06','08:30:00','10:30:00','Pre-IETF','Computação','SBC',-1,218,78,20),(338,'JAI4','2016-07-06','08:30:00','10:30:00','JAI4','Computação','SBC',-1,218,79,20),(339,'BreSCI – Sessão 1','2016-07-06','08:30:00','10:30:00','BreSCI – Sessão 1','Computação','SBC',-1,218,80,20),(340,'WCN + CloudScape – Sessão 1','2016-07-06','08:30:00','10:30:00','WCN + CloudScape – Sessão 1','Computação','SBC',-1,218,81,20),(341,'WIM – Sessão 7','2016-07-06','08:30:00','10:30:00','WIM – Sessão 7','Computação','SBC',-1,218,82,20),(342,'BraSNAM – Sessão 4','2016-07-06','08:30:00','10:30:00','BraSNAM – Sessão 4','Computação','SBC',-1,218,83,20),(343,'WEI – Sessão 5','2016-07-06','08:30:00','10:30:00','WEI – Sessão 5','Computação','SBC',-1,218,84,20),(344,'SBSC – Sessão 4','2016-07-06','08:30:00','10:30:00','SBSC – Sessão 4','Computação','SBC',-1,218,85,20),(345,'COMPUTEC – Sessão 2','2016-07-06','11:00:00','13:00:00','COMPUTEC – Sessão 2','Computação','SBC',-1,218,75,20),(346,'Comitê Gestor','2016-07-06','11:00:00','13:00:00','Comitê Gestor','Computação','SBC',-1,218,76,20),(347,'Fórum PG – Sessão 4','2016-07-06','11:00:00','13:00:00','Fórum PG – Sessão 4','Computação','SBC',-1,218,77,20),(348,'Pre-IETF','2016-07-06','11:00:00','13:00:00','Pre-IETF','Computação','SBC',-1,218,78,20),(349,'JAI4','2016-07-06','11:00:00','13:00:00','JAI4','Computação','SBC',-1,218,79,20),(350,'BreSCI – Sessão 2','2016-07-06','11:00:00','13:00:00','BreSCI – Sessão 2','Computação','SBC',-1,218,80,20),(351,'WCN + CloudScape – Sessão 2','2016-07-06','11:00:00','13:00:00','WCN + CloudScape – Sessão 2','Computação','SBC',-1,218,81,20),(352,'WIM – Sessão 8','2016-07-06','11:00:00','13:00:00','WIM – Sessão 8','Computação','SBC',-1,218,82,20),(353,'BraSNAM – Sessão 5','2016-07-06','11:00:00','13:00:00','BraSNAM – Sessão 5','Computação','SBC',-1,218,83,20),(354,'SBCUP – Sessão 1','2016-07-06','11:00:00','13:00:00','SBCUP – Sessão 1','Computação','SBC',-1,218,84,20),(355,'SBSC + WEI + DesafiE!','2016-07-06','11:00:00','13:00:00','SBSC + WEI + DesafiE!','Computação','SBC',-1,218,85,20),(356,'SECOMU','2016-07-06','14:30:00','16:30:00','SECOMU','Computação','SBC',-1,218,86,20),(357,'COMPUTEC – Sessão 3','2016-07-06','17:00:00','19:00:00','COMPUTEC – Sessão 3','Computação','SBC',-1,218,75,20),(358,'DesafiE! - Sessão 2','2016-07-06','17:00:00','19:00:00','DesafiE! - Sessão 2','Computação','SBC',-1,218,76,20),(359,'PET','2016-07-06','17:00:00','19:00:00','PET','Computação','SBC',-1,218,77,20),(360,'Pre-IETF','2016-07-06','17:00:00','19:00:00','Pre-IETF','Computação','SBC',-1,218,78,20),(361,'JAI4','2016-07-06','17:00:00','19:00:00','JAI4','Computação','SBC',-1,218,79,20),(362,'BreSCI – Sessão 3','2016-07-06','17:00:00','19:00:00','BreSCI – Sessão 3','Computação','SBC',-1,218,80,20),(363,'WCN + CloudScape – Sessão 3','2016-07-06','17:00:00','19:00:00','WCN + CloudScape – Sessão 3','Computação','SBC',-1,218,81,20),(364,'WEI – Sessão 6','2016-07-06','17:00:00','19:00:00','WEI – Sessão 6','Computação','SBC',-1,218,82,20),(365,'BraSNAM – Sessão 6','2016-07-06','17:00:00','19:00:00','BraSNAM – Sessão 6','Computação','SBC',-1,218,83,20),(366,'SBCUP – Sessão 2','2016-07-06','17:00:00','19:00:00','SBCUP – Sessão 2','Computação','SBC',-1,218,84,20),(367,'SBSC – Sessão 5','2016-07-06','17:00:00','19:00:00','SBSC – Sessão 5','Computação','SBC',-1,218,85,20),(368,'Reunião com secretários regionais e representantes institucionais','2016-07-07','08:30:00','10:30:00','Reunião com secretários regionais e representantes institucionais','Computação','SBC',-1,218,75,20),(369,'DesafiE!','2016-07-07','08:30:00','10:30:00','DesafiE!','Computação','SBC',-1,218,76,20),(370,'WEI – Sessão 7','2016-07-07','08:30:00','10:30:00','WEI – Sessão 7','Computação','SBC',-1,218,77,20),(371,'ENComIF – Sessão 1','2016-07-07','08:30:00','10:30:00','ENComIF – Sessão 1','Computação','SBC',-1,218,78,20),(372,'JAI5','2016-07-07','08:30:00','10:30:00','JAI5','Computação','SBC',-1,218,79,20),(373,'BreSCI – Sessão 4','2016-07-07','08:30:00','10:30:00','BreSCI – Sessão 4','Computação','SBC',-1,218,80,20),(374,'WCN + CloudScape – Sessão 4','2016-07-07','08:30:00','10:30:00','WCN + CloudScape – Sessão 4','Computação','SBC',-1,218,81,20),(375,'Failcon – Sessão 1','2016-07-07','08:30:00','10:30:00','Failcon – Sessão 1','Computação','SBC',-1,218,83,20),(376,'SBCUP – Sessão 3','2016-07-07','08:30:00','10:30:00','SBCUP – Sessão 3','Computação','SBC',-1,218,84,20),(377,'SBSC – Sessão 6','2016-07-07','08:30:00','10:30:00','SBSC – Sessão 6','Computação','SBC',-1,218,85,20),(378,'Reunião Comissões Especiais','2016-07-07','11:00:00','13:00:00','Reunião Comissões Especiais','Computação','SBC',-1,218,75,20),(379,'DesafiE!','2016-07-07','11:00:00','13:00:00','DesafiE!','Computação','SBC',-1,218,76,20),(380,'WEI – Sessão 8','2016-07-07','11:00:00','13:00:00','WEI – Sessão 8','Computação','SBC',-1,218,77,20),(381,'ENComIF – Sessão 2','2016-07-07','11:00:00','13:00:00','ENComIF – Sessão 2','Computação','SBC',-1,218,78,20),(382,'JAI5','2016-07-07','11:00:00','13:00:00','JAI5','Computação','SBC',-1,218,79,20),(383,'BreSCI – Sessão 5','2016-07-07','11:00:00','13:00:00','BreSCI – Sessão 5','Computação','SBC',-1,218,80,20),(384,'WCN + CloudScape – Sessão 5','2016-07-07','11:00:00','13:00:00','WCN + CloudScape – Sessão 5','Computação','SBC',-1,218,81,20),(385,'IFIP','2016-07-07','11:00:00','13:00:00','IFIP','Computação','SBC',-1,218,82,20),(386,'Failcon – Sessão 2','2016-07-07','11:00:00','13:00:00','Failcon – Sessão 2','Computação','SBC',-1,218,83,20),(387,'SBCUP – Sessão 4','2016-07-07','11:00:00','13:00:00','SBCUP – Sessão 4','Computação','SBC',-1,218,84,20),(388,'SBSC – Sessão 7','2016-07-07','11:00:00','13:00:00','SBSC – Sessão 7','Computação','SBC',-1,218,85,20),(389,'SECOMU','2016-07-07','14:30:00','16:30:00','SECOMU','Computação','SBC',-1,218,86,20),(390,'DesafiE!','2016-07-07','17:00:00','19:00:00','DesafiE!','Computação','SBC',-1,218,76,20),(391,'ENComIF – Sessão 3','2016-07-07','17:00:00','19:00:00','ENComIF – Sessão 3','Computação','SBC',-1,218,78,20),(392,'JAI5','2016-07-07','17:00:00','19:00:00','JAI5','Computação','SBC',-1,218,79,20),(393,'BreSCI – Sessão 6','2016-07-07','17:00:00','19:00:00','BreSCI – Sessão 6','Computação','SBC',-1,218,80,20),(394,'WCN + CloudScape – Sessão 5','2016-07-07','17:00:00','19:00:00','WCN + CloudScape – Sessão 5','Computação','SBC',-1,218,81,20),(395,'Failcon – Sessão 3','2016-07-07','17:00:00','19:00:00','Failcon – Sessão 3','Computação','SBC',-1,218,83,20),(396,'Credenciamento','2016-10-31','17:00:00','18:00:00','Credenciamento do evento','','',-1,221,90,18),(397,'Cerimônia de abertura','2016-10-31','18:00:00','18:30:00','Abertura do evento','','Leonardo Dias (Sub-secretário de Inovação de MG)',-1,221,90,18),(398,'Palestra Magna','2016-10-31','18:30:00','20:00:00','Case Netshoes - Dos fundos de um estacionamento a um e-commerce de R$ 1 bilhão','','Renato Mendes (ex-Netshoes)',-1,221,90,10),(399,'Painel \"Em tempos de crise, cria-se\"','2016-10-31','20:00:00','21:30:00','','','Paulo Adriano (Patsos) e Matheus Pires (Sambatech)',-1,221,90,19),(400,'Networking coffee','2016-10-31','21:30:00','22:00:00','','','',-1,221,90,18),(401,'Credenciamento','2016-11-01','08:00:00','08:30:00','Credenciamento do evento','','',-1,221,90,18),(402,'Painel \"Alavancando seu negócio na crise: arrecadando parceiros e rec','2016-11-01','08:30:00','09:30:00','','','Rodrigo de Sá (Seed), Vinícius de Magalhães (Criatec) e Pedro Drummond (Inseed)',-1,221,90,19),(403,'Networking coffee','2016-11-01','10:00:00','10:30:00','','','',-1,221,90,18),(404,'Final do Concurso de Ideias','2016-11-01','10:30:00','11:30:00','Batalha dos pitches finalistas e Premiação','','',-1,221,90,18),(405,'Encerramento','2016-11-01','11:30:00','00:00:00','Encerramento do Evento','','',-1,221,90,18),(406,'Cerimônia de Abertura #CPMG1','2016-11-09','21:00:00','21:30:00','A primeira edição da Campus Party Minas Gerais irá apresentar as inovações tecnológicas de vanguarda que vão transformar os principais setores econômicos do planeta nas próximas décadas, causando uma verdadeira revolução como jamais antes o mundo conheceu. Feel the Future e venha para CPMG1.','Outros','-',-1,222,91,10),(407,'Um mundo sem trabalho #CPMG1','2016-11-09','22:00:00','22:45:00','Paco Ragageles apresentará o projeto para a criação de uma fundação mundial que vai cuidar do principal desafio planetário: a chegada dos robôs aos postos de trabalho dos humanos. Nas próximas décadas, os robôs irão substituir os humanos em todos os empregos, devemos chegar ao ponto de que apenas as máquinas irão trabalhar. O planeta deve se preparar para este desafio e a fundação Feel The Future irá tentar sensibilizar a todos, propondo novos modelos para uma sociedade sem trabalho.','Outros','Paco Ragageles - CEO e Co-fundador da Campus Party',-1,222,91,10),(409,'MINAS O LUGAR CERTO PARA INOVAR! Parte I','2016-11-10','17:00:00','17:45:00','Abordagem de todos os programas da Secretaria de Desenvolvimento Econômico, Ciência, Tecnologia e Ensino Superior - SEDECTES, que contribuem com o ecossistema de empreendedorismo e inovação do Estado de Minas Gerais','Desenvolvimento, Empreendedorismo','Secretário Miguel Corrêa da Silva Júnior e o Subsecretário Leonardo Dias',-1,222,91,10),(411,'Thaisa Storchi Bergmann','2016-11-10','19:00:00','20:00:00','Buracos Negros Supermassivos habitam o núcleo da maioria das galáxias. Acredita-se que eles se formaram junto com elas no primeiro bilhão de anos de idade do Universo e evoluem junto com elas. Esta co-evolucao é atribuída ao fato de eles \"devorarem\" matéria ao seu redor e \"cuspirem\" partículas e radiação do seu entorno, influenciando a galáxia hospedeira. Estes processos podem ser observados com diversos telescópios, desde as rádio-antenas do ALMA, até os satélites de raios-X e Gamma. Nesta palestra vou discutir estas observações, sua interpretação e as implicações para o entendimento do passado e previsões para o futuro do Universo.','Astronomia/Aeroespacial','Thaisa Storchi Bergmann é Doutora em Astrofísica e Professora Titular do Departamento de Astronomia do Instituto de Física da UFRGS. Obteve seu doutorado em 1987, no próprio Instituto de Física, tendo feito estágios de pós-doutoramento na Universidade de Maryland, Washington, no Instituto do Telescópio Espacial Hubble, em Baltimore, no Rochester Institute of Technology, Rochester, e no Harvard/Smithsonian Center for Astrophysics, nos Estados Unidos. Seu trabalho de pesquisa sobre buracos negros supermassivos em galáxias tem tido grande repercussão internacional, estando entre os cientistas brasileiros mais citados no exterior na área de Astrofísica. É membro do comitê diretor do Observatório Gemini, um consórcio de 7 países que administra dois telescópios gigantes de alta tecnologia, do qual o Brasil faz parte. É membro da Academia Brasileira de Ciências e da Academia de Ciências do Mundo em Desenvolvimento (TWAS). No ano de 2015, recebeu o prêmio LOreal/UNESCO Pa',-1,222,91,10),(412,'SEED - Startups and Entrepreneurship Ecosystem Development, uma fábrica da inovação em Minas Gerais','2016-11-10','11:30:00','12:15:00','Abordagem do programa de aceleração do governo, o SEED, juntamente com empreendedores, apresentando cases de sucesso.','Empreendedorismo','Secretário Miguel Corrêa, Subsecretário Leonardo Dias e representantes de Startups do SEED. ',-1,222,91,10),(415,'Daniel Matros e Tim Kjell: Transformando campeões','2016-11-11','12:30:00','14:00:00','Muitos pretendem criar equipes de sucesso em locais de trabalho ou nos esportes. Alguns triunfam, outros não. Daniel e Tim criaram o que outros diriam impossível: uma equipe que alcançou tanto sucesso que se tornou a primeira no mundo a ganhar 5 títulos consecutivos de campeonato. Para continuar à frente da competição, Daniel e Tim elaboraram uma abordagem nada convencional e aplicaram suas experiências em negócios em uma recente marca. Eles contarão essa jornada, o aprendizado com os erros, os benefícios desse método e como alcançaram lucro e sucesso.','Game','Daniel Matros vive atualmente em Dubai e trabalha junto a uma agência aperfeiçoando a Comunicação Digital e Marketing dos países da região. Em Estocolmo, ele trabalhou na EAC/DICE como produtor no título de sucesso do aclamado internacionalmente Battlefield e também criou sua própria fundação de caridade realizando arrecadação de fundos para orfanatos através de videogames em várias partes do mundo. Ele foi um dos fundadores e gerentes do time Fnatic Battlefield que competiram em 5 majors globais em uma disputa e que dominou a cena por três anos. Ele também é fluente em 5 línguas, gosta de gatos e viaja constantemente para ver o mundo e experienciar outras culturas.  Por quase uma década, Tim Kjell trabalhou pelo mundo todo como designer de game e produtor de streaming em franquias como Battlefield, Mirrors Edge, Need for Speed, Angry Birds, World of Warcraft and Cities Skylines. Com um padrão de atuação bem competitivo, Tim se tornou bem sucedido em esportes e e-sports, reivindicando um título de Floorball em um Campeonato Suíço e dois títulos consecutivos em Battlefield 1942. Mais tarde, treinou a maior organização de e-sport no mundo que competiu por 5 majors globais. Com uma grande habilidade de analisar comportamentos de grupos ele pode rapidamente dizer quais áreas necessitam de aprimoramento para alcançar novos patamares e alcançar o impossível. À parte do mundo digital que toma grande parte da vida de Tim, ele também é mergulhador e navegador.',-1,222,91,10),(416,'O Poder do Big Data','2016-11-11','14:00:00','15:00:00','A Era da Informação está reinventando toda forma de funcionamento da sociedade e para acompanhar essa transformação o uso de big data e inteligência artificial deixou de ser algo opcional e tornou-se imprescindível. Cappra vai trazer casos reais de aplicação da ciência da informação para criar e sustentar poderosas estratégias e vai provar que dados podem ser transformados em uma fonte de poder.','Outros','Cientista-chefe de dados na Cappra Data Science e do laboratório de big data Mission Control, ele e seu time de cientistas ajudam pessoas e empresas a tomarem melhores decisões orientadas por inteligência analítica. Entre os clientes atendidos estão o governo dos EUA, Coca-Cola, Whirlpool, Banco Mundial, Rede Globo, Ambev,Banco Itaú…',-1,222,91,10),(417,'MINAS O LUGAR CERTO PARA INOVAR! Parte II','2016-11-11','15:00:00','15:45:00','Abordagem de todos os programas da Secretaria de Desenvolvimento Econômico, Ciência, Tecnologia e Ensino Superior - SEDECTES, que contribuem com o ecossistema de empreendedorismo e inovação do Estado de Minas Gerais.','Desenvolvimento, Empreendedorismo','Secretário Miguel Corrêa da Silva Júnior e o Subsecretário Leonardo Dias',-1,222,91,10),(418,'Tsunami Digital','2016-11-11','18:15:00','19:00:00','-','Outros','Marcelo Szuster é graduado em Engenharia Elétrica pela UFMG e possui MBA em Finanças pelo IBMEC. Tem como foco de atuação o desenvolvimento de projetos que elevem as áreas de TI das empresas a nível estratégico, permitindo que elas gerem valor real para seu negócio, continuamente e em curto prazo. Trabalha com a aplicação de conceitos como Agile, Lean Manufacturing e Lean Startup.',-1,222,91,10),(419,'Carreira do Desenvolvedor de Software','2016-11-11','19:00:00','20:00:00','Ser desenvolvedor de software é difícil... Desenvolver software já é uma atividade complexa por natureza, a tecnologia avança com muita velocidade e muitos projetos são até nocivos! Avançar na carreira é confuso e as opções são muitas! Por isso, é importante o contato com quem já passou por tudo isso e está disposto a compartilhar o que deu certo e o que foi um fracasso total! Se você quer ser desenvolvedor de verdade, ou se já é desenvolvedor e quer dar um salto na sua carreira, venha participar desse painel em que alguns dos maiores desenvolvedores de software presentes na primeira edição da Campus Party Minas Gerais vão conversar abertamente com você sobre o que eles fizeram e que deu muito certo ou que foi um completo desastre!','Desenvolvimento','Bruno Souza é Consultor da Summa Technologies e especialista em Cloud Computing na ToolsCloud e é conhecido como “JavaMan”. Evangelista Java e open source, trabalha no fortalecimento de comunidades de desenvolvedores. Como diretor mundial de Open Source na Sun Microsystems, coordenou importantes comunidades como NetBeans e OpenSolaris. Fundou e foi presidente do SouJava, onde ajudou a criar a Comunidade Mundial de Grupos de Usuários Java. Desenvolvedor Java desde o surgimento da tecnologia, participou de alguns dos maiores projetos Java do país. Palestrante de renome internacional, já realizou centenas de apresentações em todo o mundo. Bruno é Diretor Honorário da Open Source Initiative (OSI), onde discute a evolução do movimento open source. Já foi presidente do Instituto Campus Party, onde fomentou inovação no Brasil. Coordenador do Nuvem, o Núcleo de Pesquisas em Virtualização e Mobilidade do LSI/USP. http://java.mn/about/#jp-carousel-31   Professor Isidro é Doutor em Engenharia da Computação, Mestre e Bacharel em Ciência da Computação. Atualmente Professor Universitário, Pesquisador e Empreendedor, desenvolve pesquisas nas áreas de Game Development, Cloud Computing, Mobile e Ensino de Programação. Sonha e trabalha (muito) para termos um Brasil mais programador e empreendedor.',-1,222,91,10),(420,'Biohacking, um novo termo para uma prática bem antiga','2016-11-10','10:30:00','11:15:00','Serão abordados os impactos físicos e sociais do uso de biochips implantáveis com finalidade de modificação corporal para ganho de funcionalidade inexistentes no corpo humano. Também serão apresentados os novos modelos de biochips NFC implantáveis flexíveis e inquebráveis, a serem lançados no mercado a partir de 2017, que estão em fase de testes pelo Área31 Hackerspace e outros hackerspaces pelo mundo. Serão apresentados riscos físicos e lógicos, bem como métodos para proteger os dados de um biochip NFC contra alterações desautorizadas ou sequestro de dados (ransomware biológico).','Desenvolvimento','Raphael Bastos é Ex-estudante de Engenharia Eletrônica e de Telecomunicação, um dos autores do SlackBook-ptBR, o livro oficial do Slackware Linux, fundador do Grupo de Usuários Slackware de Minas Gerais (GUS-MG), membro do Grupo de Usuários Slackware do Brasil (GUS-BR), realizador dos eventos II Oficina Livre, Slackware Show Brasil e BHACK Conference, Desenvolvedor Funtoo Linux, fundador do Área 31 Hackerspace, editor e mantenedor da SlackZine, mantenedor do site hackstore.com.br. trabalha atualmente com consultoria de servidores, Linux, Unix, *BSD, bancos de dados, altíssima disponibilidade, capacity planning, replicação, integração de ambientes e/ou sistemas operacionais, segurança da informação e defesa cibernética, MTAs, redes, virtualização, cloud computing e clusters. Tem experiência com pesquisa e desenvolvimento de sistemas operacionais, montagem e hacks de scanners 3D, impressoras 3D e eletrônica geral. Amante de sistemas Linux, BSD e híbridos, como o Gentoo e Funtoo.',-1,222,92,10),(421,'Entendendo as ameaças do seu dia a dia: malware, conceitos e técnicas','2016-11-10','11:30:00','12:15:00','A indústria de malware recebe muito desenvolvimento devido suas aplicações financeiras e militares, e nós usuários acabamos sofrendo com isso, assim como nós acadêmicos gostamos de estudar esses desenvolvimentos, afinal, é computação. A ideia aqui é ensinar para os usuários comuns como identificar comportamento de malwares e entendê-los e dar um caminho e uma base para entusiastas começarem seus estudos.','Segurança/Redes','Gabriel Garcia, estudante de Ciência da Computação na PUC Minas, pesquisador membro do CArT (Computer Architecture and Parallel Processing Team) da PUC Minas com grande interesse em segurança da informação com foco em criptografia. Campeão da IX Maratona de Programação Paralela (nível nacional) e speaker do Roadsec, Latinoware, XtremeSecurity, entre outros.',-1,222,92,10),(422,'Redes sociais livres e federadas como alternativas às redes privadas e espionadas.','2016-11-10','14:00:00','14:45:00','Essa palestra abordará as mídias sociais livres e federadas desenvolvidas por comunidades de software livre ao redor do mundo e que são alternativas às mídias privadas. Em tempos de falta de privacidade em redes onde você é o produto e todos são espionados, é importante conhecer alternativas como o Diaspora, Hubzilla, GNU Social, pump.io, e Noosfero, que são softwares que você mesmo pode instalar no seu servidor, usar livremente e se conectar a outras redes. As características de cada mídia, suas vantagens e desvantagens serão apresentadas.','Software Livre','PH Santana é bacharel em Ciência da Computação pela UFPR, trabalha com administração de redes e sistemas GNU/Linux em Curitiba. Entusiasta de Software Livre, participa de diversos grupos de atuação como a Comunidade Curitiba Livre e a Associação Software Livre.Org. Palestrou em edições do FISL, da Latinoware e da Campus Party Brasil. Coordenou a organização de eventos em Curitiba como o Festival Latino-americano de Instalação de Software Livre (FLISOL), o Software Freedom Day (SFD), o Education Freedom Day, o Document Freedom Day, e o Circuito Curitibano de Software Livre. Coordenou a organização da grade de programação do Fórum Internacional de Software Livre 2015 (FISL16) e 2016 (FISL17). Curador de Software Livre da Campus Party Brasil desde 2013 e da Campus Party Recife desde 2012.',-1,222,92,10),(423,'Robôs Psíquicos: O que a robótica tem a ver com a psicologia?','2016-11-10','15:00:00','15:45:00','Cada vez mais, a robótica tem oferecido contribuições para diferentes aplicações no âmbito da psicologia, como no tratamento de algumas condições psicológicas, por exemplo. Na presente atividade, será oferecido um breve panorama de como a robótica tem contribuído com a psicologia por meio principalmente do campo que é conhecido como interação humano-robô (human-robot interaction). Também será discutido como os robôs provavelmente impactarão futuramente o cotidiano das pessoas e o modo como psicólogos conduzem suas atividades profissionais. A atividade também contará com uma demonstração ao vivo do robô NAO, um robô desenvolvido para interação com humanos que guarda grandes promessas para as áreas da psicologia e educação.','Robotica, Science','André Rabelo   Criador do canal Minutos Psíquicos, psicólogo, mestre em psicologia social pela Universidade de Brasília (UnB), professor de psicologia no Centro Universitário do Distrito Federal (UDF) e doutorando em psicologia social na UnB.  Artur Mainardi   Artur Mainardi Jr, CEO e fundador do Grupo Somai e da Humanoide Brasil, com mais de 30 anos de experiências em negócios voltados para educação, tecnologia e robótica educacional. Palestrante, consultor educacional no mercado Angolano. Responsável pelos dois primeiros campeonatos brasileiros de robótica da liga LEGO® pela FIRST.',-1,222,92,10),(424,'Competições de robótica como ferramenta educacional','2016-11-10','16:00:00','16:45:00','A robótica é uma área interdisciplinar que motiva e faz fluir a imaginação de crianças, jovens, adultos e estudantes de todas as idades. A construção um robô exige habilidades em mecânica, eletrônica, programação e até mesmo design (inclusive artístico) que pode ser feito por uma ou um grupo de pessoas agrandando a todos os gosto e levando em conta as competências de cada um. As competições de robótica acontecem anualmente sendo realizadas em âmbito, regional, estadual, nacional e internacional. Por meio das competições podemos desenvolver habilidades sociais e cognitivas além de permitir ao aluno o contato com conteúdos das disciplinas regulares de uma forma lúdica e motivadora. Nesta apresentação serão mostradas as principais competições de robótica, seus custos e os conhecimentos tecnológicos necessários para que uma escola ou entidade de ensino possa utilizá-la no dia a dia.','Robotica','Eduardo Bento Pereira  Possui doutorado e mestrado em Engenharia Eletrônica e Computação, área de Sistemas e Controle pelo Instituto Tecnológico de Aeronáutica - ITA e é graduado em Engenharia Industrial Elétrica pela Universidade Federal de São João del-Rei. Eduardo é professor adjunto do Departamento de Engenharia Elétrica da UFSJ, coordenador do Núcleo de Robótica e Tecnologias Assistivas da UFSJ (CyRoS) e do programa de extensão em robótica educacional da Olimpíada Brasileira de Robótica (OBR). Tem experiência prática na área de engenharia elétrica, com ênfase em instrumentação e automação industrial. Atualmente, trabalha com ensino, pesquisa, desenvolvimento, extensão e inovação em robótica, controle, automação, internet das coisas, sistemas embarcados e tecnologias assistivas.',-1,222,92,10),(425,'Computação na Educação como Motivação ao Aprendizado de Ciências, Tecnologia, Engenharia e Matemática','2016-11-10','17:00:00','17:45:00','Na palestra serão apresentados o contexto, os principais conceitos e alguns exemplos da utilização da computação, especialmente do aprendizado da programação, como elementos motivadores para o aprendizado e o aumento do interesse em ciências, tecnologias, engenharias e matemática. Serão apresentados alguns resultados obtidos com crianças, preadolescentes, adolescentes e adultos. Destacam-se os resultados obtidos com alunos do primeiro período do curso Ciência da Computação da PUC Minas. No final da palestra, será apresentado um projeto que será implementado a partir de 2017 e será apresentado um convite/desafio para a plateia participar do projeto.','Science','Carlos Augusto Paiva da Silva Martins  Professor da PUC Minas, com graduação em Engenharia Elétrica pela PUC Minas, mestrado em Engenharia Elétrica pela UFMG e doutorado em Engenharia Elétrica pela USP.',-1,222,92,10),(426,'Centro de Inovação da Microsoft - MIC Projetos, Startups e Inovação','2016-11-10','18:00:00','18:45:00','Transformação Digital é um dos principais elementos da 4a Revolução Industrial. Nessa palestra são abordados os projetos, startup e ações do Microsoft Innovation Center, alinhados a visão de futuro da Microsoft e da transformação digital.','Empreendedorismo','Sandro Jerônimo',-1,222,92,10),(427,'O avanço da tecnologia para o rastreamento de animais','2016-11-10','21:30:00','22:15:00','Nessa palestra, Vinícius vai abordar sobre a importância do rastreamento de animais selvagens. Além disso, o biólogo irá falar sobre os avanços das tecnologias de rastreamento ao longo do tempo, comparando os métodos mais antigos com os mais atuais.','Science','Vinícius de Paula Ferreira   Biólogo e apresentador do canal Papo de Biólogo, no Youtube, e do programa Sábado Animal da Band. Trabalho com manejo de animais silvestres / exóticos e educação ambiental. Trabalhei como biólogo no programa É De Casa, da Globo, no Record News, da Record e no Super HDB, do Rede Vida. Ministro cursos e palestras para estudantes de biologia e medicina veterinária. Membro da equipe e produtora GREEN PLANET STUDIOS, do Richard Rasmussen. Acompanho em algumas viagens da National Geographic.',-1,222,92,10),(428,'Cura Quântica - Ciência e Ultra Slow Motion','2016-11-10','22:30:00','23:15:00','Em meio a demonstrações experimentais, Lucas e Vinícius vão falar um pouco sobre ciência e a importância de sua divulgação na sociedade. Pra isso, contarão com Ultra Slow Motion gravado ao vivo e interações com os campuseiros.','Science','Lucas Coelho Mitre  Estudante de Física da UFMG; Divulgador científico - Idealizador e cofundador do Canal Cura Quântica/ Membro do ScienceVlogs Brasil.  Vinicius Marangon Mendes Sales  Estudante de Fìsica na UFMG e divulgador científico no Canal Cura Quântica.',-1,222,92,10),(429,'Firebase - Esqueça o servidor, a onda agora é serveless','2016-11-11','10:30:00','11:15:00','Conheceremos o Firebase; produto do Google que revolucionou o conceito de armazenamento e desenvolvimento de aplicações web e mobile. Veremos as ferramentas que oferece e implementaremos um chat utilizando duas delas. Esqueça o backend, a onda agora é serverless!','Desenvolvimento','Tiago Gouvêa é Full stack developer e fazendo códigos desde o século passado. Empreendeu em empresas de tecnologia, foi premiado com o \"melhor software de envio de mailmarketing\" em 2011, criou software para milhares de usuários, recebeu investimentos do BNDES e viu que números não dizem muito, o que importa são as pessoas. Atualmente é Organizer do Google Developers Group em Juiz de Fora, diretor de T.I na Phormar e fundador da Inspirar Digital. Se interessa e desenvolve projetos que apresentem um bom desafio e diversão. Incentiva as pessoas a começarem a programar através de seu blog e canal no youtube. Apaixonado por tecnologia e viciado em café.',-1,222,92,10),(430,'Oficina de Wearables - Parte II','2016-11-11','10:30:00','12:30:00','Desenvolvimento de leds endereçáveis para serem costurados em um óculos ou mochila com o objetivo de criar uma sinalização em ciclistas.   A oficina será limitada para 30 participantes  Os participantes devem levar notebook e um óculos ou mochila a ser customizada.  É importante que o participante leve seu notebook com a IDE do arduino instalada.  Link para baixar a IDE: http://bit.ly/1R2xniM  Conteúdo do kit:  - Anel de LED RGB x16 WS2812 5050 - Placa Arduino Pro Mini ATmega328P 5V 16MHz - Módulo Carregador de Baterias de Lítio TP4056 - Bateria de Litium   O kit terá o valor de R$181,50.  Para efetuar a compra, copie e cole o seguinte link no seu navegador: https://goo.gl/urcHF6   Obs. Os kits serão entregues aos participantes no início da oficina.  Informações: gedeanegomes@hotmail.com','Maker/Hw','Carolina de Souza Marini dos Santos   Diretora de criação no Isvor/FCA Group - Latam e Fab Manager do Fab Lab ISVOR desenvolvendo cursos e treinamentos direcionados a mudança de mindset e Cultura Maker. Atua no Movimento Maker Minas como co-fundadora, organizadora e curadora.  Gedeane Kenshima   Mestranda em Automação e Controle de Processos, Engenheira de Controle e Automação, Técnica em Automação Industrial, todos pelo IFSP. Atualmente trabalha como Montadora na Tudela Indústria. Pesquisadora no LABORE (Laboratório de Robótica e Reabilitação do IFSP). Hobbista e Maker, realizou projetos, palestras e oficinas nas áreas de Arduino, Wearables voltados para entretenimento e Mulheres no mundo Maker. Fã de Angry Birds  Carla Werkhaizer:   Designer proprietária da DesignBot Agência Remoto, coordenadora geral e fundadora do BH Arduiners MeetUp, pós-graduada em Design de Interação (PUC MG - 2015), graduada em Comunicação Social (PUC MG -1998) e História da Arte (Eurocentro - Italia - 1995). Atua no Movimento Maker Minas como co-fundadora, organizadora e curadora.',-1,222,92,12),(431,'A Disrupção da Educação na Tecnologia','2016-11-11','11:30:00','12:15:00','Já faz algum tempo (talvez muito tempo) que o modelo educacional brasileiro é o mesmo. Será que o horário das aulas é o melhor para um aprendizado mais efetivo? As disciplinas ensinadas são suficiente para formar uma nova geração de pensadores e criadores? Será que a tecnologia não deveria ser um aliado dos professores e alunos, embora, seja visto como um motivo de perca de produtividade? Vamos refletir um pouco sobre como as mudanças no mundo devem influenciar o jeito que estamos acostumados aprender as coisas.','Outros','Miquéias Lopes  Fundador da Academia Jedi - Centro de Treinamento de Tecnologia, Sócio-Fundador da NuboHost, professor universitário, podcaster e apaixonado por educação e empreendedorismo.',-1,222,92,10),(432,'Modelagem 3d para iniciantes','2016-11-11','13:00:00','13:45:00','-','-','-',-1,222,92,10),(433,'Aprendendo programação pra valer','2016-11-11','14:00:00','14:45:00','Você acredita que saber programar será essencial no futuro, ou que já é essencial hoje mesmo? Mas está difícil sair do zero? Esta apresentação é para todos aqueles que querem aprender mais não sabem por onde começar, qual linguagem escolher nem como estudar.','Desenvolvimento','Tiago Gouvêa é full stack developer e fazendo códigos desde o século passado. Empreendeu em empresas de tecnologia, foi premiado com o \"melhor software de envio de mailmarketing\" em 2011, criou software para milhares de usuários, recebeu investimentos do BNDES e viu que números não dizem muito, o que importa são as pessoas. Atualmente é Organizer do Google Developers Group em Juiz de Fora, diretor de T.I na Phormar e fundador da Inspirar Digital. Se interessa e desenvolve projetos que apresentem um bom desafio e diversão. Incentiva as pessoas a começarem a programar através de seu blog e canal no youtube. Apaixonado por tecnologia e viciado em café.',-1,222,92,10),(434,'Bioinformática: ciência de fronteira que faz a ponte entre exatas e biológicas','2016-11-11','16:00:00','16:45:00','Imagine uma ciência cuja rotina é processar dados em 60 núcleos de processamento, construir grafos de 15.000 nós, simular estruturas tridimensionais de proteínas e reconstruir sequências de DNA a partir de dezenas de milhares de fragmentos. E tudo isso usando softwares livres. Esse é o cotidiano do bioinformata, um cientista que transita entre a Biologia, a Química e a Computação. Nesse painel daremos um panorama geral sobre do que trata essa ciência, mostrando seu potencial interdisciplinar, que agrega pesquisadores tanto da área de exatas quanto de biológicas.','Software Livre','Carlos Henrique Miranda Rodrigues: Bacharel em Sistemas de Informação pela Unimontes no norte de Minas onde atuou na área de desenvolvimento de sistemas para a internet e com análise de sistemas. Atualmente está no segundo ano do mestrado em Bioinformática com ênfase em biologia estrutural e análises computacionais do efeito de mutações em proteínas, utilizando modelos preditivos de aprendizado de máquina.\"  Frederico Gonçalves Guimarães: Biólogo e, atualmente, professor da rede pública municipal de Belo Horizonte, onde trabalha no desenvolvimento do GNU/Linux utilizado nas escolas municipais. Ativista do movimento de software livre desde 2000, onde atua na tradução, especialmente de softwares educacionais. Atualmente é aluno de mestrado na Fiocruz Minas, onde trabalha com redes de interações de proteínas.  Grace Tavares: Bióloga, bacharel pelo Centro Universitário UNA-MG, com ênfase em Biotecnologia e Meio Ambiente (2013) e Mestre em Ciências, com área de concentração em Genômica funcional, evolução e filogenômica, pelo programa de pós-graduação em Biologia Computacional e Sistemas do Instituto Oswaldo Cruz-Fiocruz-RJ (2016). Atualmente é aluna de Doutorado pelo mesmo Programa. Tem experiência nas áreas da Biologia Celular e Molecular, Microbiologia e Bioinformática, atuando principalmente na identificação e caracterização do papel biológico de Proteínas e Regiões Intrinsecamente Desordenadas.  Leilane Oliveira Gonçalves: Bacharel em Ciências Biológicas com ênfase em Biotecnologia e Meio Ambiente pelo Centro Universitário UNA. Atualmente é aluna de mestrado do Programa de Pós-Graduação em Ciências da Saúde pela Fiocruz Minas, trabalhando com análises de transcriptoma.',-1,222,92,10),(435,'Atividade Monstro: Arduino, sensores e atuadores','2016-11-11','17:00:00','17:45:00','Nesta palestra você vai aprender conceitos básicos de Arduíno, sensores e atuadores e as aplicações em sistemas embarcados e robótica.  ? Essa palestra faz parte da Atividade Monstro.  Percebemos nos dias de hoje que a variedade de informações a nossa volta é grande e envolve diversas áreas. A ideia da Atividade Monstro é criar um ambiente colaborativo entre os palestrantes e os campuseir@s que estão na platéia, para juntos imaginarem e desenvolverem uma idéia que será explorada em 3 campos diferentes, em 3 palestras:  Parte I - Modelagem 3D  Introdução à Modelagem 3D: Workshop Ciência e Inovação, dia 11/11/2016 das 13h00 às 15h45;  Parte II - Robótica: Arduino, sensores e atuadores: Palco Ciência e Inovação, dia 11/11/2016, das 17h00 às 17h45;  Parte III - Casemod: Como aplicar a Identidade do Game a Um Casemod, envolvendo não só o Casemod como a utilização de Hardware Livre, Robótica. (Essa etapa será realizada nas bancadas sinalizadas).  Venha participe, você faz parte dessa historia, dessa construção.','Robotica','Henrique Foresti   Henrique Foresti é mineiro, natural de Varginha, atua nas áreas de Robótica e Eletrônica Embarcada. É engenheiro de sistemas do CESAR, idealizador da plataforma Robô Livre e professor do curso tecnólogo em Engenharia Mecatrônica do SENAI. Graduou-se em Ciências da Computação pela UEMG e é Mestre em Engenharia Mecânica pela UFPE. É curador da área de Robótica da Campus Party e desenvolve projetos de pesquisa e inovação em parceria com diversas instituições, em especial nas áreas de robótica pedagógica, robôs terrestres, veículos aéreos não tripulados e plataformas de telemetria, processamento e comunicação.',-1,222,92,10),(436,'Observação da Lua','2016-11-11','18:00:00','18:45:00','A Selenografia é o estudo científico da Lua. Quando o selenógrafo observa a Lua que vemos atualmente, na realidade, ele enxerga o resultado da consequência de incontáveis eventos que aconteceram nos últimos 4,5 bilhões de anos. A importância da Selenografia está no fato de que, nosso satélite natural, nos ajuda a entender e conhecer mais sobre a origem e a evolução da Terra e dos demais planetas do Sistema Solar. Apesar de conter as mesmas formações observadas pelo renomado cientista Galileo Galilei, há mais de 400 anos, nosso satélite natural sempre apresenta formas surpreendentes e diferenciadas através da ocular. A Lua muda constantemente o aspecto visual de suas formações, devido aos seus movimentos que causam mudanças de luz e sombras, criando sempre novidades observacionais. Se o assunto é observação astronômica, perante nosso ponto de vista aqui da Terra, a Lua é mesmo um “gigante cósmico”. Mesmo atualmente dispondo de mapas lunares bem detalhados e julgados completos, o selenógrafo especialista encara tais impressos apenas como uma referência. O verdadeiro campo de provas é a real superfície lunar, vasculhada sob os olhos atentos e experientes, bem diferente de uma folha de papel, pois ainda existem muitos mistérios a serem revelados na Lua, que se escondem nas interessantes formações presentes em sua marcada e marcante superfície.','Astronomia/Aeroespacial','Ricardo José Vaz Tolentino  O Prof. Vaz Tolentino iniciou suas pesquisas em Astronomia há 8 anos por meio do estudo científico da Lua (selenografia) e atualmente trabalha na identificação e catalogação do relevo lunar e no registro sistematizado desse satélite e de planetas. Atua também, na preparação de professores, alunos e demais interessados em Astronomia Observacional, além de promover mostras sobre a Lua e demais objetos celestes. Algumas de suas selenofotografias revelaram descobertas não catalogadas de crateras fantasmas na Lua, o que lhe gerou reconhecimento nos EUA e na Austrália. O Professor Tolentino é membro da The Planetary Society – USA e escreve um blog sobre selenografia para a Sociedade Planetária – Brasil. O Prof. Vaz Tolentino tem uma série de astrofotografias publicadas em reconhecidos websites internacionais e nacionais, como o LPOD – Lunar Photo Of the Day e The Maitland Mercury Magazine, CIENCTEC/Space Today, Sky and Observers, Astronomia no Zênite e o Boletim Observe. O professor foi um dos destaques em duas edições do Encontro Nacional de Astronomia (16º ENAST e 18º ENAST). Também participou dos eventos Campus Party 2014 e 2015, ministrando palestras sobre selenografia. O Prof. Vaz Tolentino é o mantenedor e o responsável técnico do website (www.vaztolentino.com.br) e do observatório que leva seu nome, o Observatório Lunar Vaz Tolentino.',-1,222,92,10),(437,'Desenvolvendo em Qt para multi dispositivos.','2016-11-11','20:30:00','21:15:00','Uma das maiores dificuldades para os programadores hoje, é escolher uma linguagem de programação e framework que esteja presente nas plataformas e arquiteturas atuais. Atualmente temos Windows, MacOSX, Linux, Android, e IOS, e a grande questão ? Como desenvolver um software nativo para essas plataformas sem ter que reescrever o programa em suas IDEs específicas ? A resposta é o framework que vem crescendo à passos largos chamado Qt. Qt é um framework que tem seu conjunto de classes que abstrai a maioria das funcionalidades necessárias para se desenvolver um aplicativo. Qt Creator também é feita inteiramente usando o framework Qt. Desenvolva seu aplicativo e compile para várias plataformas. Pode até ser que você nunca tenha ouvido falar do Qt, mas ele está no seu dia a dia, podemos destacar a interface gráfica do Linux chamada KDE, Oracle VirtualBOX, um mixador de áudio chamado Mixxx, e o famoso programa de eletrônica chamado Labcenter Proteus. Também muito utilizado na indústria, e em plataformas crítias de tempo real, como QNX e VxWorks, comum em equipamentos industriais, equipamentos de defesa e segurança, equipamentos hospistalares.','Desenvolvimento, Software Livre','João Ricardo Pagotto é desenvolvedor de software desde 2001, amante de programação e eletrônica, programador C/C++, OpenGL, Delphi, Android, Qt, Arduino, PIC. Desenvolvedor Senior na Maxibyte Sistemas, diretor da SimCORE Simuladores de voo. Pesquisa novas tecnologias, de preferência aquelas que sejam multiplataforma. Programador em Qt desde 2010, ministro apresentações do Qt em universidades e eventos de software livre e tecnologia.',-1,222,92,10),(438,'MACRO – Mecatrônica, Controle e Robótica','2016-11-11','21:30:00','22:15:00','MACRO é um grupo de pesquisa em mecatrônica, controle e robótica da Universidade Federal de Minas Gerais. Nesta palestra, o professor Dr. Guilherme Raffo, juntamente com os membros da equipe de competição Autobotz, Pedro Blanc e Rafael Almeida, irão contar um pouco de seus trabalhos. Inicialmente serão apresentados alguns trabalhos desenvolvidos no MACRO, dando um enfoque maior ao projeto ProVANT sobre o desenvolvimento de um veículo aéreo não tripulado convertível. Em seguida, os membros da Autobotz relatarão os desafios de competir nacionalmente na competição de robôs autônomos IEEE OPEN.','Robotica','Guilherme V. Raffo   Possui graduação em Engenharia de Controle e Automação pela Pontifícia Universidade Católica do Rio Grande do Sul - PUC-RS, Brasil, (2002), especialização em Automação Industrial pela Universidade Federal do Rio Grande do Sul - UFRGS, Brasil, (2003), mestrado em Engenharia Elétrica pela Universidade Federal de Santa Catarina - UFSC, Brasil, (2005), mestrado em Automática, Robótica y Telemática (2007), doutorado em Ingeniería Industrial (2011) pela Universidad de Sevilla, Espanha, e pós-doutorado na Universidade Federal de Santa Catarina - UFSC, Brasil. Atualmente é Professor Adjunto do Departamento de Engenharia Eletrônica da Universidade Federal de Minas Gerais – UFMG e co-líder do Grupo de Pesquisa MACRO – Mecatrônica, Controle e Robótica. Sua linha de pesquisa atual inclui veículos autônomos, sistemas com atraso, controle não-linear, controle robusto, teoria H-infinito, controle preditivo, robótica e sistemas sub-atuados.  Rafael Santos de Almeida   Técnico em Automação Industrial pelo Colégio Técnico da UFMG e graduando em Engenharia de Controle e Automação pela UFMG. Possui experiência em informática industrial voltado para a indústria automobilística. Membro da equipe Autobotz há seis meses, onde atua principalmente como projetista eletrônico. Atualmente está envolvido nos projetos de um robô seguidor de linha e de um barco autônomo.  Pedro Blanc   Cursou Técnico em eletrônica no Colégio Técnico da UFMG, onde desenvolveu um teclado musical de toque com microcontrolador PIC para seu projeto de fim de curso. Fez uma iniciação científica em eletromagnetismo computacional antes de entrar para a Autobotz, equipe de robótica onde está a um ano e meio. Participou da Competição Latino Americana de Robótica representando a UFMG com um barco robótico autônomo. Canta no Coral da Engenharia.',-1,222,92,10),(439,'Live Game Code','2016-11-11','22:30:00','23:15:00','Que tal desenvolver um game? E ainda mais: do zero! Em java! E ao vivo! Pois é, neste Live Game Code mostraremos aos campuseiros que é possível se desenvolver um game do zero, quando se tem fundamentos, conhecimento teórico e pratico e,claro, muita paixão pelo que se faz.','Desenvolvimento','Francisco Isidro é professor universitario, pesquisador nas areas de Game Development, Mobile, Cloud Computing e Ensino de Programação. Não perde uma oportunidade de abrir seu notebook e começar a desenvolver. Apaixonado pela computação, incentiva e está ao lado de todos os que desejam seguir por esta área tão fantástica.',-1,222,92,10),(440,'Acelerando startups com softwares livres','2016-11-12','10:30:00','11:15:00','Nos últimos anos, foram testados e avaliados as principais alternativas open source existentes no mercado. Nesta atividade, será apresentado as melhores iniciativas open source disponíveis, como ferramentas, plataformas e aplicações que podem ser úteis para a aceleração de ideias e startups. Também será mostrado cases de sucesso que utilizaram softwares livres em seu desenvolvimento e falado sobre o importante papel das comunidades na construção dos softwares.','Software Livre','Lucas Barbosa - Graduando em Ciência da Computação, é empreendedor há 6 anos. Trabalhou com crowdfunding e produção de eventos. É idealista desde criança, sempre tentou validar ideias em força bruta, utilizando técnicas de marketing. Já validou mais de 10 startups. Atualmente trabalha na aceleradora Ificina utilizando softwares livres para o desenvolvimento de ideias validadas no Startup Weekend.  Iago Carvalho - Mestre em Ciência da Computação e aluno de Doutorado pela UFMG. Cientista por natureza, é entusiasta em softwares livres e trabalha com tecnologia desde criança. Está sempre tentando ajudar todo mundo a fazer uma ideia dar certo.  Wander Cruz - Técnico em Logística e estudante de Ciência da Computação do IF Sudeste MG. Apaixonado por tecnologia e inovação. Atualmente é desenvolvedor na aceleradora Ificina em Rio Pomba.  Luiz Manoel - Graduando em Ciência da Computação pelo IF Sudeste MG. Trabalha há 6 anos com manutenção de micros. Atualmente é desenvolvedor open source na Ificina Aceleradora.',-1,222,92,10),(441,'Integração de Android com Arduino usando APPInventor','2016-11-12','11:30:00','12:15:00','Essa palestra abordará uma integração do Arduino + Bluetooth + Android usando o AppInventor para criar um aplicativo para celular (.apk) que vai controlar 3 LEDs ou 3 Lâmpadas. Os exemplos e códigos fonte ficará à disposição dos participantes, para: • Controlar RGB com Slider; • Controlando Servo Motor; • Controlando Ponte H; • Carrinho com Servo Motor 360o; • LEDs com Comando de Voz; • Uma vídeo aula com 58 minutos, sobre como montar seu primeiro apk.  Público Alvo Alunos; Professores; Entusiastas; Curiosos; Hobistas; Todos aqueles que querem começar no mundo da criação de aplicativos para Android e Arduino.','Software Livre','Sergio Graças é Coordenador Técnico do NTM de Volta Redonda; Desenvolvedor do Projeto GNU/Linux Vrlivre; Administrador do Portal IAESMEVR; Administrador do Blog do Técnico Linux; Técnico de Informática SMEVR; Coordenador Técnico do Programa de Informática Aplicada à Educação de Volta Redonda; Colaborador do MEC/FNDE ministrando oficinas do Linux Educacional. Trabalhando com Robótica Livre desde 2009. Primeiro trabalho de Casemod/animatrônico apresentado na CPBR8 (JS-01) e no programa ENCONTRO com Fátima Bernardes da Rede Globo de TV (http://globotv.globo.com/rede-globo/encontro-com-fatima-bernardes/v/amigos- criam-robo-usando-apenas-materiais-reciclaveis/3938139/). Campuseiro desde 2009, com Palestras apresentadas na CPBR4 – Lousa Interativa com Software Livre, CPBR5 - Robótica Educacional com Software Livre, CPBR7 - Automação residencial livre, CPBR7 - Robótica Educacional com Software e Hardware Livres na Escola e CPBR8 - Construa seu robô reaproveitando materiais. Palestrante em diversos Eventos/Faculdades, tais como Latinoware, Flisol, USS, FOA, GNUGRAF, UGB, UBM; sergiogracas@yahoo.com.br www.facebook.com/sergio.gracas.3 www.iaesmevr.net youtube.com/smesergio iasmevr.blogspot.com tecnicolinux.blogspot.com',-1,222,92,10),(442,'O desenvolvimento da Robótica com Humanoides no Brasil à partir dos programas Educacionais','2016-11-12','14:15:00','15:00:00','Vamos apresentar alguns programas que estão sendo aplicados no Brasil, com Robótica Livre , Robôs humanóides e metodologias que envolvem múltiplas ferramentas. Falar um pouco sobre humanoides na educação, saúde e entretenimento. Apresentar o Humanoide NAO e ferramenta de programação.','Robotica, Science','Artur Mainardi   CEO e fundador do Grupo Somai e da Humanoide Brasil, com mais de 30 anos de experiências em negócios voltados para educação, tecnologia e robótica educacional. Palestrante, consultor educacional no mercado Angolano. Responsável pelos dois primeiros campeonatos brasileiros de robótica da liga LEGO® pela FIRST.',-1,222,92,10),(443,'Avaliação Final do Concurso Leve Seu Robô','2016-11-12','15:15:00','16:00:00','-','Robotica','-',-1,222,92,10),(444,'Agile: A incrível Fábrica de Post-it','2016-11-12','15:15:00','16:00:00','Esclarecer como boas práticas na execução de projetos ágeis, não podem conflitar com boas práticas de engenharia de software, como rastreabilidade de requisitos. Em destaque a utilização de post-it para a gestão de tarefas, destes estimativas à execução, elencando os pontos falhos e de controle que devem ser observados para garantir uma melhor eficiência.','Outros','Superintendente de Qualidade de Software - Welington Costa Monteiro',-1,222,92,10),(445,'Construção e avaliação de um cluster de 12 raspberry PIs, roda crysis?','2016-11-12','16:15:00','17:00:00','No laboratório de pesquisa de computação de alta performance, CArT, da PUC Minas, construimos um cluster constituido de 12 raspberry PIs para estudar a performance de computadores com baixo consumo de energia. A ideia é ensinar os conceitos de computação de alta performance, mostrar nossos resultados, o processo de construção e como o cluster funciona em uma demonstração física.','Desenvolvimento','Gabriel Garcia é estudante de Ciência da Computação na PUC Minas, pesquisador membro do CArT (Computer Architecture and Parallel Processing Team) da PUC Minas com grande interesse em segurança da informação com foco em criptografia. Campeão da IX Maratona de Programação Paralela (nível nacional) e speaker do Roadsec, Latinoware, XtremeSecurity, entre outros.',-1,222,92,10),(446,'Conheça a Lenda do Herói, game dos Irmãos Castro','2016-11-10','10:30:00','11:15:00','Jogo criado com música que muda de acordo com a trajetória do herói traz de volta o gênero de plataforma 2D tão admirado por nós. Criado em uma associação dos vlogueiros Castro Brothers com o Dumativa Creative Studio, o título chegou no começo de 2016 e é mais uma marca da associação entre criadores de conteúdo para internet e a cena brasileira de games','Game','Matheus Castro e Marcos Castro',-1,222,93,10),(447,'A crise destrói um mundo e constrói um universo','2016-11-10','14:00:00','14:45:00','O Brasil foi tomado por um cenário de recessão nunca antes visto, desemprego crescente e o poder de compra do brasileiro reduzido ao mínimo. Em contra-partida, nos polos mais periféricos das cidades, pequenos comércios surgem e com eles uma nova demanda, formada por pessoas que decidiram ser protagonistas e não apenas esperar pela próxima vaga de emprego. Esse nicho ainda carente das ferramentas certas, é um novo e ainda mal explorado mercado para desenvolvedores, designers e criadores de conteúdo.','Empreendedorismo','Miquéias Lopes é fundador da Academia Jedi - Centro de Treinamento de Tecnologia, Sócio-Fundador da NuboHost, professor universitário, podcaster e apaixonado por educação e empreendedorismo.',-1,222,94,10),(449,'Sonho de Jequi: um caso de sucesso!','2016-11-10','11:30:00','12:00:00','A história de um game que aborda a cultura mineira/brasileira leva os jogadores do mundo virtual para o real podendo ajudar a quem precisa. Uma mudança de paradigma na forma de lidar com os games e, por estes motivos, foi considerado pela Microsoft IC 2016 como o terceiro melhor game do mundo.','Game','Ramon Coelho da Tower Up Studios & Rodrigo Dias da Microsoft',-1,222,93,10),(450,'Marcas x Causas: discussões relevantes no ambiente digital','2016-11-10','15:00:00','15:45:00','E as marcas têm embarcado nessa onda e trazem discussões atuais para o contexto do mercado. Como elas têm se posicionado frente a discussões socialmente relevantes? Neste painel, Luiz Telles, Diretor Nacional de Conteúdo e Engajamento da Artplan, e Débora Lobo, Redatora da Artplan, comentam alguns cases – de sucesso ou não – e projetos de responsabilidade social, associados ou não à marcas, que circulam apenas no ambiente digital, ou começam nele e extrapolam para outros formatos. Os profissionais também comentarão como foi a concepção do projeto Dicionário de Gêneros (www.dicionariodegeneros.com.br), um espaço colaborativo que busca a inclusão da diversidade de gêneros através da língua, idealizado pela agência em parceria com o AfroReggae. O bate-papo também conta com a participação de Bárbara Aires, militante e ativista transexual, que já foi Presidente da ASTRA, conselheira estadual e municipal LGBT e hoje faz parte do coletivo PreparaNem. Ex-produtora do programa Amor e Sexo, da Rede Globo, a profissional hoje cursa Jornalismo para seguir carreira na área.','Marketing/Redes Sociais','\"Luiz Telles é Diretor Nacional de Conteúdo e Engajamento da Artplan desde 2015. O profissional conta com mais de 20 anos de experiência e acumula passagens em grandes agências do mercado, como Wunderman e Almap, além de experiência em anunciantes como Sky e American Express. Hoje é responsável por todas as ações em plataformas digitais oferecidas aos clientes da Artplan.  Débora Lobo é Redatora da área de Conteúdo e Engajamento da Artplan no Rio de Janeiro, onde desenvolveu o projeto Dicionário de Gêneros para o Grupo Cultural AfroReggae, uma iniciativa que abriu conversa sobre a diversidade de gêneros em diversos contextos. Graduada em publicidade pela ESPM e com especialização em redação publicitária pela Miami Ad School, a profissional tem passagens em agências como Ogilvy, AMO e Casa da Criação.  Bárbara Aires é militante e ativista transexual, e já foi Presidente da ASTRA, conselheira estadual e municipal LGBT e hoje faz parte do coletivo PreparaNem. Ex-produtora do programa Amor e Sexo, da Rede Globo, também prestou consultoria pra série Liberdade de Gênero do GNT, e para outra série do dominical Fantástico. A profissional hoje cursa Jornalismo para seguir carreira na área.\"',-1,222,93,10),(451,'As Dores e as Delícias de empreender em Educação no Brasil','2016-11-10','16:00:00','16:45:00','A educação é naturalmente um dos principais setores impactados pela tecnologia. Não por caso, muitos empreendedores escolhem esse caminho para dedicar seus esforços, sua criatividade e seus recursos, alguns com a expectativa de que não será difícil geral impacto e, quem sabe, ter grande sucesso no mercado de edutech. Entretanto, existem meandros específicos que fazem da educação um dos setores mais complicados para startups e inovadores em geral. Por outro lado, alguns retornos, tanto materiais como não-materiais, só podem ser alcançados por aqui. Pensou em empreender ou inovar em educação? Não perca essa palestra exclusiva, feita por quem passa, no dia a dia, pelas dores e delícias de empreender neste setor no Brasil.','Empreendedorismo','Clayton Dick é engenheiro pela POLI-USP e MBA em marketing pela FIA, com 18 anos de experiência no mercado de comunicação e educação. Atuou em diversas áreas do grupo Abril, passando por planejamento, distribuição, atendimento ao cliente, além da direção geral da Abril Coleções - unidade responsável pela produção e comercialização de cursos de idiomas, preparatórios para vestibulares e cursos de inclusão digital. Há três anos dedica-se ao Redação Nota 1000, plataforma focada no desenvolvimento da escrita de alunos a partir do 5º ano do Ensino Fundamental, com destaque na preparação do Ensino Médio para o ENEM e vestibulares.',-1,222,94,10),(452,'A importância de ensinar desenvolvimento de games para crianças e adolescentes','2016-11-10','16:00:00','16:45:00','As ferramentas de desenvolvimento de jogos voltadas para esse público, apresentando jogos desenvolvidos pelos alunos da SuperGeeks. SuperGeeks surgiu no Vale do Silício, Califórnia, Estados Unidos. Ensinam Ciência da Computação para crianças e adolescentes em todo o Brasil.','Game','Bruna Ribeiro Bernardes e João Paulo Freitas Bernardes',-1,222,93,10),(453,'A parte HARD de criar uma startup de HARDware','2016-11-10','17:00:00','17:45:00','...','Empreendedorismo','Caio Rocha é graduando em Administração de Empresas pela Universidade Federal de Itajubá, Cofundador e Diretor Executivo do Guimo (startup acelerada pela Baita Aceleradora de Campinas-SP), foi membro do Centro de Empreendedorismo UNIFEI, organizador do primeiro Startup Weekend Maker da América do Sul, Techstars Community Leader, Mentor de Startup Weekends, nerd, fotógrafo amador e apaixonado por tecnologia.',-1,222,94,10),(454,'A utilização da mídia online para a prática de educação ambiental','2016-11-10','17:00:00','17:45:00','Nessa palestra, Vinícius falará da importância da educação ambiental e como as redes sociais podem auxiliar nessa área. Além disso, o biólogo irá apresentar seus métodos e a sua didática para despertar o interesse do público.','Marketing/Redes Sociais','Vinícius de Paula Ferreira,  biólogo e apresentador do canal Papo de Biólogo, no Youtube, e do programa Sábado Animal da Band. Trabalho com manejo de animais silvestres / exóticos e educação ambiental. Trabalhei como biólogo no programa É De Casa, da Globo, no Record News, da Record e no Super HDB, do Rede Vida. Ministro cursos e palestras para estudantes de biologia e medicina veterinária. Membro da equipe e produtora GREEN PLANET STUDIOS, do Richard Rasmussen. Acompanho em algumas viagens da National Geographic.',-1,222,93,10),(455,'Terror X Campuseiros','2016-11-10','18:00:00','18:45:00','Terror desembarca em terras mineiras e desafia os campuseiros em uma gameplay eletrizante. Topa?','Game','Thiago Alves, mais conhecido como TerrorBionic produz vídeos sobre games há quase quatro anos, entre os maiores canais de games no Brasil. Seu canal já conta com mais de 1,7 milhões de inscritos com mais de 263 milhões de visualizações. Gameplays bem humorados e mais voltados ao entretenimento e a ZUEIRA.',-1,222,93,10),(456,'Empreendendo: o caminho das pedras','2016-11-10','17:00:00','17:45:00','Com uma abordagem bastante prática, a palestra irá fornecer além de informações sobre os passos necessários para que uma startup decole, dicas sobre melhores práticas, ferramentas e iniciativas de apoio ao empreendedor.','Empreendedorismo','Mariana é formada em Marketing com foco em experiência do cliente. Empreende desde os 14 anos e ao longo de sua carreira, se envolveu com várias iniciativas de educação empreendedora. Recentemente, se aprofundou em metodologias e ferramentas para desenvolvimento de negócios inovadores. Como coordenadora de aceleração da Startup Farm, trabalhou diretamente com mais de 60 startups, tendo se especializado em validação e refinamento de Proposta de Valor e Preparação de Pitch.',-1,222,94,10),(457,'Descubra o Poder do Networking','2016-11-10','18:00:00','18:45:00','Aprenda com a fundadora do app Beer or Coffee como o networking e a arte de fazer contatos significativos pode ajudar seu projeto ou negócio decolar. Você vai poder praticar durante a palestra. ;)','Empreendedorismo','Apaixonada por pessoas, Roberta Vasconcellos, acredita que sempre podemos aprender algo com quem conversamos, todos os dias. Empreendedora mineira, 28 anos, publicitária e pós-graduada em Gestão de Negócios pela Fundação Dom Cabral, é CEO e Co-fundadora do BeerOrCoffee (beerorcoffee.com) – aplicativo para conectar pessoas para um cafezinho ou cerveja e expadir o networking e Co-fundadora do TYSDO - Things You Should Do (www.tysdo.com), plataforma social que incentiva as pessoas a viverem novas experiências todos os dias. Com experiência de 10 anos nas áreas de Vendas e Marketing, sendo 6 deles com startups, já trabalhou em startups brasileiras renomadas como a Samba Tech e participa da comunidade local, o San Pedro Valley. Foi Finalista da categoria Revelação do Prêmio CLAUDIA 2014 (o maior da América Latina voltado para mulheres) e escolhida pela Forbes Brasil em sua lista de \"30 abaixo de 30\" de 2015. Atualmente, faz parte do Global Shapers (uma iniciativa do Fórum Econômico Mundial de jovens líderes de 20 a 30 anos, para a criação de projetos de impacto em suas respectivas cidades) e representou o Brasil no YLAI – Young Leaders of the Americas Initiative (um programa do US Department of State para potencializar empreendimentos da Am.Latina e Caribe - https://ylai.state.gov/).',-1,222,94,10),(458,'Esse painel é para você que paga pau pra mulher que joga vídeo game','2016-11-10','19:30:00','20:15:00','Conhecida por não ter papas na língua e falar tudo que pensa, Taty Ferreira, do canal e blog Acidez Feminina, vai vir falar com muito humor sobre as vantagens e desvantagens de mulheres jogarem vídeogame e sobre toda essa vanglorização em cima das mulheres que o fazem.  Além disso ela vai falar sobre como os homens ficam encantados por mulheres para fazem coisas que eles adoram e acham serem raríssimas mas, na verdade, estão cercados de mulheres que gostam exatamente das mesmas coisas que eles e que isso nem é lá grande coisa. Ou seja, se você quer saber a visão crítica de uma mulher com que está acostumada a falar as coisas que passam na cabeça das mulheres e elas evitam falar, esse painel é pra você! Taty pretende mostrar no palco, o porque essa coisa toda de vangloriar jogadoras de vídeo game viciadas não é lá grande vantagem.','Game','Taty Ferreira - Acidez Feminina. Acidez Feminina foi o primeiro canal do YouTube sobre assuntos cotidianos do universo feminino saindo do clichê moda e beleza. Com mais de 2 milhões de seguidores em suas redes sociais, a proposta é original: uma mulher em um canal gigantesco falando sobre temas que não estávamos acostumados a ver por aí. De maneira aberta e sem papas na língua, os assuntos aparecem como em conversas íntimas com amigos. O livro Manual da Mulher bem Resolvida, escrito pela autora do canal e lançado pela Editora Planeta em maio de 2015 já está na 3a edição, conta com mais de 16 mil cópias vendidas e logo já veremos outro título de Taty Ferreira nas livrarias. Além disso, Taty Ferreira foi convidada pela ONU em parceria com o YouTube para a posição de Embaixadora da Mudança. Uma oportunidade dada apenas à 7 YouTubers em todo o mundo para que possam fazer a diferença nas questões de gênero. Taty também foi uma dos 8 youtubers a participar da primeira temporada do programa Entubados, reality show apresentado por Danilo Gentili, que se passou no segundo semestre de 2016, no Canal Sony',-1,222,93,10),(459,'Um desafio: Ser creator em Minas Gerais.','2016-11-10','20:30:00','21:15:00','Debate e bate papo entre criadores de conteúdo(blogueiros, youtubers, podcasters...) do estado de Minas Gerais sobre a perspectiva de mercado e desafios encontrados por quem cria conteúdo para internet fora do eixo Rio-SP','Marketing/Redes Sociais','Ado Silva Viana, Carlos Rafael, Allison Diogo, Nimai Dasa, Bruno Rezende',-1,222,93,10),(460,'Networking na prática','2016-11-10','20:30:00','21:15:00','Venha conhecer outros Empreendedores','Empreendedorismo','Roberta Vasconcellos é apaixonada por pessoas, Roberta Vasconcellos, acredita que sempre podemos aprender algo com quem conversamos, todos os dias. Empreendedora mineira, 28 anos, publicitária e pós-graduada em Gestão de Negócios pela Fundação Dom Cabral, é CEO e Co-fundadora do BeerOrCoffee (beerorcoffee.com) – aplicativo para conectar pessoas para um cafezinho ou cerveja e expadir o networking e Co-fundadora do TYSDO - Things You Should Do (www.tysdo.com), plataforma social que incentiva as pessoas a viverem novas experiências todos os dias. Com experiência de 10 anos nas áreas de Vendas e Marketing, sendo 6 deles com startups, já trabalhou em startups brasileiras renomadas como a Samba Tech e participa da comunidade local, o San Pedro Valley. Foi Finalista da categoria Revelação do Prêmio CLAUDIA 2014 (o maior da América Latina voltado para mulheres) e escolhida pela Forbes Brasil em sua lista de \"30 abaixo de 30\" de 2015. Atualmente, faz parte do Global Shapers (uma iniciativa do Fórum Econômico Mundial de jovens líderes de 20 a 30 anos, para a criação de projetos de impacto em suas respectivas cidades) e representou o Brasil no YLAI – Young Leaders of the Americas Initiative (um programa do US Department of State para potencializar empreendimentos da Am.Latina e Caribe - https://ylai.state.gov/).  Vinicius Machado é empreendedor digital, treinador de empreendedores e webdesigner. Já foi Community Manager da Associação Brasileira de Startups e curador do Startups & Makers da Campus Party Brasil e agora é embaixador do evento. Foi mentor no Startup Farm, Mobile App Accelerator Camp da Microsoft, Farm Day, Startup Weekends e também mentora startups fora os processos previamente citados. Em 2013 e 2014 foi avaliador do SEED-MG e recentemente participou da banca de avaliadores do Innovation Day no RJ e da DEMO Brasil. É vidrado em tecnologia, criatividade e empreendedorismo. Recentemente inaugurou o Curso Colisões e agora está com a',-1,222,94,10),(461,'Batalha de Pitch: Apresente sua ideia','2016-11-10','21:30:00','23:15:00','Você faz uma rápida apresentação de 1 minuto da sua ideia ou negócio (no gogó, sem slides), recebe feedback de uma banca da ACE - aceleradora da América Latina e da platéia de empreendedores e criativos da Campus Party Minas Gerais. Inscrições por ordem de chegada. ','Empreendedorismo','Vinicius Machado é empreendedor digital, treinador de empreendedores e webdesigner. Já foi Community Manager da Associação Brasileira de Startups e curador do Startups & Makers da Campus Party Brasil e agora é embaixador do evento. Foi mentor no Startup Farm, Mobile App Accelerator Camp da Microsoft, Farm Day, Startup Weekends e também mentora startups fora os processos previamente citados. Em 2013 e 2014 foi avaliador do SEED-MG e recentemente participou da banca de avaliadores do Innovation Day no RJ e da DEMO Brasil. É vidrado em tecnologia, criatividade e empreendedorismo. Recentemente inaugurou o Curso Colisões e agora está com a ACE University, braço de educação   Carol Piguin é formada em Relações Públicas, encontrou no universo de startups a sua verdadeira vocação. Trabalhou 4 anos gerenciando marketing e comunicação de PMEs e Startups, foi responsável durante 3 anos pela comunicação e marketing da ACE, considerada a Melhor Aceleradora de startups da América Latina por 3 anos seguidos pelo LatAM Funders. Hoje é Startup Hunter da ACE, responsável por descobrir e selecionar as melhores startups e empreendedores para as 9 diferentes teses de aceleração da aceleradora. Carol é mentora, palestrante,escritora, apaixonada por marketing digital, antropologia e psicologia.',-1,222,94,10),(462,'Inovação no Mundo 3.0','2016-11-11','10:30:00','11:15:00','Novos comportamentos e tecnologias transversais a todo negócio sem os quais as empresas e os profissionais do futuro parecerão. Por meio de alguns exemplos são demonstrados modelos de negócios disruptivos, cases de sucesso e histórias inspiradoras.','Empreendedorismo','Fábio Veras,  Henry Vargas.',-1,222,94,10),(463,'Bitcoin & Blockchain - Inovações financeiras','2016-11-11','11:30:00','12:15:00','Apresentação do primeiro caixa eletrônico de Bitcoins feito no Brasil, em Minas Gerais. Exposição das características do Bitcoin e o porque do Blockchain ser tão importante ao ponto de chamar a atenção de grandes bancos, inclusive do Brasil.','Empreendedorismo','André Horta é formado em processamento de dados, Sistemas de Informação pela PUC e MBA em Gerenciamento de Projetos. Participou de grandes projetos em empresas como Fiat Chrysler, Ford, Gerdau, Usiminas, Vale, Banco Bonsucesso e Banco IbiCred antes de fundar a Bitcointoyou, maior corretora de Bitcoins do Brasil, situada em Minas Gerais.',-1,222,94,10),(464,'O desafio de tornar seu negócio internacional','2016-11-11','14:00:00','14:45:00','Eleita pela Fast Company como uma das empresas mais inovadoras da América Latina, a SambaTech abordará os desafios de atuar no mercado internacional, desde a estruturação da estratégia até as barreiras culturais locais.','Empreendedorismo','Fernando Pacheco Head of Strategic Development da Samba Tech, Graduado em Comunicação e em Gestão de Recursos Humanos, além de MBA em Gestão Estratégica de Pessoas. Possui certificação em Inbound Marketing, B2B Sales, e cursos de extensão em \"Leadership and Influence\" (University of Michigan) e \"Lógica/Processo Decisório nas Organizações\" (FGV). É ainda um dos representantes da Samba Tech no Centro de Referência em Inovação da Fundação Dom Cabral.',-1,222,94,10),(465,'O dia a dia de uma empresa desenvolvedora de jogos','2016-11-11','10:30:00','11:15:00','A TDZ Games é uma empresa de desenvolvimento de jogos fundada em abril de 2015. Nessa palestra, vamos contatar o nosso dia a dia e como foi nossa jornada desenvolvendo o nosso primeiro jogo autoral, o Eliosis Hunt, que vai ser lançado no início de 2017 para PS4, Xbox One e PC.','Game','Tiago Zaidan',-1,222,93,10),(466,'Empreendedorismo no mercado de jogos digitais','2016-11-11','11:30:00','12:15:00','Um pouco sobre como utilizar suas habilidades de desenvolver games para o mundo corporativo tradicional. Como Advergames, treinamentos,simulações e ações sociais podem revolucionar a forma como o mercado olha para esse tipo de profissionais.','Game','Helio Xavier',-1,222,93,10),(467,'Procura-se sócios','2016-11-11','15:00:00','16:45:00','Empreendedorismo','...','Vinicius Machado é empreendedor digital, treinador de empreendedores e webdesigner. Já foi Community Manager da Associação Brasileira de Startups e curador do Startups & Makers da Campus Party Brasil e agora é embaixador do evento. Foi mentor no Startup Farm, Mobile App Accelerator Camp da Microsoft, Farm Day, Startup Weekends e também mentora startups fora os processos previamente citados. Em 2013 e 2014 foi avaliador do SEED-MG e recentemente participou da banca de avaliadores do Innovation Day no RJ e da DEMO Brasil. É vidrado em tecnologia, criatividade e empreendedorismo. Recentemente inaugurou o Curso ColNesta dinâmica, vamos fazer um momento de fast-dating para que mais pessoas possam encontrar possíveis sócios na Campus Partyisões e agora está com a ACE University, braço de educação e treinamentos da ACE.',-1,222,94,10),(468,'Realidade Aumentada com Captura de Movimento','2016-11-11','14:00:00','14:45:00','Captura de movimento para animação de personagens; nos jogos digitais; Avaliação das diferentes tecnologias, equipamentos e últimos avanços; Planejamento e produção das sessões de captura de movimento; Construção dos personagens e animação','Game','Prof. Dr. João Victor Boechat',-1,222,93,10),(469,'Conselhos importantes para quem quer empreender StartUps no Brasil','2016-11-11','17:00:00','17:45:00','...','Empreendedorismo','Matheus Goyas cursou Direito pela Universidade Federal de Minas Gerais (UFMG) e Administração Pública pela Fundação João Pinheiro (FJP). Iniciou sua carreira profissional como professor de matemática e física no Colégio Santo Antônio. Com 18 anos fundou o Tire Dúvida e atualmente é co– fundador e CEO do AppProva. Em 2013 foi considerado pela Revista Veja e pela Fundação Estudar uma das 10 pessoas mais inspiradoras do Brasil.',-1,222,94,10),(470,'Os mineiros globais da DesignThinkers Group','2016-11-11','15:00:00','15:45:00','Um pouco da história dos mineiros que montaram uma consultoria de UX como desculpa para fazer um projeto social, que os conectou com uma consultoria global de Design de Serviços e os fez virar professores','Design/Multimídia','Eduardo Loureiro, Eduardo Rigotto',-1,222,93,10),(471,'Make Up Artístico/ Visual FX','2016-11-11','16:00:00','17:45:00','Venha assistir a MariMoon ser a \"cobaia\" das técnicas avançadas de um dos principais talentos de Make Up Artístico do Brasil, como convidada do Lab da Casa dos Quadrinhos. A Sem.base (Paula Alencar) vai falar de sua crescente carreira, de ex-aluna da Casa dos Quadrinhos à um dia-a-dia dedicado a esse tipo de maquiagem e mais de 30mil seguidores no Instagram.','Design/Multimídia','Paula Alencar - MariMoon',-1,222,93,10),(472,'Histórias sem fim','2016-11-11','18:00:00','18:45:00','As histórias que não tiveram final e a busca incansável por desfechos que nos tira o sono!','Marketing/Redes Sociais','Reinaldo Rocha, formado em Design Gráfico pela Universidade Fumec. E estudei pintura e escultura em Roma, em Los Angeles na Escola LAAFA e San Diego no Ron Lemens Studio. Pintor, escultor, animador e Concept Artist. A 10 anos trabalhando como Freelancer. Fiz os quadrinhos do Roteiro de Conclusão do Cartoon Cavena do Dragão.',-1,222,93,10),(473,'Empreendedorismo: começando na Universidade','2016-11-11','18:00:00','18:45:00','Para muitos a universidade é uma das melhores épocas da vida. Mas para além das baladas, o ambiente universitário possui incríveis oportunidades para se envolver com projetos de alto impacto e um ambiente propício para se desenvolver, inovar e empreender. Para mostrar que sim, é possível fazer coisas incríveis na Universidade, uma professora e uma aluna da Universidade Federal de Itajubá dividem o palco para contar como criar projetos, startups e viver experiências empreendedoras ainda na universidade!','Empreendedorismo','Juliana Caminha Noronha é professora de Empreendedorismo/Marketing e coordenadora de projetos no Centro de Empreendedorismo da Universidade Federal de Itajubá. Carrega cadeiras e mobiliza ecossistema empreendedor no sul de Minas e região. Graduada em Marketing (ESPM) e em Administração (UNIFEI), Mestre em projetos de Desenvolvimento de Produtos e Inovação pela UNIFEI, Especialização em Desenvolvimento de Produtos e Serviços pela FGV, Formação em Trendhunter pela University of Arts London (UAL) e Habilitação em Educação Empreendedora pela Babson School. Apaixonada por projetos empreendedores, atualmente coordena o projeto tecnológico Ex-Machina e o LAB001, programa de pré- aceleração em projetos de hardware e hard-sciences da Universidade Federal de Itajubá. Pesquisadora e entusiasta de inovação aberta, movimento maker, startups e tendências.  Gabriella Sant Anna é graduanda em Administração de Empresas pela Universidade Federal de Itajubá. Evangelista no Centro de Empreendedorismo UNIFEI, o CEU. Organizadora local e facilitadora nacional do Startup Weekend. Acredita em formação e educação empreendedora, por isso se dedica a diversos projetos para desenvolvimento de comportamento empreendedor, como o Ninja Startup Job e o LAB001. Tech-Girl, entusiasta do movimento maker, de tecnologias de alto impacto e grande incentivadora da transferência de tecnologia entre Universidades, Empresas e Governo. Considera o Sul de Minas uma região com alto potencial empreendedor e tecnológico com isso se dedica a ajudar a criar uma comunidade forte e atuante de empreendedores na região.',-1,222,94,10),(474,'La Fenix desafia os campuseiros','2016-11-11','18:30:00','19:15:00','A galera insana do La Fenix aterrissa na Campus Party e convoca os campuseiros a participarem dos desafios mais legais da websfera','Marketing/Redes Sociais','La Fênix é um grupo de Vídeos Insanos, uma espécie de humor que mistura cenas cara de pau, ação, dor, nojeiras, humilhação e situações bizarras que eles inventam. Originalmente produzido para a internet e exibídos desde 2004. O grupo nasceu da reunião de alguns amigos, entre eles Rody Dio, inspirados em outros programas como o Jackass e Dirty Sanchez da MTV, Dudesons que já foi exibido pelo Multishow e Pegadinhas.',-1,222,93,10),(475,'Santa Rita do Sapucaí: Tamanho não é documento!','2016-11-11','20:30:00','21:15:00','Abordará sobre o polo de Santa Rita do Sapucaí, maior polo tecnológico de eletroeletrônica do Brasil, como alcançou este título e mostrar que mesmo sendo uma cidade considerada pequena, há muito à contribuir.','Empreendedorismo','Marcos David, Nathália Tavares, João Rubens Costa Fonseca,  André Lanari',-1,222,94,10),(476,'Social Media Dungeon Master','2016-11-11','21:30:00','22:15:00','Gerir as suas comunidades online é um processo semelhante ao de mestrar uma campanha de RPG. É importante entender que seus personagens são parte integrada de seu conteúdo e aprender a jogar e construir uma boa história ao lado de seus públicos é muito mais vantajoso do que desafiá-los até seus limites.','Marketing/Redes Sociais','Marielle Zum Bach. Comunicóloga, produtora de conteúdo para blogs, community manager, pesquisadora de processos criativos, rpgista de ficha impecável e eterna contadora de histórias.',-1,222,93,10),(477,'Marketing de Conteúdo: feel the Force','2016-11-11','22:30:00','23:45:00','Como estruturar uma estratégia de marketing de conteúdo em sites sobre cultura nerd.','Marketing/Redes Sociais','Kamila Maximos (Especialista em Marketing Digital e aficionada por nerdologias) e Uillian Magela (Consultor de processos e sistemas, crítico de cinema e amante da cultura nerd)',-1,222,93,10),(478,'Como o financiamento coletivo pode te ajudar a decolar sua startup','2016-11-11','21:30:00','22:15:00','Venha entender como o financiamento coletivo pode te ajudar a validar sua ideia, realizar a pré-venda e ainda levantar capital para desenvolver seu produto. Ana Raquel irá mostrar o passo a passo para lançar uma campanha, dar dicas de como escolher a melhor plataforma, definir valores, se lançar online e ainda divulgar para as pessoas certas, tudo isso mostrando os erros e acertos da sua companha com a NexAtlas, startup que levantou 93 mil reais pelo Kickante no início do ano.','Empreendedorismo','Ana Raquel Calháu Pereira é graduanda em Ciências da Computação com ênfase em empreendedorismo na Universidade Federal de Itajubá, onde desenvolveu seu interesse pela área de marketing. É responsável pela comunicação e atua no desenvolvimento de produto e análise de novos negócios na startup NexAtlas. É apaixonada por tecnologia, veterana da Campus Party e está sempre envolvida com o ecossistema empreendedor.',-1,222,94,10),(479,'Como criar um negócio do zero através das redes sociais','2016-11-11','22:30:00','23:15:00','A internet é o meio mais democrático para se começar um negócio do zero. As redes sociais oferecem os canais mais baratos para construir uma audiência para o seu produto ou serviço. Veja como o Awebic construiu uma audiência de milhões de usuários através do Facebook e como você pode aproveitar o cenário de hoje para criar o seu próprio negócio.','Empreendedorismo','Willian Binder é administrador formado pela Universidade Federal de Itajubá, eu crio e gerencio sites há 9 anos.  Marcio Noronha',-1,222,94,10),(480,'50 minutos para te deixar mais criativo','2016-11-12','10:30:00','11:15:00','50 minutos de um bate papo leve e descontraído apresentando como sua idéia ou negócio pode se tornar mais rentável e de sucesso, aplicando conceitos de design thinking e de estratégia.','Marketing/Redes Sociais','Leonardo Leitão, Administrador, especialista em Marketing, com experiência de mais de 12 anos como consultor de negócios e inovação no SEBRAE. Diretor de negócios e projetos especiais da Leme Digital, co-curador do espaço de Mídias Digitais da Campus Party Recife, desde sua primeira edição em 2012, e coordenador do Papos em Rede, tradicional evento de discussão sobre cultura digital, marketing e cybercultura em Fortaleza. Foi curador do espaço Mercado Digital na Feira do Empreendedor do Ceará nas edições de 2010 e 2012 e Diretor de Projetos Estratégicos do Instituto InfoBrasil de Inovação Digital – I3D. Ainda encontra tempo para escrever – é autor dos livros “Dicionário de Tecnologia e Inovação” e “Captação de Recursos – Coletânea de instituições nacionais com linhas de financiamento para elaboração de projetos”.',-1,222,93,10),(481,'Esquadrinhando os Quadrinhos','2016-11-12','11:30:00','12:30:00',' Uma conversa sobre os mercados brasileiro e americano de quadrinhos, e como ser profissional fazendo arte.','Design/Multimídia',' O quadrinista Will Conrad é mineiro de Belo Horizonte, onde vive até hoje. Trabalhou vários anos como ilustrador, e a partir de 2001 trabalha exclusivamente para o mercado americano de quadrinhos. Durante esse período, já trabalhou com editoras como Top Cow, Dark Horse, Dynamite, Marvel e DC, e desenhou títulos como Serenity, Wolverine, X-Men, New Avengers, Teen Titans, Outsiders, Stormwatch, Red Lantern, Nightwing e muitos outros. Atualmente trabalha com Josh Whedon para a Dark Horse.',-1,222,93,10),(482,'Sessão Musical: Improvisação e criatividade nos negócios','2016-11-12','14:15:00','15:00:00','Como a criatividade e o improviso auxiliam no dia-a-dia da vida profissional.  Essa palestra MUSICAL e pra lá de interativa, será construída com a participação do público uma música experimental, para demonstrar como é possível unir duas carreiras na convergência de seus objetivos pessoais, potencializando sua criatividade, e uma pitada de improvisação às decisões profissionais que temos que tomar todos os dias.  Participe dessa sessão se você toca algum instrumento.  Se você toca instrumentos no i-Pad, contribua com a interação e auxilie na composição da música. Criativos, improvisadores, e empreendedores são bem-vindos!','Marketing/Redes Sociais','Ney é diretor de inovação da MCI Group, multinacional com sede na Suíça e filiais em mais de 30 países, incluindo o Brasil, que atua no segmento de marketing e eventos. Mais que isso, foi um dos responsáveis pela implementação da empresa no país, transformando uma pequena start-up com dois funcionários em uma das maiores agências de eventos do mercado.  Atualmente, na função de diretor de inovação, é responsável por criar novas tecnologias de engajamento, mensuração de resultados e gerenciamento dos eventos do grupo, além de incubar startups com produtos voltados a este segmento e formar a equipe de “produtores de eventos do futuro”, como costuma dizer, de olho na visão 2020 da empresa. Ney Neto é um nome conhecido no meio musical. O baixista estudou nas principais escolas de música do planeta, como ULM São Paulo, Souza Lima, e até a Berklee College of Music, em Boston. Com atuação mais voltada para a música instrumental, já tocou e gravou ao lado de músicos como Mike Stern, Celso Pixinga, Jeff Andrews, e outras feras do jazz, sendo artista patrocinado pelas marcas HARTKE, SJ Bass, cordas LaBella, entre outros. ',-1,222,93,10),(483,'Circuito RP - Você no Mundo das Relações Públicas e do Empreendedorismo Universitário','2016-11-12','11:30:00','12:15:00','Conectando o empreendedorismo jovem on e offline com novas formas de comunicação e relacionamento digital. A importância de empreender no mundo digital e quais os primeiros passos.','Outros','Lorena Loiola',-1,222,94,10),(484,'O impacto da tecnologia na educação Brasileira','2016-11-12','15:15:00','16:00:00','Como a inovação pode proporcionar qualidade, equidade e contemporaneidade na educação pública brasileira. Os desafios e oportunidades do setor, com a visão de quem atua no mercado de escolas e startups.','Empreendedorismo','Daniel Machado é diretor da vertical de EDTECH da ABS. MBA pela Dom Cabral. Empreendedor educacional, fundador de uma das maiores redes de ensino do Brasil e especialista em em inovação educacional.',-1,222,94,10),(485,'Freak Game Show','2016-11-12','15:15:00','16:00:00','A Atividade é dividida em 5 partes  1) Quiz Serão 5 Perguntas para cada equipe sobre filmes / séries / quadrinhos / games / Web  2) E agora? Serão 5 cenas de filmes famosos em que os participantes terão que informar o que acontece em seguida.  3) Cartão Postal Mostrando Apenas um Frame de um filme / série eles terão que descobrir a qual midia pertence.  4) Whiplash Ao som do solo de Bateria do Filme whiplash, veremos quantas perguntas cada equipe consegue responder em 1 minuto.  5) Final Round - ALL IN Será uma espécie de Gincana em que em um curto espaço de tempo, a pessoa terá que trazer um objeto / pessoa ao palco.','Game','Eric Andrei, Fernanda Lopes de Oliveira, Alessandro Bernard dos Santos Chaves, Marco Aurélio',-1,222,93,10),(486,'Uai, meu!','2016-11-12','16:15:00','17:00:00','Influenciadores debatem como as características culturais da região influenciam na produção de conteúdo de seus canais.','Marketing/Redes Sociais','Emerson Pedroso, Gregory Kessey, Jully Molina',-1,222,93,10),(487,'Workshop Android Mobile Hybrid Framework - Parte I','2016-11-10','10:30:00','12:30:00','Já pensou em construir um aplicativo em um dia? Em nosso workshop isso será possível. Em apenas um dia você aprenderá a construir um aplicativo de pedidos, utilizando várias tecnologias disponibilizadas gratuitamente pelo Google. Vamos trabalhar com a tecnologia Mobile Hybrid Framework, que reúne Android Studio SDK, Material Design, Codeigniter, HTML5, Google Web Starter Kit e Google Material Design Ligh.','Desenvolvimento','Bruno Hauck é professor na Workmates mora em Belo Horizonte especialista em tecnologias Google como Android, Google Maps e Google Web Starter Kit. Formou-se em Ciência da Computação é pós-graduado em Redes de Computadores e atualmente está cursando mestrado em Engenharia de Software.',-1,222,95,12),(488,'Construa seu próprio capacete de Stormtrooper','2016-11-10','10:30:00','12:15:00','Quem não conhece os icônicos soldados do império do mal? Surfando nessa onda, teremos uma oficina que ensine aos Campuseiros/Nerds a criar seu próprio capacete, utilizando uma técnica chamada Papercraft, que basicamente consiste em através de um Software, planificar um modelo 3D e transformá-lo em peças de papel que ao serem recortadas, dobradas e coladas tomam a forma do objeto. Técnica essa que é base utilizada para criação de Cosplay, Maquetes e etc. O software não só gera as partes à serem impressas, mas também numera as partes facilitando a montagem.','Maker/Hw','João Paulo Coelho Alves Sineiro Técnico Metalúrgico de Volta Redonda-RJ, Dá suporte e faz manutenção de computadores a mais de 10 anos, Trabalhando com Papercraft há 4 anos como Hobby e a 2 anos produzindo trabalhos sob encomenda para Cosplayers e fãs de cultura POP, Primeiro trabalho de Casemod/animatrônico apresentado na CPBR8 (JS-01) e no programa ENCONTRO com Fátima Bernardes da Rede Globo de TV, Campuseiro desde 2013, Ganhador do 1º lugar no concurso: Leve seu robô para a CPBR8.  Sergio Graças Coordenador Técnico do NTM de Volta Redonda, Desenvolvedor do Projeto GNU/Linux VRlivre, Administrador do Portal IAESMEVR, Administrador do Blog do Técnico Linux, Técnico de Informática SMEVR, Coordenador Técnico do Programa de Informática Aplicada à Educação de Volta Redonda, Colaborador do MEC/FNDE ministrando oficinas do Linux Educacional, Trabalhando com Robótica Livre desde 2009, Primeiro trabalho de Casemod/animatrônico apresentado na CPBR8 (JS-01) e no programa ENCONTRO com Fátima Bernardes da Rede Globo de TV, Campuseiro desde 200.',-1,222,96,12),(489,'Workshop Android Mobile Hybrid Framework - Parte II','2016-11-10','14:00:00','15:45:00','Já pensou em construir um aplicativo em um dia? Em nosso workshop isso será possível. Em apenas um dia você aprenderá a construir um aplicativo de pedidos, utilizando várias tecnologias disponibilizadas gratuitamente pelo Google. Vamos trabalhar com a tecnologia Mobile Hybrid Framework, que reúne Android Studio SDK, Material Design, Codeigniter, HTML5, Google Web Starter Kit e Google Material Design Ligh.\"','Desenvolvimento','Bruno Hauck é professor na Workmates mora em Belo Horizonte especialista em tecnologias Google como Android, Google Maps e Google Web Starter Kit. Formou-se em Ciência da Computação é pós-graduado em Redes de Computadores e atualmente está cursando mestrado em Engenharia de Software.',-1,222,95,12),(490,'Oficina de programação em Minecraft / Construct 2 - faça seu jogo','2016-11-10','14:00:00','14:45:00','Oficina de programação em Minecraft / Construct 2 - o participante irá criar o seu jogo - ênfase em Minecraft','Game','Bruna Ribeiro Bernardes - bruna.bh@supergeeks.com.br  João Paulo Freitas Bernardes - joao.bh@supergeeks.com.br',-1,222,96,12),(491,'scikit-learn: Aprendizado de máquina 101 com Python','2016-11-10','16:00:00','17:45:00','Aprendizado de máquina é usado em cada vez mais áreas, de carros auto-dirigíveis a detecção de fraude, com resultados cada vez melhores. Scikit-learn é uma biblioteca de aprendizado de máquina em Python que permite utilização de algoritmos de forma simples e fácil aproveitando as facilidades das bibliotecas científicas de Python. No workshop iremos entender a diferença entre os algoritmos mais utilizados disponíveis na Scikit-learn e como utilizá-los.','Software Livre','Luciana Fujii é mestranda em Ciência da Computação pela UFMG, trabalhando com algoritmos de navegação em coleções de mídia. Já contribuiu para o projeto GNOME, GStreamer, Landell (software de streaming do Fórum Internacional de Software Livre) entre outros. Acredita que aprendizado de máquina não é a solução pra tudo, mas acha bem útil e divertido.',-1,222,95,12),(492,'WORKSHOP DE UNITY 3D - parte1','2016-11-10','15:00:00','16:45:00','Introdução ao Unity 3D, conceitos de programação e criação de cenários interativo, interface, menu e som. Aprenda a criar seus próprios jogos e aplicativos com uma das ferramentas mais utilizadas no mundo.  Passo a passo para tirar aquele seu game do papel e torna-lo realidade! C#','Game','Norton Pigozzo Martins Junior',-1,222,96,12),(493,'Essa tal Internet das Coisas?','2016-11-10','18:00:00','18:45:00','As \"coisas\" querem falar e ser ouvidas. Este é novo cenário para o mundo da tecnologia. Nesta atividade os participantes poderão entender um pouco deste novo paradigma, suas possibilidades e desafios, além de iniciar com a prática de \"conectividade das coisas\".','Robotica','Wariston Fernando Pereira, Bacharel em ciência da computação, consultor especialista em gestão e projetos na área de tecnologia. Atualmente cursa mestrado na área de agronegócios com foco em soluções IoT.  Alan da Silva, Cientista da Computação, Roboticista, Analista, pai da Ana Júlia e entusiasta em tecnologia.  Marcelo Carvalho de Paula  Graduando em Engenharia de controle e Automação pelo Centro Universitário do Sul de Minas.  Alberane Lúcio Thiago da Cunha,  Professor na Fepesmig - Varginha/MG',-1,222,95,12),(494,'WORKSHOP DE UNITY 3D - parte2','2016-11-10','16:00:00','16:45:00','Introdução ao Unity 3D, conceitos de programação e criação de cenários interativo, interface, menu e som. Aprenda a criar seus próprios jogos e aplicativos com uma das ferramentas mais utilizadas no mundo.  Passo a passo para tirar aquele seu game do papel e torna-lo realidade! C#','Game','Norton Pigozzo Martins Junior',-1,222,96,12),(495,'Oficina de Wearables - Parte I','2016-11-10','20:30:00','22:15:00','Desenvolvimento de leds endereçáveis para serem costurados em um óculos ou mochila com o objetivo de criar uma sinalização em ciclistas.   A oficina será limitada para 30 participantes  Os participantes devem levar notebook e um óculos ou mochila a ser customizada.  É importante que o participante leve seu notebook com a IDE do arduino instalada.  Link para baixar a IDE: http://bit.ly/1R2xniM  Conteúdo do kit:  - Anel de LED RGB x16 WS2812 5050 - Placa Arduino Pro Mini ATmega328P 5V 16MHz - Módulo Carregador de Baterias de Lítio TP4056 - Bateria de Litium   O kit terá o valor de R$181,50.  Para efetuar a compra, copie e cole o seguinte link no seu navegador: https://goo.gl/urcHF6   Obs. Os kits serão entregues aos participantes no início da oficina.  Informações: gedeanegomes@hotmail.com','Maker/Hw','Carolina de Souza Marini dos Santos   Diretora de criação no Isvor/FCA Group - Latam e Fab Manager do Fab Lab ISVOR desenvolvendo cursos e treinamentos direcionados a mudança de mindset e Cultura Maker. Atua no Movimento Maker Minas como co-fundadora, organizadora e curadora.  Gedeane Kenshima   Mestranda em Automação e Controle de Processos, Engenheira de Controle e Automação, Técnica em Automação Industrial, todos pelo IFSP. Atualmente trabalha como Montadora na Tudela Indústria. Pesquisadora no LABORE (Laboratório de Robótica e Reabilitação do IFSP). Hobbista e Maker, realizou projetos, palestras e oficinas nas áreas de Arduino, Wearables voltados para entretenimento e Mulheres no mundo Maker. Fã de Angry Birds  Carla Werkhaizer:   Designer proprietária da DesignBot Agência Remoto, coordenadora geral e fundadora do BH Arduiners MeetUp, pós-graduada em Design de Interação (PUC MG - 2015), graduada em Comunicação Social (PUC MG -1998) e História da Arte (Eurocentro - Italia - 1995). Atua no Movimento Maker Minas como co-fundadora, organizadora e curadora.',-1,222,95,10),(496,'Criando jogos, projetando experiências e divertindo pessoas.','2016-11-10','17:00:00','18:45:00','Nesse workshop você vai conhecer um pouco sobre o universo dos jogos de tabuleiro e RPG de mesa, aprender o básico de um bom game design e descobrir como é fácil por uma idéia no papel em poucas horas e se divertir durante todo o processo!','Game','Renato José Araújo de Albuquerque - Graphic and Game Designer',-1,222,96,12),(497,'Segredos dos produtos que viciam usuários','2016-11-10','22:30:00','23:15:00','Você trabalha num app, em um site ou tem um projeto? Você quer saber por onde começar para melhorar o seu produto? Este workshop é feito para você.  Neste workshop você vai aprender a:   - Entender melhor os seus usuários.  - Quais funcionalidades melhorar?  - Acelerar a aprendizagem graças aos protótipos e testes com os usuários.  - Como não errar ao lançar uma nova feature.','Desenvolvimento','Fernando Americano construiu sua carreira dedicada ao mundo da tecnologia, tendo passado por empresas líderes em inovação como Nissan e Qualcomm, além de ter sido Diretor de Operações da Startup Farm. Buscando sempre inspirar e ajudar empreendedores a atingirem seus objetivos, Fernando trouxe junto a outros co-fundadores o Le Wagon para o Brasil.',-1,222,95,12),(498,'Contando Histórias em 360 graus','2016-11-10','20:30:00','22:30:00','A produção de fotos e vídeos em 360 graus está ficando cada vez mais popular e acessível, graças ao Facebook e Youtube iremos conviver com essa tecnologia diariamente. As câmeras profissionais e amadoras já surgem no mercado. Usuários e empresas estão cada vez mais adotando essa tecnologia para produção de conteúdo web.','Marketing/Redes Sociais','Paulo Barba FilmMaker, Produtor de Conteúdo Audiovisual, criador do canal no Youtube \"BARBA SOU EU\" e e Entusiasta 360 graus. Trabalhou por 9 anos com direção de arte antes de decidir montar uma produtora de vídeo independente focada em criatividade. Premiado no FIACULT com um curta em primeira pessoa, também produziu o documentário \"Fenômeno Z\", publicado apenas no Youtube. Hoje além dos vídeos tradicionais, utiliza a tecnologia em 360 graus para contar histórias.',-1,222,96,12),(499,'Atividade Monstro: Modelagem 3d para Iniciantes','2016-11-11','13:00:00','15:45:00','Workshop mão na massa para quem quer dar os primeiros passos em modelagem 3D. Serão ensinadas as ferramentas básicas do software 123d da Autodesk, e ao final haverá uma prática com impressão 3D do desenho desenvolvido durante o curso.  ? Essa palestra faz parte da Atividade Monstro.  Percebemos nos dias de hoje que a variedade de informações a nossa volta é grande e envolve diversas áreas. A ideia da Atividade Monstro é criar um ambiente colaborativo entre os palestrantes e os campuseir@s que estão na platéia, para juntos imaginarem e desenvolverem uma idéia que será explorada em 3 campos diferentes, em 3 palestras:  Parte I - Modelagem 3D  Introdução à Modelagem 3D: Workshop Ciência e Inovação, dia 11/11/2016 das 13h00 às 15h45;  Parte II - Robótica: Arduino, sensores e atuadores: Palco Ciência e Inovação, dia 11/11/2016, das 17h00 às 17h45;  Parte III - Casemod: Como aplicar a Identidade do Game a Um Casemod, envolvendo não só o Casemod como a utilização de Hardware Livre, Robótica. (Essa etapa será realizada nas bancadas sinalizadas).  Venha participe, você faz parte dessa historia, dessa construção.','Design/Multimídia','Natália Romagna Rodrigues:  Estuda Engenharia Mecânica na Newton Paiva e preenche as horas vagas como Maker no Fab Lab Newton. Formada no INAP em Técnico mecânico, já domina softwares de modelamento 3D como Solidworks, 123d e NX CAD.  Carla Werkhaizer  Designer proprietária da DesignBot Agência Remoto, coordenadora geral e fundadora do BH Arduiners MeetUp, pós-graduada em Design de Interação (PUC MG - 2015), graduada em Comunicação Social (PUC MG -1998) e História da Arte (Eurocentro - Italia - 1995). Atua no Movimento Maker Minas como co-fundadora, organizadora e curadora.  Marley Rosa Luciano  Técnico em eletrônica desde 2013 pelo Cetel Senai-MG, Especialização em instalação elétrica prediais e industriais pelo programa Futuros Engenheiro em 2015, graduando em engenharia de controle e automação desde 2013. Algumas experiências profissionais na área militar pelas forças armadas na área de comunicação em 2009, na área industrial com máquinas elétricas, em desenvolvimento pelo FabLab Newton e gestão estratégica pelo Crea-MG. Atividades em desenvolvimento de projetos na área de embarcados.',-1,222,95,12),(500,'Conhecendo o desenvolvimento de Jogos Digitais','2016-11-11','10:30:00','11:15:00','Descubra o Tiled, uma ferramenta para construção de mapas 2D em que você poderá construir fases para seu jogo digital.','Desenvolvimento','Rômulo Santos Silva,  Alessandra Faria de Castro,  Álvaro Augusto Rocha,  Diogo Guimarães',-1,222,96,12),(501,'Festa de assinatura de chaves OpenPGP','2016-11-11','16:00:00','16:45:00','Visando reforçar a Rede de Confiança, vamos realizar, uma festa de assinatura de chaves OpenPGP. Chaves OpenPGP, são mecanismos criptográficos que permitem a autenticação de dono (saber que algo pretensamente produzido por alguém foi realmente produzido por ele - assinatura) bem como o envio de informações confidenciais apenas para seu dono (cifragem). As chaves vêm em pares, uma privada - utilizada pelo seu dono - e uma pública - utilizada pelos demais. Mas como saber se a chave pública de alguém realmente pertence àquela pessoa? Você vai se apoiar na \"Rede de Confiança\". A chave pública de uma pessoa pode ser assinada por outras pessoas. A ideia é que, se você confia em alguma das pessoas que assinou a chave de um terceiro, pode, então, confiar nesse terceiro. Isso é chamado de \"Rede de Confiança\", e o objetivo final de uma festa de assinatura de chaves é ampliá-la. Se você não sabe como gerar as suas chaves OpenPGP, vou ensinar como fazê-las durante o workshop utilizando Software Livre.','Software Livre','Giovani Ferreira é professor, possui graduação em Tecnologia em Redes de Computadores pelo CESEP/FEM (2009). Atua na promoção do Software Livre em diversos eventos. Atualmente é membro do Projeto Debian atuando nos times de Forense e Publicidade, também tem auxiliado na organização dos eventos Debian no Brasil.',-1,222,95,12),(502,'HardMod: Papercraft + Casemod + Robótica','2016-11-11','17:00:00','18:45:00','Vamos descobrir que podemos ir além da nossa criatividade, juntando elementos da arte japonesa de papercraft, modificações de casemod e obter interações reais com a robótica. Através de técnicas básicas, saberemos como se trabalhar com esses elementos em conjunto, e assim, construir projetos únicos de modo fácil e o mais interativo possível, usando da plataforma Arduino para programar as diversas funções do casemod.','Outros','Émerson Pedroso Marques  Formado em sistemas de informação, trabalha há 7 anos como analista de suporte e, como hobby, faz experiências usando robótica e projetos de casemod. Possui um canal no youtube chamado Oficina DIY, onde ensina a fazer diversos projetos envolvendo itens dos universos pop, nerd e Geek. Desde 2014, participa de campeonatos de casemod na Campus Party, onde já conquistou o 3º lugar com casemods do Charizard e Goku.',-1,222,95,12),(503,'Oficina de programação em Minecraft / Construct 2 - faça seu jogo','2016-11-11','11:30:00','12:30:00','Oficina de programação em Minecraft / Construct 2 - o participante irá criar o seu jogo - ênfase em Minecraft','Game','Bruna Ribeiro Bernardes - bruna.bh@supergeeks.com.br  João Paulo Freitas Bernardes - joao.bh@supergeeks.com.br',-1,222,96,12),(504,'24 horas para se tornar um desenvolvedor procurado pelo Mercado','2016-11-11','20:30:00','22:15:00','Workshop: 24 horas para se tornar um desenvolvedor procurado pelo Mercado! Saiba o que o Mercado procura em um desenvolvedor e torne-se diferenciado.  Aproveite a Campus Party Weekend Recife e façaa parte desse workshop altamente interativo, onde você vai aproveitar as 24 horas de evento para se tornar um desenvolvedor cobiçado pelo mercado e antenado com as principais tecnologias emergentes. Junto de Bruno Souza (Javaman), de Prof. Isidro e seus convidados, você vai - aprender as 5 ferramentas obrigatórias para ser um desenvolvedor de primeira linha  - aplicar 4 praticas simples para realmente aproveitar a Campus Party para impulsionar sua carreira - criar 3 presenças na web que vão ajudar você a se destacar da multidão e se tornar \"procurado\" - fazer network com pessoas que podem mudar a sua vida - definir o foco que vai tornar você um desenvolvedor UNICO!','Desenvolvimento','Bruno Souza -Consultor da Summa Technologies e especialista em Cloud Computing na ToolsCloud e é conhecido como “JavaMan”. Evangelista Java e open source, trabalha no fortalecimento de comunidades de desenvolvedores. Como diretor mundial de Open Source na Sun Microsystems, coordenou importantes comunidades como NetBeans e OpenSolaris. Fundou e foi presidente do SouJava, onde ajudou a criar a Comunidade Mundial de Grupos de Usuários Java. Desenvolvedor Java desde o surgimento da tecnologia, participou de alguns dos maiores projetos Java do país. Palestrante de renome internacional, já realizou centenas de apresentações em todo o mundo. Bruno é Diretor Honorário da Open Source Initiative (OSI), onde discute a evolução do movimento open source. Já foi presidente do Instituto Campus Party, onde fomentou inovação no Brasil. Coordenador do Nuvem, o Núcleo de Pesquisas em Virtualização e Mobilidade do LSI/USP. http://java.mn/about/#jp-carousel-31   Francisco Isidro - Técnica em Informática pelo CEFET-MG e graduanda em Engenharia Elétrica pela UFMG. Já participou de dois projetos de iniciação científica sobre a Utilização da internet como ferramenta de aprendizado no ensino médio e sobre Métodos exatos e heurísticos para o problema de escalonamento de enfermeiras Participou do IGEM-UFMG, um grupo de pesquisa e competição na área de biologia sintética. Membro da equipe Autobotz há seis meses, onde atua principalmente nas áreas de visão computacional e eletrônica. Atualmente está envolvida nos projetos de um barco e uma esteira autônomos.',-1,222,95,12),(505,'PERSONAGENS DE GAMES E ANIMAÇÕES:','2016-11-11','12:00:00','13:45:00','Nesta exibição mãos na massa você vai descobrir como seus personagens favoritos saem das idéias para tomar o mundo real e o digital. Conheça todas as etapas de escultura de um personagem para games e animações que nascem nas tradicionais massas de modelagem e terminam no mundo high tech do 3D.','Game','Ricardo Junqueira de Castro, Igor Gosling Alvarenga',-1,222,96,12),(506,'Arduino: Como as coisas funcionam?','2016-11-11','22:30:00','23:15:00','Já parou para pensar como as coisas funcionam? Robôs, máquinas, sensores, jogos e muitos outros equipamentos que nos deparamos no nosso dia-a-dia sendo controlados por circuitos eletrônicos? O próximo a construí-los poderá ser você!  A Autobotz, equipe de robótica autônoma da UFMG, fará um workshop sobre Arduino, em que você poderá aprender os principais conceitos de programação do controlador, a montagem eletrônica e o funcionamento de alguns componentes juntamente com a placa: sensor de temperatura, sensor de luminosidade, acionamento de um buzzer para produzir sons, etc.  Limite de participantes: 24.  O formulário de inscrição se encontra no link abaixo: https://docs.google.com/forms/d/e/1FAIpQLSfG2RcKpDd-5D0ESczhDDQH4oiZhJHcmnTkeETokbbuPXghmA/viewform?c=0&w=1\"','Robotica, Science','Bhryan Henderson Lopes Perpétuo, Graduando em Engenharia de Controle e Automação pela Universidade Federal de Minas Gerais. Membro da equipe de robótica autônoma Autobotz há seis meses, onde atua principalmente na área da eletrônica da equipe.  Bianca Martins Gontijo Pereira, Técnica em Informática pelo CEFET-MG e graduanda em Engenharia Elétrica pela UFMG. Já participou de dois projetos de iniciação científica sobre a Utilização da internet como ferramenta de aprendizado no ensino médio e sobre Métodos exatos e heurísticos para o problema de escalonamento de enfermeiras Participou do IGEM-UFMG, um grupo de pesquisa e competição na área de biologia sintética. Membro da equipe Autobotz há seis meses, onde atua principalmente nas áreas de visão computacional e eletrônica. Atualmente está envolvida nos projetos de um barco e uma esteira autônomos.   Rafael Santos de Almeida   Técnico em Automação Industrial pelo Colégio Técnico da UFMG e graduando em Engenharia de Controle e Automação pela UFMG. Possui experiência em informática industrial voltado para a indústria automobilística. Membro da equipe de robótica autônoma Autobotz há seis meses, onde atua principalmente como projetista eletrônico. Atualmente está envolvido nos projetos de um robô seguidor de linha de alto desempenho e de um barco autônomo. Além disso é ator nas horas vagas, cruzeirense, itabirano, apaixonado por robôs, Oasis, Star Wars e por ciência.',-1,222,95,12),(507,'PERSONAGENS DE GAMES E ANIMAÇÕES: DA MASSA AO 3D','2016-11-11','14:00:00','15:45:00','Nesta exibição mãos na massa você vai descobrir como seus personagens favoritos saem das idéias para tomar o mundo real e o digital. Conheça todas as etapas de escultura de um personagem para games e animações que nascem nas tradicionais massas de modelagem e terminam no mundo high tech do 3D.','Design/Multimídia','Ricardo Junqueira de Castro Ex designer gráfico que se encontrou no universo das artes plásticas e abraçou a escultura tradicional como profissão.  Igor Gosling Alvarenga Escultor há mais de 5 anos, sócio do estúdio Claytrix, professor de escultura tradicional em cursos de extensão em várias faculdades e instituições de ensino pelo país, palestrante e preletor de oficinas sobre os diversos assuntos e técnicas que envolvem as artes visuais.',-1,222,96,12),(508,'Jornada do Cliente','2016-11-11','16:00:00','17:45:00','O workshop tem o objetivo de promover a vivencia prática do canvas da Jornada do Cliente, que também é um dos conceitos fundamentais da disciplina de Design de Serviços. Através da ferramenta é possível mapear e co-criar o relacionamento entre cliente e serviço, a medida que ele interage com os pontos de contato da empresa.','Design/Multimídia','Eduardo Loureiro Managing Partner da DesignThinkers Group e da DesignThinkers Academy no Brasil. Cofundador da Voël (Pesquisa e Design de Produtos Digitais), Mozaiko (Educação e Inovação Social) e Business Jam (Laboratório de Empreendedorismo). É professor da pós-graduação em Design de Interação e da pós-graduação em Comunicação Digital, ambas da PUC-Minas e facilitador no Mesha LAB, programa independente de inovação. É pioneiro no estabelecimento das disciplinas de User Experience Design no Brasil e já trabalhou em projetos para grandes organizações como Google, Fundação Dom Cabral, Porto Seguro, Fundação Lemann, Ford, entre outras.   Eduardo Rigotto Managing Partner da DesignThinkers Group e da DesignThinkers Academy no Brasil. Cofundador da BlackStone Empreendimentos Imobiliários e do Business Jam (Laboratório de Empreendedorismo). Eduardo é graduado em Direito e Economia, tem MBA em Novos Negócios pela FGV e é facilitador no Mesha LAB, programa independente de inovação. É professor em diversos cursos de empreendedorismo e tem sólida experiência na direção empresarial, gerindo unidades de negócio de importante grupo de varejo, franquias e startups.',-1,222,96,12),(509,'Construindo robôs com lixo digital','2016-11-11','18:00:00','18:45:00','Proporcionar aos jovens um experimento prático do conhecimento adquirido, através do ensino da robótica e de tecnologias inovadoras, utilizando o lixo digital.','Robotica','Liberato Silva',-1,222,96,12),(510,'Iot em casa: desenvolva o seu Streaming Switch! - Iniciativa BH Arduiners MeetUp e Fab Lab Newton','2016-11-11','20:30:00','23:00:00','Workshop mão na massa de Internet das Coisas. Vamos construir um botão que interage com a sua TV e seu smartphone, e à partir daí você pode adicionar quantas funções a sua imaginação mandar!','Design/Multimídia','Julio César Alves Membro do BH Arduiners Meetup, 32 anos, entusiasta de Arduino, impressoras 3D, eletrônica e tudo relacionado ao universo maker. Técnico de manutenção industrial há 14 anos e co-fundador da Sheep, startup de automação industrial.  Cézar Sousa Membro do BH Arduiners Meetup, 32 anos, trabalha com programação desde o ano de 2006. Entusiasta de tecnologias embarcadas, música e publicidade, acredita que \"a complexidade sufoca e simplicidade liberta\".  Igor Carmo Membro do BH Arduiners Meetup, 31 anos. Estudante de Engenharia Mecânica e projetista automotivo, apaixonado por fabricação digital e IoT. Motociclista nas horas vagas.',-1,222,96,12),(511,'Dos roteiros para os quadrinhos','2016-11-12','10:30:00','11:15:00','Will Conrad, quadrinista renomado apresenta seu processo de tradução de uma página de roteiro para uma página de quadrinhos, onde com um roteiro específico os campuseiros trabalharão na criação de uma página desenhada, passando pelas técnicas básicas de narrativa visual, composição, dramatização, posicionamento de personagens.','Design/Multimídia','O quadrinista Will Conrad é mineiro de Belo Horizonte, onde vive até hoje. Trabalhou vários anos como ilustrador, e a partir de 2001 trabalha exclusivamente para o mercado americano de quadrinhos. Durante esse período, já trabalhou com editoras como Top Cow, Dark Horse, Dynamite, Marvel e DC, e desenhou títulos como Serenity, Angel & Faith, Wolverine, X-Men, New Avengers, Teen Titans, Outsiders, Stormwatch, Red Lantern, Action Comics, Nightwing e muitos outros. Atualmente trabalha para a DC, e faz parte da equipe criativa responsável por Cyborg - Rebirth',-1,222,96,12),(512,'Montando seu braço robótico - Parte I','2016-11-12','10:30:00','12:15:00','A robótica tem sido tema de destaque no ramo acadêmico, industrial e agora também está pairando por nos ajudar no ambiente doméstico. Para aprender conceitos desse ramo, uma forma muito interessante é utilizar a característica do campuseiro “maker”, onde conceito e prática se aliam para a confecção de um braço robótico que pode ser controlado por joystick.  A oficina é limitada a 20 participantes.  Os participantes devem trabalhar com seu próprio notebook.  Conteúdo do Kit: Peças em acrílico para montagem do braço robótico Placa controladora com joystick Fonte 5V/4A Parafusos e porcas dos braços robóticos.  O Kit terá um custo de R$ 299,90 e pode ser parcelado no site de compra.  Copie e Cole a URL em seu navegador, https://goo.gl/IOKGXG  Obs. Os kits serão entregues aos participantes no início da oficina.  Informações: glaucoaguiar@gmail.com  Orientações ao participante: levar notebook','Robotica','Glauco Aguiar da Paz, 29 anos.  Técnico em Eletrônica.  Graduado em Sistemas de Telecomunicações  Pós Graduado em Gerenciamento de Projetos  Mestrando em Engenharia Elétrica  Global Shaper pelo fórum econômico Mundial Professor de Eletrônica, Telecomunicações e Eletrotécnica e robótica. Sócio Proprietário na ManaósTech ( Domótica e cursos de Arduino, IoT e robótica) Sócio Propietário da 3D Manaós ( Impressoras 3D) Fundador do Clube da Robótica na FUCAPI Orientador de diversos projetos de sucesso na cidade de Manaus. Palestrante na CPRecife2015 Palestrante na CPBR9  Thalita Cardoso - Técnica em Eletrotécnica, estudante de Engenharia Mecatrônica Treinadora na First Lego League (Campeonato de robótica Internacional) Participante do hackathon 3.0 na Campus Party Recife 2015. Palestrante na CPBR9',-1,222,95,12),(513,'Montando seu braço robótico - Parte II','2016-11-12','14:15:00','17:00:00','A robótica tem sido tema de destaque no ramo acadêmico, industrial e agora também está pairando por nos ajudar no ambiente doméstico. Para aprender conceitos desse ramo, uma forma muito interessante é utilizar a característica do campuseiro “maker”, onde conceito e prática se aliam para a confecção de um braço robótico que pode ser controlado por joystick.  A oficina é limitada a 20 participantes.  Os participantes devem trabalhar com seu próprio notebook.  Conteúdo do Kit: Peças em acrílico para montagem do braço robótico Placa controladora com joystick Fonte 5V/4A Parafusos e porcas dos braços robóticos.  O Kit terá um custo de R$ 299,90 e pode ser parcelado no site de compra.  Copie e Cole a URL em seu navegador, https://goo.gl/IOKGXG  Obs. Os kits serão entregues aos participantes no início da oficina.  Informações: glaucoaguiar@gmail.com  Orientações ao participante: levar notebook','Robotica','Glauco Aguiar da Paz, 29 anos.  Técnico em Eletrônica.  Graduado em Sistemas de Telecomunicações  Pós Graduado em Gerenciamento de Projetos  Mestrando em Engenharia Elétrica  Global Shaper pelo fórum econômico Mundial Professor de Eletrônica, Telecomunicações e Eletrotécnica e robótica. Sócio Proprietário na ManaósTech ( Domótica e cursos de Arduino, IoT e robótica) Sócio Propietário da 3D Manaós ( Impressoras 3D) Fundador do Clube da Robótica na FUCAPI Orientador de diversos projetos de sucesso na cidade de Manaus. Palestrante na CPRecife2015 Palestrante na CPBR9  Thalita Cardoso - Técnica em Eletrotécnica, estudante de Engenharia Mecatrônica Treinadora na First Lego League (Campeonato de robótica Internacional) Participante do hackathon 3.0 na Campus Party Recife 2015. Palestrante na CPBR9',-1,222,95,12),(514,'Oficina de programação em Minecraft / Construct 2 - faça seu jogo','2016-11-12','11:30:00','12:30:00','Oficina de programação em Minecraft / Construct 2 - o participante irá criar o seu jogo - ênfase em Minecraft','Game','Bruna Ribeiro Bernardes - bruna.bh@supergeeks.com.br  João Paulo Freitas Bernardes - joao.bh@supergeeks.com.br',-1,222,96,12),(515,'WORKSHOP DE BLENDER','2016-11-12','14:00:00','14:45:00','Interfaces, criação, modelagem e edição! Aprenda os caminhos da criação de conteúdo para jogos e outras mídias usando Blender 3D!','Game','Mateus Vilaverde',-1,222,96,12),(516,'Rede Brasileira de Cidades Inteligentes e Humanas','2016-11-10','14:00:00','14:45:00','O papel da Rede Brasileira de Cidades Inteligentes e Humanas é conectar os agentes públicos das cidades filiadas, criando um ambiente de colaboração entre os municípios membros de modo que eles se ajudem a desenvolver projetos de cidades inteligentes e humanas. Também articulando com diversas outras entidades e governos nacionais e internacionais, visando desenvolver planos integrados e auxiliar as cidades filiadas na captação de recursos para o desenvolvimento das cidades inteligentes e humanas.','Desenvolvimento','Claudio Nascimento é Vice Presidente da Rede Brasileira de Cidades Inteligentes e Humanas da FNP (Frente Nacional de Prefeitos). Diretor executivo America do Sul da ONG Update Cities,Representante no Brasil da OASC - Open Agile Smart Cities e Conselheiro do Porto Digital em Recife e um dos realizadores do movimento Brasil+Empreendedor.',-1,222,91,12),(517,'Como o Impacto Social pode gerar mais resultados para startups','2016-11-10','16:00:00','16:45:00','Cada vez mais o impacto social ganha destaque no universo do empreendedorismo. Neste cenário, correlato ao universo das startups e iniciativas com base tecnológica, merece destaque não apenas as iniciativas cujo corebusiness esteja intimamente relacionado à resolução de um problema socioambiental, como também as empresas que possuem enorme potencial para tal finalidade. Tão importante quanto gerar, também se faz necessário medir os impactos resultantes dos Negócios. Tal desafio, bem como o de transforma-los em resultados passou a fazer parte dos principais objetivos das empresas modernas e inovadoras.','Empreendedorismo','Paulo Cuputo é natural de Poços de Caldas-MG, ex jogador de Handebol, egresso de casa aos 15 para morar em um colégio interno, economista de formação, financista por vocação, feliz por convicção! Iniciou a carreira como estagiário da Tetra Pak, entrou como trainee na Cyrela chegando até controller regional, quando saiu para ser o primeiro gerente de operações da Uber em BH, hoje é socio do Baanko. Veemente crente de que quem corre por gosto não cansa, e por isso também é que eu continuo correndo!',-1,222,91,10),(518,'Empreendendo por propósito, programando como um unicórnio!','2016-11-10','18:00:00','18:45:00','-','Empreendedorismo','Adriano Rabelo Assis é graduado em Engenharia Elétrica pela Universidade Federal de Minas Gerais (2007), especialista em desenvolvimento de hardware e software embarcado. Sócio fundador e diretor da Geraes Tecnologia Assistiva, empresa vencedora do Prêmio Finep de Inovação em Tecnologia Assistiva da Região Sudeste 2013.',-1,222,91,10),(519,'A sustentabilidade como variável no desenvolvimento tecnológico','2016-11-11','11:30:00','12:15:00','A tecnologia pode alterar profundamente as estruturas sociais e econômicas, mudando a maneira como produzimos e consumimos. Neste contexto, a sustentabilidade precisa ser declarada como variável central do desenvolvimento tecnológico, criando as bases para a construção de uma nova economia.','Empreendedorismo','Henrique Pereira é co-fundador da WayCarbon, empresa de base tecnologia que fornece soluções para os desafios da sustentabilidade. Mestre em Desenvolvimento e Meio Ambiente pela London School os Economics and Political Science (LSE), Henrique possui dez anos de experiência profissional em países da America Latina e Africa. É membro da Rede Europeia de Empreendedorismo e Host Entrepreneur do programa EU CONNECT. Em 2016, foi reconhecido pelo British Council na categoria Empreendedor do UK Alumni Awards. Atualmente vem se dedicando ao desenvolvimento de aplicações de Business Inteligence (BI) a partir de dados ambientais para a indústria e na modelagem de riscos ambientais, em especial para a avaliação dos impactos das mudanças climáticas',-1,222,91,10),(520,'Não Salvo: da Coreia do Norte ao Prêmio Puskas','2016-11-12','11:15:00','12:30:00','O blog Não Salvo conta os últimos virais e ações que movimentaram a internet nos ultimos tempos. Explicando desde o caso da Coréia do Norte na Copa do Mundo, que enganou toda a mídia mundial, até o Wendell Lira ter vencido o Messi na premiação da FIFA de gol mais bonito.','Marketing/Redes Sociais','MAURICIO CID é um blogueiro natural de Santos. Fez o curso Técnico em Informática com ênfase em Redes de Comunicação no Senai e se formou na FATEC, no curso Informática com ênfase em Gestão de Negócios. Por conta de sua formação acadêmica e trabalhos na área, Cid adquiriu vasta experiência em Redes Sociais e Mídias Alternativas (Mídias Sociais) com grandes repercussões em sites de relacionamento e web 2.0. É um enorme conhecedor das principais ferramentas das redes sociais atuais, e tem interagido com sucesso dentro dos novos recursos e tecnologias dessa área.  É criador e editor chefe do blog NãoSalvo.com.br, um dos blogs de maior sucesso de toda a blogosfera brasileira e que atinge mensalmente números de acesso que chegam na casa dos 20 milhões de pageviews.',-1,222,91,10),(521,'Lab Da Casa','2016-11-12','12:15:00','13:00:00','4 Artistas - 1 modelo - Muita criatividade e talento nesse super desafio que irá apresentar as diversas formas de representação artística','Design/Multimídia','.Cristiano Seixas .Guilherme Balbi .Edmilson Cotrim .Rebeca Prado .Wesley Soares .Modelo: Everton Hubner',-1,222,91,10),(522,'Bruce Dickinson','2016-11-12','13:00:00','14:00:00','Bruce Dickinson é vocalista e líder da banda Iron Maiden, piloto comercial, mestre cervejeiro, empreendedor e idealizador de negócios criativos. Foi piloto e Diretor de Marketing para a Astraeus Airlines, empresa de aluguel de aeronaves para outras empresas. Bruce também é o homem por trás da empresa Cardiff Aviation, especializada em manutenção das aeronaves Airbus e Boing. Ministra palestras de renome em corporações pelo mundo todo; compara os desafios compatíveis com o mundo dos negócios, desde equipe de trabalho, pré-organização e a habilidade de aprender a lidar com os contratempos e seguir com sucesso. Ele foca em tornar clientes em fãs - as informações são viralizadas constantemente, tornando clientes fiéis a uma marca. Bruce aproveita a emoção da criatividade e reascende essa chama nos seus espectadores através do espectro do mundo dos negócios.','Empreendedorismo','Bruce Dickinson',-1,222,91,10),(523,'Se a Crise Nos Muda, a Palestra Muda. (3.0)','2016-11-12','15:00:00','15:45:00','Dado Schneider traz m: Técnicas, melhores práticas, ferramentas... Não dá pra perder!','Outros','Doutor em Comunicação e Campuseiro. Autor do termo \"\"digiriatria\"\" - uma mistura de digi = digital + riatria = geriatria - ele conta com seu invejável cérebro de tanquinho para provar que conhecimento não tem idade.',-1,222,91,10),(524,'Cerimônia de Encerramento #CPMG1','2016-11-12','19:00:00','20:30:00','-','Outros','-',-1,222,91,10),(526,'Teste 1','2017-02-23','21:00:00','23:00:00','aaa','aaa','aaa',-1,213,78,18),(527,'Teste Seg Manhã','2017-04-24','10:00:00','11:30:00','Teste','Teste','Uma pessoa responsável',-1,223,97,10),(533,'Teste Terça Manhã','2017-04-25','10:00:00','11:30:00','Teste','Teste','Uma pessoa responsável',-1,223,97,10),(534,'Teste Quarta Manhã','2017-04-26','10:00:00','11:30:00','Teste','Teste','Uma pessoa responsável',-1,223,97,10),(535,'Teste Quinta Manhã','2017-04-27','11:00:00','11:30:00','Uma descrição qualquer','Um tema qualquer','Uma pessoa responsável',-1,223,97,10),(536,'Teste Sexta Manhã','2017-12-30','09:00:00','18:00:00','Uma descrição qualquer','Um tema qualquer','Uma pessoa responsável',-1,223,97,10),(537,'Teste Seg Tarde','2017-12-29','15:40:00','15:50:00','Uma descrição qualquer','Um tema qualquer','Uma pessoa responsável',-1,223,97,10),(538,'Teste Terça Tarde','2017-12-30','15:10:00','15:33:00','Uma descrição qualquer','Um tema qualquer','Uma pessoa responsável',-1,223,97,10),(539,'Teste Quarta Tarde','2017-12-29','15:35:00','15:37:00','Uma descrição qualquer','Um tema qualquer','Uma pessoa responsável',-1,223,97,10),(540,'Teste Quinta Tarde','2017-12-30','18:00:00','18:10:00','Uma descrição qualquer','Um tema qualquer','Uma pessoa responsável',-1,223,97,10),(541,'Teste Sexta Tarde','2017-12-29','15:30:00','16:30:00','Uma descrição qualquer','Um tema qualquer','Uma pessoa responsável',-1,223,97,10),(542,'Credenciamento','2017-05-17','12:30:00','13:00:00','Credenciamento para participar do evento',' -',' -',-1,224,98,18),(543,'Cerimônia e Palestra de abertura: \"Mobilizando Conhecimento para Geração de Riqueza por Meio da Inovação\"','2017-05-17','13:00:00','15:00:00','Uma forma importante de geração de riqueza nos países desenvolvidos é a criação de empresas startup a partir de resultados de pesquisa. O objetivo desta palestra é discutir a experiência na criação de startups no DCC/UFMG, onde podemos citar três exemplos: Miner Technology Group, Akwan Information Technologies e Kunumi Technologies. Na UFMG desenvolvemos modelo inédito no país que permite a transferência dos direitos de comercialização de produtos relacionados a um conhecimento gerado na Universidade para uma empresa startup. A Kunumi, criada recentemente, é uma empresa que faz a ponte entre o mundo dos negócios e os avanços mais recentes de inteligência artificial.','-','Nivio Ziviani',-1,224,98,10),(544,'Mesa Redonda: Intercâmbio Acadêmico Internacional: O que aprendemos?','2017-05-17','15:30:00','17:30:00','Nesta mesa redonda, alunos, ex-alunos e professores discutirão suas experiências ao participar de intercâmbio acadêmico no Canadá, Estudos Unidos, Irlanda e Portugal.  Venha discutir conosco esse tema na Mesa Redonda da VI SECOM!','-','-',-1,224,98,15),(545,'Maratona de Programação','2017-05-18','07:30:00','12:30:00','A maratona de programação consiste em resolver uma certa quantidade de problemas em um tempo determinado. Poderão se inscrever 14 equipes de 3 alunos.','-','-',-1,224,99,9),(546,'Inovação: como fazer uma startup para mudar um mercado de 200 bilhões de reais','2017-05-18','13:00:00','14:30:00','André Penha, 37, é fundador e CTO do QuintoAndar, o aplicativo de aluguel que garante o pagamento todo mês para o proprietário e oferece seguro-fiança grátis para o inquilino. André é engenheiro de computação e mestre em ciência da computação pela Unicamp, e mestre em administração de empresas pela Universidade Stanford, na Califórnia. O QuintoAndar começou em 2013 e tem revolucionado o mercado de aluguel com tecnologia. Hoje tem 180 funcionários e já recebeu mais de 70 milhões de reais em investimentos. Antes do QuintoAndar, André trabalhou na indústria de jogos, e produziu games para plataformas móveis e consoles.','-','André Penha',-1,224,98,10),(547,'Big Data Analytics, Inteligência Artificial e a 4a Revolução Industrial','2017-05-18','15:00:00','16:30:00','Luiz Temponi é Bacharel em Ciência da Computação pela UFMG. Participou durante dois anos do Centro de Computação da UFMG, onde contribuiu no desenvolvimento dos sistemas acadêmicos Web, modelagem de dados e engenharia de software. Na computação, suas áreas de interesse incluem Banco de Dados, Mineração de Dados e Aprendizado de Máquina.   É atualmente Diretor Administrativo e Financeiro da Hekima, empresa de Big Data Analytics e Inteligência Artificial. No cenário de startups, além de empreendedor,  atua como jurado e mentor em programas de aceleração. Nas horas vagas, divide seu tempo entre o computador e uma câmera fotográfica.','-','Luiz Temponi',-1,224,98,10),(548,'Minicurso 1: “Metodologias Ágeis – Desenvolvendo na Prática”','2017-05-19','07:30:00','16:00:00',' Apresentação do Treinamento. Conceito – Um resumo sobre o que é metodologia ágil. A importância da Comunicação. Definindo os Requisitos de um Software. Hands ON – Criando o aplicativo. Review do que foi feito – Alteração de escopo? Hands ON – Refinando o Aplicativo. Alinhamento entre a equipe sobre o andamento. Ajustes Finais – Homologação. Apresentação dos APP’s e Fechamento.','-','Igor Luiz Vieira Guimarães',-1,224,99,11),(550,'Minicurso 2: “Qualidade de Software”','2017-05-19','07:30:00','16:00:00','A área de qualidade de software vem se tornando a cada dia mais importante dentro das empresas de tecnologia da informação. Mas, como é garantir a qualidade de um software? Durante o minicurso os participantes irão conhecer um pouco mais sobre a área de forma geral, sobre os tipos de testes, sobre as ferramentas que podem ser utilizadas e terão a oportunidade de praticar testes automatizados.','-','Samantha Morais Nunes',-1,224,100,11),(552,'Minicurso 3: “MESE (Management and Economics Simulation Exercise)”','2017-05-19','07:30:00','16:00:00',' O MESE (Management and Economics Simulation Exercise) é um jogo de simulação empresarial que possibilita aos participantes operar suas próprias corporações em um ambiente que reproduz o mercado dos negócios. Seu objetivo é familiarizar os participantes com temas como educação financeira, concorrência, tomada de decisões e trabalho em equipe, além de estimular o desenvolvimento de estratégias vencedoras.','-','Brenda Santos e Jonatan Mendes',-1,224,98,11),(554,'Cerimônia de Encerramento','2017-05-19','16:00:00','17:00:00','Cerimônia de encerramento do evento','-','-',-1,224,98,18),(555,'SEMISH – Sessão 1','2017-07-18','08:30:00','10:30:00','SEMISH – Sessão 1','Computação','SBC',-1,214,75,20),(556,'Credenciamento','2017-07-27','11:25:00','17:00:00','Credenciamento do evento','Abertura','Prof. Fabrício Silva',-1,214,72,18),(557,'Os fundamentos da Engenharia de Software','2017-07-19','13:00:00','23:30:00','Engenharia de Software versus Ciência da Computação. Sistemas de Informática: problemas e produção. Requisitos, prazos e custos. Questões da qualidade.','Computação','Wilson de Pádua Filho',-1,214,72,10),(562,'Louvar ao vosso Deus','2018-01-20','21:00:00','23:59:00','Já que vai acabar o mundo mesmo, por que não mendigar um lugarzinho no céu?','Religião','Deus (o próprio)',-1,231,105,12),(563,'Estocar vento','2018-01-20','00:00:00','01:59:00','Como a nossa maravilhosa Dilmãe já falava, precisamos estocar ventos!! Por que? Porque provavelmente o meteoro que irá colidir com a gente vai querer roubar todo nosso oxigenio. Entao, precisamos nos prevenir.','Geopolítica','Dilmãe',-1,231,106,16),(564,'Comprar brusinhas','2018-01-20','00:00:00','23:59:00','Vamos pelados pro céu? Claro que não!!! Precisamos comprar nossas brusinhas, né!\r\nDica: Rener ta com desconto de fim de mundo, aproveite!','Moda','Sistema Capitalista Opressor',-1,231,107,20),(565,'From audiopaper to next generation paper','2017-10-17','10:00:00','11:00:00','It has been 26 years since the publication of Wellner’s (1991) digital desk, demonstrating the augmentation of paper documents with projected information. Since then there have been many related developments in computing; including the world wide web, e-book readers, maturation of the augmented reality paradigm, embedded and printed electronics, and the internet of things. In this talk I draw on some of my own design explorations of augmenting paper with sound over the years, to illustrate the value of ‘audiopaper’ but also the way these explorations were rooted in the applications and technology of the day. I show that two key technologies have been important to the implementation of audiopaper over the years, and that the bigger opportunity is in connecting paper to the web. This culminates in a vision for two future generations of paper which communicate and interact with the digital devices around them.','web','David Frohlich',-1,232,108,10),(566,'Behavior-aware Computing: The third wave of Ubiquitous Computing','2017-10-19','09:00:00','10:00:00','One of the main characteristics of ubiquitous computing systems is their reliance on contextual information to adapt the application to better assist the user. Advances in activity recognition have made possible a second generation of ubiquitous solutions. In the seminar we will describe a new wave of pervasive healthcare applications, which are becoming possible due to progress in the estimation of user behavior. These behavior-aware systems can be used in novel healthcare applications such as to measure the effects of medication in patients suffering from mental disorders, provide feedback in rehabilitation therapies or to perceive abnormal behaviors that provide early signs of ailments such as Alzheimer’s disease.\r\n\r\n','ubiquitous','Jesus Favela',-1,232,109,10),(567,'Recepção e Credenciamento','2018-12-27','15:45:00','16:00:00','Serão distribuídos os crachás da CBOB a todos os participantes e explicadas as diretrizes gerais do evento. Todos vão ganhar também de antemão um kit com informações e amostras grátis de biscoitos e/ou bolachas.','Recepcionar e cadastrar os participantes','Organizadores',-1,234,110,18),(568,'Palestra de Apresentação','2019-01-15','14:40:00','16:40:00','Esta palestra vai apresentar a todos a motivação por trás do evento e promover uma pequena dinâmica de grupo surpresa com todos os participantes, para entrar no clima de integração de culturas. #VemPraCBOB','Apresentar o evento e integrar os participantes','Palestrante Fulano da Silva',-1,234,111,19),(569,'Degustação BoB','2018-12-27','16:50:00','18:00:00','Nossos patrocinadores trarão muita diversidade de produtos para serem apreciados por todos e comemorar as diferenças.','Degustar diferentes biscoitos e/ou bolachas','Organizadores',-1,234,112,18),(570,'Mas é Biscoito ou Bolacha?','2019-01-15','15:00:00','16:30:00','Traremos vários especialistas no assunto para se juntar às várias mesas de discussão que estarão disponíveis a todos os participantes. Pegue uma cadeira e junte-se à conversa amistosa! O importante não será definir um vencedor, mas trocar experiências.','Discussão aberta sobre a decisão final','Organizadores e Oradores',-1,234,113,15),(572,'Workshop Embalagens','2018-12-27','18:00:00','19:00:00','Este workshop se destina aos participantes do ramo da indústria.','Incentivar novas embalagens inclusivas','Beltrano Batista - Engenheiro de Alimentos e Historiador',-1,234,122,11),(573,'Festa na laje do Seu Pedro','2018-04-09','00:00:00','23:59:00','SEU PEDRO VAI FAZER AQUELE CHURRAS NA LAJE!!!! VC NÃO PODE PERDER!!!!! LEVE SUA GELADA E SUA POLENTA!','PARTY','Seu Pedro ',-1,235,123,18),(574,'Maratona da série \"O Mecanismo\"','2018-04-08','18:00:00','20:00:00','Partiu cineminha pra ver essa série supimpa na nossa maravilhosa Netflix (precisamos de alguém que tenha Netflix vá, se não tá demarcado). Leve sua pipoca e seu espumante (refrigerante).','CINEMINHA','Vizinho do Seu Pedro ',-1,235,124,20),(575,'Visita ao molusco','2018-04-10','14:00:00','18:00:00','Ninguém aqui é monstro, vamos mostrar nossa soliedariedade pelo molusco e ir visitar a cela dele e TIRAR SARRO DELE, quer dizer, falar frases positivas pra ele, do tipo: \"TOMA SEU CUZÃO\" ou \"um dia vc vai sair daí, vai ser em um piscar de olhos\"','JAILMEET','Guardinha Camarada ',-1,235,125,20),(577,'Palestra - A EXPERIÊNCIA DE UM EMPREENDEDOR NO MERCADO DE TECNOLOGIA DA INFORMAÇÃO','2018-05-11','13:00:00','14:30:00','','Empreededorismo','Márcio Francisco da Silva',-1,237,127,10),(578,'Minicurso I  jQuery','2018-05-09','13:00:00','17:00:00','Com o lema &quot;Write less, do more.&quot; (escreva menos, faça mais), jQuery revolucionou o\r\ndesenvolvimento web, sendo presente em inúmeros projetos atualmente. Neste minicurso o aluno\r\naprenderá os recursos da poderosa biblioteca jQuery para: Manipular elementos HTML e CSS, criar\r\nefeitos e animações, navegar pelo DOM e lidar com eventos.','Linguagens','Daniel dos Santos Pereira',-1,237,128,11),(579,'Minicurso I jQuery','2018-05-10','13:00:00','17:00:00','Com o lema &quot;Write less, do more.&quot; (escreva menos, faça mais), jQuery revolucionou o desenvolvimento web, sendo presente em inúmeros projetos atualmente. Neste minicurso o aluno aprenderá os recursos da poderosa biblioteca jQuery para: Manipular elementos HTML e CSS, criar efeitos e animações, navegar pelo DOM e lidar com eventos. ','Linguagens','Daniel dos Santos Pereira',-1,237,129,11),(580,'Minicurso - Programação Competitiva','2018-05-09','13:00:00','17:56:00','O minicurso abordará o mundo das competições de programação através de conceitos e exercícios práticos, de forma bem objetiva.\r\nTais exercícios serão direcionados a temas frequentemente encontrados em eventos como a\r\nOlímpiada Brasileira de Informática (OBI) e a Maratona Mineira de Programação.','Linguagens de Programação','Raissa Polyanna P. de M. Souza',-1,237,130,11),(581,'Minicurso - Programação Competitiva','2018-05-10','13:00:00','13:00:00','O minicurso abordará o mundo das competições de programação através de conceitos e exercícios práticos, de forma bem objetiva.\r\nTais exercícios serão direcionados a temas frequentemente encontrados em eventos como a\r\nOlímpiada Brasileira de Informática (OBI) e a Maratona Mineira de Programação.','Linguagens de Programação','Raissa Polyanna P. de M. Souza',-1,237,131,11),(582,'Minicrso - Robótica LEGO','2018-05-09','13:00:00','17:00:00','','Robótica','Kristtopher e Lucas',-1,237,132,11),(583,'Minicrso - Robótica LEGO','2018-05-10','13:00:00','17:00:00','','Robótica','Kristtopher e Lucas',-1,237,133,11),(584,'Minicurso - Segurança da Informação','2018-05-09','13:00:00','17:00:00','Por meio da distribuição KALI Linux, será abordardo a realidade da segurança da informação e apresentar algumas ferramentas para teste de penetração (PENTEST). Consiste em uma das principais técnicas usadas pelos Hackers no ramo de segurança da informação. \r\nMinistrado pela SetAPP (empresa júnior da UFV Campus Florestal)','Segurança','SetAPP',-1,237,134,11),(585,'Minicurso - Segurança da Informação','2018-05-10','13:00:00','17:00:00','Por meio da distribuição KALI Linux, será abordardo a realidade da segurança da informação e apresentar algumas ferramentas para teste de penetração (PENTEST). Consiste em uma das principais técnicas usadas pelos Hackers no ramo de segurança da informação. \r\nMinistrado pela SetAPP (empresa júnior da UFV Campus Florestal)','Segurança','SetAPP',-1,237,135,11),(586,'Maratona de Programação','2018-05-11','15:00:00','17:00:00','Maratona de Programação','Programação','Raissa Polyanna P. de M. Souza',-1,237,136,9),(587,'CURSO: Agroecologia e Agricultura Orgânica','2018-07-16','10:29:00','17:00:00','Identificar problemas ambientais/fitossanitários; utilizar e preparar o ambiente rural produtivo; proceder boas práticas de manejo agrícola; obter/produzir biofertilizantes, fitoterápicos e homeopáticos de interesse;  Avaliar resultados obtidos, esperados e/ou encontrados.','	Agroecologia e Agricultura Orgânica','Antônio Wilson de Oliveira Malta - INSTRUTOR',-1,238,137,14),(588,'Curso: Apicultura – Processamento de Mel e Cera','2018-07-16','08:00:00','17:00:00','','Apicultura – Processamento de Mel e Cera','Hélio Silva - Instrutor',-1,238,147,14),(589,'Curso: Criação de Galinhas e Frangos Caipira','2018-07-16','07:00:00','17:00:00','Introdução – Anatomia e Fisiologia das aves; Evolução da atividade no decorrer do tempo; Principais raças e suas características; Sistema de criação, manejo sanitário, reprodutivo, instalações e nutrição.','Criação de Galinhas e Frangos Caipira','Luciano Veneroso Haddaad - Instrutor',-1,238,156,14),(590,'Curso : Casqueamento- Aparação de Cascos e Ferrageamento','2018-07-16','07:00:00','17:00:00',' Higiene; Saúde e Segurança no Trabalho; Cuidados com o Meio Ambiente; Capacidade de Trabalhar em Equipe; Postura Pessoal e Profissional Adequada; Raciocínio: Lógico e Espacial. Importância do Casqueamento Preventivo, Noções sobre Anatomia do Aparelho Locomotor, Anomalias do Casco e Tratamentos, Preparo de Soluções Desinfetantes, Higienização do Local de Casqueamento, Ferramentas e Equipamentos, Manutenção de Ferramentas, Métodos de Contenção do Animal, Casqueamento, Aplicação de Soluções Desinfetantes e Curativas, Utilização de Bandagens, Medicamentos e Distanciadores, Planejamento, Organização e Avaliação do Trabalho.','Casqueamento- Aparação de Cascos e Ferrageamento','Roberto Antônio Salles Trindade - Instrutor',-1,238,157,14),(591,'Curso: Inseminação Artificial em Bovinos','2018-07-16','07:00:00','17:00:00','Conceito e vantagens da inseminação artificial; Anatomia e fisiologia do aparelho genital da vaca; Implantação de inseminação artificial; Materiais necessários para prática da inseminação artificial; Manejo do botijão e uso correto do sêmen; Sequência da inseminação artificial; Controle zootécnico e anotações das inseminações; Prática em peças anatômicas e vacas.','Inseminação Artificial em Bovinos','Denise Silva Okano - Instrutor',-1,238,158,14),(592,'Curso: Bovinocultura Leite / Vaqueiro','2018-07-16','07:00:00','17:00:00','Manutenção de Instalações; Limpeza e Desinfecção de Instalações e Utensílios; Escrituração Zootécnica; Contenção de Animais; Cuidados com Bezerros Recém Nascidos; Avaliação de Peso em Bovinos; Mochação de Bezerros; Controle de Ectoparasitas; Cuidados Sanitários Gerais; Aplicação de Medicamento pelas Principais Vias: Oral; Cutânea; Subcutânea; Intramuscular; Endovenosa; Tópica; Intramamária; Ordenha Higiênica.','Bovinocultura Leite / Vaqueiro','Suzana Araújo Santos - Instrutor',-1,238,159,14),(593,'Curso: Cultivo de Plantas Ornamentais','2018-07-16','07:00:00','17:00:00','O treinamento em Produção de plantas ornamentais capacita o treinando a identificar as plantas ornamentais e suas exigências para o cultivo.Ensina a escolha das matrizes para retirada das mudas,escolha de sementes, montagem do viveiro para propagação de mudas, preparo de substratos, tipo de embalagens para produção, montagem de vasos. Adubação e comercialização.O treinando ao final do evento será capaz de montar e conduzir um viveiro de mudas ornamentais, produzir e comercializar;','Cultivo de Plantas Ornamentais','Cleissimar Canuto - Instrutor',-1,238,161,14),(594,'Curso: Cultivo de Orquídeas e Bonsai','2018-07-16','07:00:00','17:00:00','Orquídeas:Introdução ao cultivo de orquídeas, visão geral do aspecto das plantas, habitat; Combate a pragas e doenças, adubação,tipos de vasos e subtratos; Preparo de adubos orgânicos. Divisão de plantas, replantio; Aspectos gerais sobre coleções e comercialização; Preparo de soluções caseiras para combate de pragas; Confecção de cachepos de madeira;\r\n\r\nBonsai:A origem do Bonsai; As espécies; A bandeja; O substrato e seus constituintes; Identificação e controle das principais pragas; Ferramentas; Modalidades de poda; Aramação, Torção; A importância do ambiente; Erros mais comuns; Práticas de Rotina.','Cultivo de Orquídeas e Bonsai','João Andrade Gonçalves/ Doir Gentil Saldanha - Instrutor',-1,238,162,14),(595,'Curso:  Jardinagem','2018-07-16','07:00:00','17:00:00','Projeto –Escolha do local – Solo –Preparo da Terra –Correção de solo –Adubação-Plantio de Mudas-Irrigação-Deficiência Nutricional –Controle Fitossanitário-Controle de Ervas Daninha-Propagação de Mudas-Arborização','Jardinagem','Marcelo Massaharu Araki/Vergilius Maro Clemente/José Luis Rosa - Instrutor',-1,238,163,14),(596,'Curso: Beneficiamento de Plantas Aromáticas e Medicinais','2018-07-16','07:00:00','17:00:00','Autoestima; Saúde e Segurança no Trabalho; Conduta Pessoal e Profissional Adequada; Raciocínio Verbal, Numérico e Espacial; Cuidados com o Meio Ambiente; Histórico do Uso das Plantas Medicinais, Aromáticas e Condimentares (PMAC), Diferenciação das Terapias Complementares, Conceitos Básicos de Botânica, Noções Básicas Sobre Ativos e Toxicidade, Coleta, Identificação e Beneficiamento de PMAC, Preparo de Remédios Caseiros, Higienização, Maceração, Infusão, Decocção, Tintura mãe, Alcoolatura, Xarope, Pomada, Gel, Argila, Solução Nasal, Dosagem, Preparo de Sal e Vinagre Aromático, Beneficiamento, Secagem e Armazenagem de Plantas Medicinais, Tomada de Decisão; Associativismo; Planejamento, Avaliação e Controle do Trabalho.\r\n\r\n','Beneficiamento de Plantas Aromáticas e Medicinais','Marcos José Mafra Guião - Instrutor',-1,238,164,14),(597,'Curso: Equitação Básica','2018-07-16','07:00:00','17:00:00','Exterior dos Equídeos e Tipos de Andamentos; Equipamentos de Equitação e Indumentária do Cavaleiro; Aproximação do Animal; Contenção do Animal; Higienização do Animal, Inspeção e Limpeza do Local; Arreamento do Animal; Procedimentos para Montar; Postura e Equilíbrio sobre o Animal; Ajudas; Efeitos de Rédeas; Atitude do Equídeo; Exercícios de Equitação com o Animal Montado em Pista: Flexionamentos e Deslocamentos Laterais, Exercícios de Equitação com o Animal Montado em Pista: flexionamentos Longitudinais Trabalho do Animal Montado no Exterior: Avaliação da Eficiência do Trabalho; Procedimentos para Desmontar-Higienização do Equídeo e do Material; Liberação e Alimentação do Equídeo.','Equitação Básica','Paulo César de Freitas - Instrutor',-1,238,165,14),(598,'Curso: Fruticultura Básica','2018-07-16','07:00:00','17:00:00','Higiene; Saúde e Segurança no Trabalho; Postura Pessoal e Profissional Adequada; Cuidado com o Meio Ambiente, Planejamento da produção, Dimensionamento da Área do Pomar, Escolha da Área, Amostragem de Solo, Profundidade de Amostra, Número e Distribuição das Amostras, Preparo e Limpeza da Área, Preparo das Covas ou Sulcos de Plantio, Plantio de Mudas, Aquisição e Seleção de Mudas, Planejamento; Gerenciamento; Análise de Custos, Comercialização do Produto; Noções de Associativismo.','Fruticultura Básica',' Antônio Cézar Pereira Calil - Instrutor',-1,238,171,14),(599,'Curso: Operação e Manutenção de Tratores Agrícolas TAP','2018-07-16','07:00:00','17:00:00',' Conhecimentos Básicos sobre a estrutura do TAP; manobras básicas na condução do TAP; Sistemas do TAP e sua manutenção: sistemas de arrefecimento, alimentação de combustível, alimentação de ar, elétrico, lubrificação, embreagem, freios, sistemas de rodas. Lubrificantes; adequação do TAP ao implemento; Acoplamento e desaclopamento do implemento; Regulagem e manutenção do implemento; operação do TAP com implemento; planejamento, organização e controle de manutenção e serviços.','Operação e Manutenção de Tratores Agrícolas TAP',' Ronaldo Goulart Magno Júnior -Instrutor',-1,238,173,14),(600,'Curso: Operação de Retroescavadeira','2018-07-16','07:00:00','17:00:00','Operações utilizando o retro e a caçamba das máquinas; Manutenções básicas; Abordagem de Prevenção e Segurança no Trabalho.','Operação de Retroescavadeira','Dirceu José de Freitas - Instrutor',-1,238,174,14),(601,'Curso: Cosmética Natural e Aromaterapia','2018-07-16','07:00:00','17:00:00','Cosmética Natural com ênfase na pratica e reflexão sobre os produtos usados para o embelezamento e cuidados básicos com a saúde; Confecção de cosméticos naturais usando como matéria-prima as ervas medicinais: Repasse de confecção de receitas simples com resultados eficientes; Produção de: extratos vegetais, sabonetes em barra e líquidos, balsamo medicinal, protetor labial, desodorante e escalda pés.\r\n\r\nAromaterapia – o que é aromaterapia; Como cuidar da saúde com aromaterapia de forma integral; O que é óleo essencial e óleo vegetal;formas e utilizações com os óleos essenciais e vegetais; como criar uma sinergia com os óleos; manipulação de óleo corporal, gel, tônico facial, sais de banho e máscara de argila com óleos essenciais.','Cosmética Natural e Aromaterapia','Maria Cristina / Andréa Rodrigues - Instrutoras',-1,238,178,14),(602,'Curso: Práticas Terapêuticas Naturais','2018-07-16','07:00:00','17:00:00',' Histórico e Princípios da Homeopatia; Modos de Preparo da Homeopatia no Meio Rural;  Leis de Cura, Supressão, Patogenesia e Anamnese dos organismos vivos; Centros Energéticos e Acologia das Altas Diluições (estudo da Matéria Médica homeopática); Uso dos preparados homeopáticos nos organismos vivos;  Introdução a Radiestesia; Terapia floral: o que são e como agem os florais; Obtenção/manipulação das essências florais; Manipulação de remédios caseiros: boas práticas de manipulação, preparo de xaropes, tinturas e pomadas.','Práticas Terapêuticas Naturais','Priscila Alves dos Santos - Instrutora',-1,238,179,14),(603,'Curso: Cultivo Hidropônico de Alface','2018-07-16','07:00:00','17:00:00','Identificação do mercado; Conhecimento das exigências do alface; Caracterização do ambiente protegido; Dimensionamento do sistema hidropônico; Montagem das estruturas; Preparo da solução nutritiva; Manejo da solução nutritiva; Obtenção de mudas; Manejo da cultura; Colheita; Pós colheita; Transporte; Comercialização.','Cultivo Hidropônico de Alface',' Adilson de Castro Antônio- Instrutor',-1,238,180,14),(604,'Curso: Piscicultura','2018-07-16','07:00:00','17:00:00',' 1- Situação atual da Piscicultura no Brasil e no Mundo; Aspectos Socioeconômicos; Aquicultura/piscicultura. Sistemas de produção; 2- Espécies de peixes próprias para piscicultura; 3-Anatomia e fisiologia de espécies de peixes de interesse econômico; 4- Qualidade da água para Piscicultura/ Análises de água; Adubação e calagem; Nutrição e Alimentação; Manejo Biometria, Classificação; Povoamento de viveiros e Despesca; Construção de Tanques (características do solo); Principais doenças das espécies de peixes cultivados; Noções de Legislação Ambiental aplicada a Piscicultura.','Piscicultura','Carlos Henrique de Figueiredo Vasconcellos - Instrutor',-1,238,181,14),(605,'Curso: Doces e Compotas','2018-07-16','07:00:00','17:00:00','Valor Nutricional de Frutos e Legumes; Higienização do Local de Trabalho, dos Materiais, dos Equipamentos e Pessoal; Recepção e Seleção dos Frutos e Legumes; Fabricação de Compotas; Doce em Massa em Pasta e Geléias; Preparo do Produto para a Comercialização (Lacre, Rotulagem e Armazenamento); Planejamento do Trabalho; Custos e Comercialização; Noções de Associativismo.','Doces e Compotas','Alice Arcocha Teixeira- Instrutora',-1,238,183,14),(606,'Cerimônia e Palestra de Abertura','2018-05-23','13:00:00','15:00:00','','Futebol e Política não se discutem, se analisam!','Pedro Olmo Stancioli Vaz de Melo',-1,239,193,10),(607,'Palestra 1','2018-05-24','13:30:00','15:00:00','','Liderança de Produtos Digitais','Yolanda Vieira de Castro',-1,239,194,10),(608,'Palestra 2','2018-05-24','15:30:00','17:00:00','','Transformação Ágil','Pedro Henrique Resende Soares',-1,239,195,10),(609,'Maratona de Programação','2018-05-24','07:30:00','12:00:00','','Maratona de Programação','Juliana Rezende',-1,239,201,9),(610,'Mesa Redonda','2018-05-23','15:30:00','17:30:00','','O que fazer após a graduação: Mestrado ou partir para o mercado de trabalho?','Daniel Mendes Barbosa',-1,239,208,15),(611,'Minicurso 1','2018-05-25','07:30:00','16:00:00','','Microsserviços: Teoria e prática com o projeto Spring Cloud e Netflix OSS.','Elena Augusta Araújo',-1,239,209,11),(612,'Minicurso 2','2018-05-25','07:30:00','16:00:00','','Pentest – Teste de Invasão com Kali Linux','Paulo Roberto Oliveira Brandão Alves',-1,239,210,11),(613,'Minicurso 3','2018-05-25','07:30:00','16:00:00','','Jornada Empreendedora: Prática, processo e ferramentas','Rolf Elias Gaspar',-1,239,211,11),(614,'Encerramento','2018-05-25','16:00:00','17:00:00','','Resultado da Maratona de Programação e Sorteio de Brindes','Daniel Mendes Barbosa',-1,239,212,18),(615,'Curso: Fertilidade do Solo e Fertilizantes Orgânicos, Minerais e Biológicos','2018-07-16','07:00:00','17:00:00',' Introdução à Fertilidade do Solo e a Nutrição de Plantas. Fertilidade do Solo e Nutrição de Plantas no contexto do Manejo Integrado. Elementos Essenciais: Macronutrientes, Micronutrientes e Elementos Benéficos; Avaliação da Fertilidade do Solo e do Estado Nutricional das Plantas. Amostragem e Análises de Solos e Plantas. Interpretação das Análises de Solos e Plantas; Preparo e Recomendação de Corretivos, Condicionadores, Bioestimulantes e Fertilizantes Orgânicos, Minerais e Biológicos; Novas tendências em Fertilidade do Solo e Nutrição de Plantas; Aspectos econômicos, legais, sociais e ambientais da Fertilidade do Solo e da Nutrição de Plantas.','Fertilidade do Solo e Fertilizantes Orgânicos, Minerais e Biológicos','Rafael de Oliveira e Silva/Débora Durães Almeida/Marihus Altoé Baldotto - INSTRUTORES',-1,238,213,14),(616,'CURSO:  Manutenção e Operação de Motosserra / Desdobramento de Toras','2018-07-16','07:00:00','17:00:00','Legislação Florestal; Conhecimentos Básicos sobre Motosserra: Marcas, Modelos e Uso; Componentes (Motor, Sistema de Corte e de Segurança; Equipamentos de Proteção Individual – EPI; Manutenção Preventiva da Motosserra; Montagem e Desmontagem do Conjunto de Corte; Preparo da Mistura de Combustível, Abastecimento e Transporte; Montagem, Desmontagem e Regulagem do Carburador; Afiação da Corrente; Corte Florestal: Derrubada e Traçamento.','Manutenção e Operação de Motosserra / Desdobramento de Toras','Joseny Teixeira - INSTRUTORA',-1,238,214,14),(617,'CURSO: Embutidos e Defumados/ Carne Suína','2018-07-16','07:00:00','17:00:00','Higiene e Saúde do Manipulador de Alimento; Segurança no Trabalho e Alimentar; Direito do Consumidor; Cuidados com o meio Ambiente, Noções de Boas Práticas de Fabricação, Noções Básicas sobre Preparo para o Abate, Abate do Suíno, Evisceração, Avaliação de Vísceras e Separação das Bandas para o Resfriamento, Separação dos Miúdos, Sobras Comestíveis e Tripas, Limpeza de Tripas, Obtenção e Processamento do Toucinho, Copa, Lombo, Costela, Focinho, Pé e Rabinho para Defumação, Fabricação de Linguiça Frescal e Linguiça Defumada, Fabricação de Torresmo e Pele á Pururuca, Aproveitamento dos Miúdos e Sobras Comestíveis, Defumação das Peças, Fabricação do Presunto Cozido e do Tender, Embalagem, Rotulagem e Armazenamento, Destinação de Efluentes, Legislação para Produção e Comercialização; Influência da Qualidade do Produto na Competitividade; Noções sobre Associativismo.','Embutidos e Defumados/ Carne Suína','Hudson Costa Joviano Aquino - INSTRUTOR',-1,238,215,14),(618,'CURSO: Embutidos e Defumados / Frango','2018-07-16','07:00:00','17:00:00','Noções de Boas Práticas de Fabricação; Noções de Legislação sobre Abate e Boas Práticas de Fabricação; Perigos e Pontos Críticos de Contaminação; Pré-abate; Abate; Pós-Abate; Higienização de Mãos e Antebraços; Higienização do Local, dos Utensílios e do Vasilhame; Preparo do Frango Inteiro para Defumação; Defumação do Frango; Processamento do Frango; Cortes: Comercial e Tradicional;  Recorte das Peças; Desossa dos Cortes; Desossa do Frango para Recheio e Rocambole; Produção de Linguiça Frescal e Defumada; Produção de Hambúrguer e Almôndega; Produção de Empanados; Avaliação Sensorial.','Embutidos e Defumados / Frango','Cyro Daniel de Campos - INSTRUTOR',-1,238,216,14),(619,'CURSO: Derivados do Leite','2018-07-16','07:00:00','17:00:00','Noções da Legislação, Registro Junto a Órgãos de Inspeção e Rotulagem; Limpeza e Desinfecção do Ambiente, do Vasilhame, dos Utensílios e do Local de Trabalho; Noções da Legislação, Registro Junto a Órgãos de Inspeção e Rotulagem; Noções de Boas Práticas de Fabricação; Análise do Leite; Pasteurização Lenta; Preparo e Manutenção da Salmoura; Fabricação do Queijo Minas Frescal; Ricota Fresca; Mussarela; Iogurte; Doce de Leite Pastoso; Requeijão em Barra; Queijo Minas Padrão; Avaliação Sensorial dos Produtos.','Derivados do Leite','Alberto Lisboa- INSTRUTOR',-1,238,217,14),(620,'CURSO: Processamento de Legumes e Vegetais','2018-07-16','07:00:00','17:00:00','Valor nutritivo dos vegetais; Cuidados sanitários no processamento de alimentos; Higienização: Pessoal, Equipamentos, Alimentos Utensílios e Ambientes de Trabalho; Importância da qualidade da matéria prima no resultado do produto final; Fabricação de conservas e molhos; Preparo de hortaliças (branqueamento); Pasteurização de vidros e utensílios; Fabricação de picles, envasamento e processamento térmico; Preparo de molhos e tomates secos; Preparo dos produtos para comercialização.','Processamento de Legumes e Vegetais','Maria Vânia de Freitas - INSTRUTORA',-1,238,218,14),(621,'CURSO: Produção Artesanal de Alimentos/ Panificação','2018-07-16','07:00:00','17:00:00','Importância da Produção Artesanal de Alimentos; Organização e Higienização do Ambiente de Trabalho; Aquisição de Matérias-primas Regionais, Material; Limpeza e Embalagens; Produção Artesanal de Alimentos Assados Utilizando Métodos: Mistura de um Estágio; Mistura de Ingredientes Básicos; Mistura de Ingredientes em Creme; Escaldamento; Convencional Esponja; Convencional Direto; Apresentação e Distribuição dos Produtos; Conservação e Armazenamento dos Alimentos; Preparados; Higienização Final do Ambiente de Trabalho.','Produção Artesanal de Alimentos/ Panificação','Rita Maria de Oliveira - INSTRUTORAS',-1,238,219,14),(623,'CURSO: Construção de Fossa Séptica','2018-07-16','07:00:00','17:00:00','Tanque de Evapotranspiração; Escolha do local da fossa; Transporte dos materiais e ferramentas; Locação da fossa; Escavação; Construção da laje de fundo; Instalação dos Pneus; Montagem Hidráulica; Enchimento; Dreno; Aterro; Interligação a rede do vaso sanitário; Plantio das Espécies Selecionadas; Fechamento da Área; Limpeza da Área.','Construção de Fossa Séptica','Diogo Faria Machado - INSTRUTOR',-1,238,221,14),(624,'CURSO: Agroecologia e Agricultura Orgânica','2018-07-16','07:00:00','17:00:00',' Identificar problemas ambientais/fitossanitários; utilizar e preparar o ambiente rural produtivo; proceder boas práticas de manejo agrícola; obter/produzir biofertilizantes, fitoterápicos e homeopáticos de interesse;  Avaliar resultados obtidos, esperados e/ou encontrados.','Agroecologia e Agricultura Orgânica','Antônio Wilson de Oliveira Malta- INSTRUTOR',-1,238,222,14),(625,'Teste1','2018-05-18','08:38:00','10:38:00','Teste rápido!','Teste1','testadora',-1,240,223,12),(627,'teste3','2018-05-21','18:40:00','20:35:00','Fim de teste','teste3','testadora',-1,240,225,12),(628,'CURSO: Manejo Reprodutivo de Suinos(Gestação e maternidade)','2018-07-16','07:00:00','17:00:00','Cuidados com marrãs de reposição; antecipação de cio; Inseminação e escore corporal na gestação; alimentação(gestação e pós-parto).','Manejo Reprodutivo de Suinos(Gestação e maternidade)','Rafael de Oliveira e Silva/Libni Felix e Silva - INSTRUTOR',-1,238,226,14),(630,'CURSO: Artesanato de Fibras Naturais (Rígidas)','2018-07-16','07:00:00','17:00:00','Autoestima; Segurança no Trabalho; Cuidados com o Meio Ambiente; Valorização da Atividad; Colheita do Bambu; Preparo do Bambu; Tratamento; Corte; Embuchamento do Bambu; Travamento da Bucha; Montagem da Peça; Travamento da Peça; Acabamento; Características do Comportamento Empreendedor.',' Móveis de Bambu','Marcus Duarte Bezerra- INSTRUTOR',-1,238,228,14),(632,'MINI CURSO: Cadeia Produtiva Do Leite','2018-07-16','16:30:00','18:30:00','Você terá a oportunidade de saber: como produzir um leite de qualidade; seu beneficiamento em produtos de qualidade (foco em queijos) e como comercializar para obter boa margem de lucro. ','Cadeia Produtiva Do Leite',' NECA e NECTEA',-1,238,230,11),(634,'Tenda da Clínica Tecnológica','2018-07-17','10:00:00','14:00:00','Durante todos os dias na Tenda da Clínica Tecnológica, em frente ao CTA, de 10h às 14h, o NECA realizará consultorias nas àreas de Bovinocultura de Leite, Horticultura, Suínos, Aves e Reciclagem de resíduos e seus diversos usos.','Bovinocultura de Leite, Horticultura, Suínos, Aves e Reciclagem de resíduos e seus diversos usos','NECA',-1,238,231,18),(635,'Tenda da Clínica Tecnológica','2018-07-18','10:00:00','14:00:00','Durante todos os dias na Tenda da Clínica Tecnológica, em frente ao CTA, de 10h às 14h, o NECA realizará consultorias nas àreas de Bovinocultura de Leite, Horticultura, Suínos, Aves e Reciclagem de resíduos e seus diversos usos.','Bovinocultura de Leite, Horticultura, Suínos, Aves e Reciclagem de resíduos e seus diversos usos','NECA',-1,238,231,18),(636,'Tenda da Clínica Tecnológica','2018-07-19','10:00:00','14:00:00','Durante todos os dias na Tenda da Clínica Tecnológica, em frente ao CTA, de 10h às 14h, o NECA realizará consultorias nas àreas de Bovinocultura de Leite, Horticultura, Suínos, Aves e Reciclagem de resíduos e seus diversos usos.','Bovinocultura de Leite, Horticultura, Suínos, Aves e Reciclagem de resíduos e seus diversos usos','NECA',-1,238,231,18),(637,'Tenda da Clínica Tecnológica','2018-07-20','10:00:00','14:00:00','Durante todos os dias na Tenda da Clínica Tecnológica, em frente ao CTA, de 10h às 14h, o NECA realizará consultorias nas àreas de Bovinocultura de Leite, Horticultura, Suínos, Aves e Reciclagem de resíduos e seus diversos usos.','Bovinocultura de Leite, Horticultura, Suínos, Aves e Reciclagem de resíduos e seus diversos usos','NECA',-1,238,231,18),(638,'Mini Curso: Substrato Orgânico para Jardins e Hortas','2018-07-17','16:30:00','18:30:00','Já pensou se todos os restos de alimentos da sua cozinha pudessem ser reutilizados em suas plantas? A reciclagem do lixo orgânico transforma a matéria prima orgânica encontrada no lixo em adubo, Venha conferir!','Substrato Orgânico para Jardins e Hortas','NECA',-1,238,232,11),(640,'Mini Curso: Substrato Orgânico para Jardins e Hortas','2018-07-19','16:30:00','18:30:00','Já pensou se todos os restos de alimentos da sua cozinha pudessem ser reutilizados em suas plantas? A reciclagem do lixo orgânico transforma a matéria prima orgânica encontrada no lixo em adubo, Venha conferir!','Substrato Orgânico para Jardins e Hortas','NECA',-1,238,232,11),(641,'Mini Curso: Do Óleo ao Sabão','2018-07-18','16:30:00','18:30:00','Não sabe o que fazer com o óleo de cozinha usado? Venham aprender a torná-lo um aliado na limpeza! O sabão artesanal é uma das formas mais inteligentes de reciclagem nos dias atuais. Esse sabão resulta em economia com produtos de limpeza, ajuda a manter o Planeta limpo e ainda pode ser uma fonte de renda.','Do Óleo ao Sabão','NECA',-1,238,233,11),(642,'Dia de Campo','2018-07-20','08:00:00','10:30:00','O Dia de Campo busca orientar os produtores e trabalhadores rurais no uso correto de defensivos agrícolas. Venha participar e aprimorar seus conhecimentos!',' Boas Práticas na aplicação de Defensivos Agrícolas','NECA',-1,238,234,11),(644,'Tenda da Clínica Tecnológica','2018-07-17','10:00:00','14:00:00','Durante todos os dias na Tenda da Clínica Tecnológica, em frente ao CTA, de 10h às 14h, o NECTEA realizará consultorias sobre: Venda e Marketing; Boas Práticas de Fabricação; Estrutura Funcional; Legislação; Custos e Elaboração de Preço.','Venda e Marketing; Boas Práticas de Fabricação; Estrutura Funcional; Legislação; Custos e Elaboração de Preço','NECTEA',-1,238,235,18),(645,'Tenda da Clínica Tecnológica','2018-07-18','10:00:00','14:00:00','Durante todos os dias na Tenda da Clínica Tecnológica, em frente ao CTA, de 10h às 14h, o NECTEA realizará consultorias sobre: Venda e Marketing; Boas Práticas de Fabricação; Estrutura Funcional; Legislação; Custos e Elaboração de Preço.','Venda e Marketing; Boas Práticas de Fabricação; Estrutura Funcional; Legislação; Custos e Elaboração de Preço','NECTEA',-1,238,235,18),(646,'Tenda da Clínica Tecnológica','2018-07-19','10:00:00','14:00:00','Durante todos os dias na Tenda da Clínica Tecnológica, em frente ao CTA, de 10h às 14h, o NECTEA realizará consultorias sobre: Venda e Marketing; Boas Práticas de Fabricação; Estrutura Funcional; Legislação; Custos e Elaboração de Preço.','Venda e Marketing; Boas Práticas de Fabricação; Estrutura Funcional; Legislação; Custos e Elaboração de Preço','NECTEA',-1,238,235,18),(647,'Tenda da Clínica Tecnológica','2018-07-20','10:00:00','14:00:00','Durante todos os dias na Tenda da Clínica Tecnológica, em frente ao CTA, de 10h às 14h, o NECTEA realizará consultorias sobre: Venda e Marketing; Boas Práticas de Fabricação; Estrutura Funcional; Legislação; Custos e Elaboração de Preço.','Venda e Marketing; Boas Práticas de Fabricação; Estrutura Funcional; Legislação; Custos e Elaboração de Preço','NECTEA',-1,238,235,18),(648,'Mini Curso: Venda e Marketing','2018-07-18','16:30:00','18:30:00','Quer entender melhor sobre como divulgar e vender seus produtos de forma efetiva? Saiba como elaborar estratégias de marketing e venda para sua empresa.','Venda e Marketing','NECTEA',-1,238,236,11),(649,'Mini Curso: Boas Práticas de Fabricação','2018-07-18','16:30:00','18:30:00','Boas Práticas de Fabricação – Como deve ser feita a higienização para a produção de alimentos saudáveis livres de microorganismos? Te ensinaremos como devem ser as etapas para que seu produto seja seguro para o consumo e atenda a legislação.','Boas Práticas de Fabricação','NECTEA',-1,238,237,11),(650,'Mini Curso : Legislação','2018-07-18','16:30:00','18:30:00','Legislação – Conhece as principais leis que ditam como deve ser a produção de alimentos? Vamos mostrar quais são e como se adequar a ela','Legislação','NECTEA',-1,238,238,11),(651,'Mini Curso: Estrutura Funcional','2018-07-19','16:30:00','18:30:00','Como deve ser seu estabelecimento para a produção de alimento seguro, de qualidade e que atenda a legislação? Mostraremos como deve ser construída e mantida sua empresa sob o ponto de vista da legislação.','Estrutura Funcional','NECTEA',-1,238,239,11),(652,'Mini Curso: Custos e elaboração de preços','2018-07-19','16:30:00','18:30:00','Quer vender seu produto e não sabe quanto cobrar? Explicaremos a diferença entre investimento e despesas e como montar o preço de seu produto para que obtenha lucro e não prejuízo.','Custos e elaboração de preços','NECTEA',-1,238,240,11),(653,'ATV02','2018-04-25','16:39:00','16:42:00','Descrevendo....','Qualquer um','Alguém',0,236,126,10),(654,'ATV02','2018-04-26','16:39:00','16:42:00','Descrevendo....','Qualquer um','Alguém',0,236,126,10),(655,'ATV02','2018-04-27','16:39:00','16:42:00','Descrevendo....','Qualquer um','Alguém',0,236,126,10),(656,'Palestra','2018-07-17','17:00:00','18:00:00','','REGULARIZAÇÃO AMBIENTAL DE PROPRIEDADE RURAL','FOCO ENGENHARIA',-1,238,241,10),(657,'Balaio de Saberes','2018-07-19','07:00:00','17:00:00','','Agroecologia','.',-1,238,242,18),(658,'SHOWS NOTURNOS','2018-07-16','19:00:00','23:00:00','DIVERSOS SHOWS REGIONAIS','SHOWS','.',1,238,243,18),(659,'SHOWS NOTURNOS','2018-07-17','19:00:00','23:00:00','DIVERSOS SHOWS REGIONAIS','SHOWS','.',1,238,243,18),(660,'SHOWS NOTURNOS','2018-07-18','19:00:00','23:00:00','DIVERSOS SHOWS REGIONAIS','SHOWS','.',1,238,243,18),(661,'SHOWS NOTURNOS','2018-07-19','19:00:00','23:00:00','DIVERSOS SHOWS REGIONAIS','SHOWS','.',1,238,243,18),(662,'DIA DE CAMPO','2018-07-20','13:00:00','15:00:00','','PRODUÇÃO DE HORTALIÇAS EM SISTEMA DE PLANTIO DIRETO AGROECOLÓGICO','.',-1,238,244,18),(663,'Discurso da Comissão Técnica','2018-12-27','17:15:00','17:45:00','','Algumas palavras de apoio ao evento serão ditas pelo pessoal da comissão técnica','Comissão Técnica',-1,234,245,10),(664,'Keynote: What’s Flutter and why should you do try it now?','2019-03-15','09:15:00','10:00:00','What’s that Flutter everybody in mobile development is talking about these days? Another new thing that will be forgotten by this time next year or a true revolution in\r\nmobile apps development? Is it really worth my time?\r\n\r\nIn this talk I’m going to introduce you to Flutter, Google’s mobile app SDK for crafting high-quality native interfaces for iOS and Android in record time.\r\nFlutter works with existing code, is used by developers and organizations around the world, and is a free and open source.\r\n\r\nO.K., I recognize that was the commercial pitch… but I am going way further that commercial pitch. I am going to show you the features that make Flutter one of\r\nthe most pleasant and productive development platforms I’ve seen, I am going to show you how you can use Flutter to create beautiful UI with fewer lines of code and\r\nminimal boilerplate. And I will also show the points where Flutter needs improvement, and what the Flutter team and community is doing to address them.','Flutter','Horacio Gonzalez',-1,242,246,10),(665,'What mom never told you about multi-threading (mobile edition)','2019-03-15','10:15:00','11:00:00','When we were little kids, surely there were many taboo topics our moms never mentioned. There is actually a big chance one of those is multi-threading.\r\n\r\nThat is why in this talk we are going to walk together through the different alternatives we have nowadays in order to handle, manage and master multi-threading on mobile platforms.\r\n\r\nOur focus will be mainly Android but all the content and techniques exposed here can be also used within other platforms for software engineering threading problem solving.\r\n\r\nJump in!','Multi-threading','Fernando Cejas',-1,242,247,15),(666,'Understanding the Standard Library','2019-03-15','16:00:00','17:30:00','Although the Swift compiler is written C++, Swift\'s standard library is written in Swift and makes for a treasure trove of ideas, techniques, and optimizations.\r\n\r\nIn this session I\'ll walk you through several code examples taken straight from the Swift standard library, explaining how they work and how you can apply the same techniques to your own code.','Swift Standard Library','Paul Hudson',-1,242,248,10),(667,'Lessons Learned Building a Product for Mobile','2019-03-15','10:15:00','11:00:00','Mobile is a growing market and has different needs than desktop. In this talk, Sam will dive into things that he and his team found out while doing research for new products and how they dealt with some of the expectations and challenges of the platform.\r\n\r\nPeople in the audience will learn how big the mobile opportunity is, how users expect different things and how to deal with that, the limitations of the platform and more.','Mobile Market','Samuel Beek',-1,242,249,10),(668,'Fintech for millennials & early adopters: why the UI/UX + AI is game-changing','2019-03-15','10:15:00','11:00:00','Expect practical UI/UX examples, applied AI use cases, pitfalls to avoid and how others got it right to date.\r\n\r\nIn our run towards a cashless experience learning to speak the customer\'s language dictates how fast the adoption will go. Join if you\'re interested to remove complexity, explore instant success and get a look into how AI is changing the dynamics of fintech.','UI/UX','Alexandra Petrus',-1,242,250,10),(669,'Coffee Break','2019-03-15','10:00:00','10:15:00','','Coffee Break','-',-1,242,251,18),(670,'Taming WebSocket with Scarlet','2019-03-15','11:15:00','12:00:00','Despite being a well-established standard for bi-directional persistent connection between client and server, WebSocket is complicated to set up on Android.\r\n\r\nWhen Tinder migrated to WebSocket for its real-time chat experience, they developed Scarlet: an extensible Kotlin library inspired by Retrofit that eliminates the boilerplate code required to handle data serialization and specify when to connect and retry.\r\n\r\nAfter this talk, you\'ll be able to configure Scarlet using many of its plugins and integrate any WebSocket API in 10 minutes.','WebSockets','Zhixuan Lai',-1,242,252,10),(671,'Actor based approach in practice for Swift developers (Level dev/pro)','2019-03-15','12:32:00','18:13:00','Actor based programming is an alternative way to write your code in a way it is by design asynchronous-friendly to write and test. Proposed in 70\'s, recently receives more and more popularity in many different programming areas.\r\n\r\nIf you ever heard about actors but wasn\'t sure about benefit of using it in iOS apps, this presentation is for you! But don\'t worry if you are unfamiliar with actors; I will guide you through main concepts and demonstrate practical approach to implement it in Swift.','Swift','Bartosz Polaczyk',-1,242,253,10),(672,'wow. very vector. such love','2019-03-15','16:15:00','18:00:00','Mark Allison (author of https://blog.stylingandroid.com) has a deep love of VectorDrawable. He has spoken at conferences about how to construct and Animate them in his talk entitled “Vector All The Things”.\r\n\r\nIn this all-new talk, Mark will look at some of the features which have been added to VectorDrawable and its sibling AnimatedVectorDrawable since they first appeared in Android Lollipop 5.0 (API 21). There will be a dive in to fill windings which can cause some baffling rendering oddities, yet can be quite simple to fix once you recognise that fill windings are the cause; There will also be a look at the recently added gradient support; And, of course, there will be plenty of tricks and tips to help with your creation of fabulous VectorDrawables and amazing Animations.','Vector Graphics','Mark Allison',-1,242,259,10),(673,'Panel discussion by John Sundell','2019-03-16','15:45:00','16:45:00','In Friday\'s \"Discussion Panel by John Sundell\" will take part:\r\n- Hash Riaz - Junior Programme Manager, Abbey Road Studios\r\n- Krzysztof Kogutkiewicz - CEO at Miquido\r\n- Fernando Cejas - Developers Advocate, IBM Deutschland\r\n- Megan Kane - iOS Developer, Novoda\r\nPrepare questions for our experts on Twitter. Just use #mobiconfpanel and tag our profile!','UI/UX','John Sundell',-1,242,260,19);
/*!40000 ALTER TABLE `atividade` ENABLE KEYS */;
UNLOCK TABLES;

--
-- Table structure for table `atividade_social`
--

DROP TABLE IF EXISTS `atividade_social`;
/*!40101 SET @saved_cs_client     = @@character_set_client */;
/*!40101 SET character_set_client = utf8 */;
CREATE TABLE `atividade_social` (
  `ID` int(11) NOT NULL AUTO_INCREMENT,
  `Nome_social` char(50) NOT NULL,
  `Data` varchar(20) DEFAULT NULL,
  `Hora` time DEFAULT NULL,
  `Descricao` varchar(1000) NOT NULL DEFAULT 'sem descricao',
  `ID_ORGANIZADOR` int(11) DEFAULT NULL,
  `ID_EVENTO` int(11) NOT NULL,
  `Foto_social` blob,
  `Link_social` char(100) NOT NULL,
  `id_facebook` varchar(30) NOT NULL,
  PRIMARY KEY (`ID`),
  KEY `ID_EVENTO` (`ID_EVENTO`)
) ENGINE=InnoDB AUTO_INCREMENT=40 DEFAULT CHARSET=latin1;
/*!40101 SET character_set_client = @saved_cs_client */;

--
-- Dumping data for table `atividade_social`
--

LOCK TABLES `atividade_social` WRITE;
/*!40000 ALTER TABLE `atividade_social` DISABLE KEYS */;
INSERT INTO `atividade_social` VALUES (38,'V SECOM','18-05-2016','07:00:00','Semana da computaÃ§Ã£o UFV - Campus Florestal. Teremos palestras, minicursos, maratona de programaÃ§Ã£o e mesa redonda!',NULL,213,NULL,'https://www.facebook.com/events/797941700336001','797941700336001'),(39,'Aula Sd','30-03-2016','08:00:00','Bala bsjshsjsk',NULL,213,NULL,'https://www.facebook.com/events/1556719111287627','1556719111287627');
/*!40000 ALTER TABLE `atividade_social` ENABLE KEYS */;
UNLOCK TABLES;

--
-- Table structure for table `atividade_tipo_inscricao`
--

DROP TABLE IF EXISTS `atividade_tipo_inscricao`;
/*!40101 SET @saved_cs_client     = @@character_set_client */;
/*!40101 SET character_set_client = utf8 */;
CREATE TABLE `atividade_tipo_inscricao` (
  `ID_ATIVIDADE` int(11) NOT NULL,
  `ID_TIPO_INSCRICAO` int(11) NOT NULL,
  PRIMARY KEY (`ID_ATIVIDADE`),
  KEY `ID_TIPO_INSCRICAO` (`ID_TIPO_INSCRICAO`)
) ENGINE=InnoDB DEFAULT CHARSET=latin1;
/*!40101 SET character_set_client = @saved_cs_client */;

--
-- Dumping data for table `atividade_tipo_inscricao`
--

LOCK TABLES `atividade_tipo_inscricao` WRITE;
/*!40000 ALTER TABLE `atividade_tipo_inscricao` DISABLE KEYS */;
/*!40000 ALTER TABLE `atividade_tipo_inscricao` ENABLE KEYS */;
UNLOCK TABLES;

--
-- Table structure for table `checkin_social`
--

DROP TABLE IF EXISTS `checkin_social`;
/*!40101 SET @saved_cs_client     = @@character_set_client */;
/*!40101 SET character_set_client = utf8 */;
CREATE TABLE `checkin_social` (
  `ID_PARTICIPANTE` int(11) NOT NULL AUTO_INCREMENT,
  `ID_ATIVIDADE_SOCIAL` int(11) NOT NULL,
  PRIMARY KEY (`ID_PARTICIPANTE`),
  KEY `ID_ATIVIDADE_SOCIAL` (`ID_ATIVIDADE_SOCIAL`)
) ENGINE=InnoDB DEFAULT CHARSET=latin1;
/*!40101 SET character_set_client = @saved_cs_client */;

--
-- Dumping data for table `checkin_social`
--

LOCK TABLES `checkin_social` WRITE;
/*!40000 ALTER TABLE `checkin_social` DISABLE KEYS */;
/*!40000 ALTER TABLE `checkin_social` ENABLE KEYS */;
UNLOCK TABLES;

--
-- Table structure for table `confirmacao_social`
--

DROP TABLE IF EXISTS `confirmacao_social`;
/*!40101 SET @saved_cs_client     = @@character_set_client */;
/*!40101 SET character_set_client = utf8 */;
CREATE TABLE `confirmacao_social` (
  `ID_PARTICIPANTE` int(11) NOT NULL AUTO_INCREMENT,
  `ID_ATIVIDADE_SOCIAL` int(11) NOT NULL,
  PRIMARY KEY (`ID_PARTICIPANTE`),
  KEY `ID_ATIVIDADE_SOCIAL` (`ID_ATIVIDADE_SOCIAL`)
) ENGINE=InnoDB DEFAULT CHARSET=latin1;
/*!40101 SET character_set_client = @saved_cs_client */;

--
-- Dumping data for table `confirmacao_social`
--

LOCK TABLES `confirmacao_social` WRITE;
/*!40000 ALTER TABLE `confirmacao_social` DISABLE KEYS */;
/*!40000 ALTER TABLE `confirmacao_social` ENABLE KEYS */;
UNLOCK TABLES;

--
-- Table structure for table `evento`
--

DROP TABLE IF EXISTS `evento`;
/*!40101 SET @saved_cs_client     = @@character_set_client */;
/*!40101 SET character_set_client = utf8 */;
CREATE TABLE `evento` (
  `ID` int(11) NOT NULL AUTO_INCREMENT,
  `Sigla` varchar(20) NOT NULL,
  `nome` varchar(100) NOT NULL,
  `informacoes_gerais` varchar(5000) NOT NULL COMMENT 'Informacoes sobre o evento',
  `Data_inicio` date NOT NULL,
  `Data_fim` date NOT NULL,
  `urlLogo` varchar(400) DEFAULT NULL,
  `local_principal` varchar(140) NOT NULL,
  `Ativo` int(11) NOT NULL DEFAULT '1',
  `Privacidade` int(11) NOT NULL DEFAULT '2',
  `score_evento` decimal(6,5) DEFAULT NULL,
  PRIMARY KEY (`ID`)
) ENGINE=InnoDB AUTO_INCREMENT=243 DEFAULT CHARSET=latin1;
/*!40101 SET character_set_client = @saved_cs_client */;

--
-- Dumping data for table `evento`
--

LOCK TABLES `evento` WRITE;
/*!40000 ALTER TABLE `evento` DISABLE KEYS */;
INSERT INTO `evento` VALUES (213,'VSECOM','V Semana da Computação','A Semana da Computação (SECOM) visa promover o contato dos estudantes com a atual situação do mercado de trabalho na area de Computação, assim como apresentar-lhes algumas inovacoes tecnologicas, tendencias e perspectivas. O publico-alvo sao os alunos do curso de Graduação em Ciencia da Computação da Universidade Federal de Vicosa campus de Florestal (UFV-CAF).','2017-07-28','2017-07-28','https://scontent-lga3-1.xx.fbcdn.net/hphotos-xpl1/v/t1.0-9/12938279_886970108098786_5223580658982602320_n.png?oh=0377d586fde1fcfc2b96ffd2b49f4890&oe=57B9BCBA','UFV Campus Florestal',0,2,0.51589),(214,'EV1','Evento Teste 1','Evento Teste 1','2017-09-19','2017-07-20',NULL,'São Paulo',0,2,0.36537),(215,'EV2','Evento Teste 2','Evento Teste 2','2017-09-21','2016-06-16',NULL,'Rio de Janeiro',0,2,NULL),(216,'EV3','Evento Teste 3','Evento Teste 3','2016-06-16','2016-06-24',NULL,'Belo Horizonte',0,2,NULL),(217,'EV4','Evento Teste 4','Evento Teste 4','2016-06-24','2016-06-25',NULL,'Florestal',0,2,NULL),(218,'CSBC','Congresso da Sociedade Brasileira de Computa',' A Computação é uma área em constante evolução, que se constitui em um elemento estratégico para o crescimento econômico e social de todos os países. Por isso, requer planejamento, investimento e intensificação da formação de profissionais qualificados para atender às demandas da sociedade.\r\n \r\nDesta forma, o Congresso da Sociedade Brasileira de Computação 2016 promoverá espaços para trocas, discussões e construções na comunidade, de maneira a aumentar a sinergia na busca de soluções efetivamente interdisciplinares para os complexos problemas que emergem na sociedade atual. Sociedade esta na qual as portas do conhecimento estão abertas e interconectadas, demonstrando a necessidade do trabalho conjunto em detrimento da ênfase na hiperespecialização.','2016-07-04','2016-07-07','http://www.sbc.org.br/images/logo_sbc.png','',0,2,NULL),(221,'INOVAR','INOVAR',' Seminário sobre Empreendedorismo, Inovação e Desenvolvimento','2016-10-31','2016-11-01','https://s11.postimg.org/vt3l7nhtf/logo_inovar.png','UFV - Campus Viçosa',0,2,NULL),(222,'CPMG1','Campus Party Minas Gerais 1','Falta pouco para a primeira edição da Campus Party em Minas Gerais! O evento acontecerá de 9 a 13 de Novembro na Expominas, em Belo Horizonte. Confira a programação e inscreva-se! Ingressos limitados. Nos vemos lá! #CPMG1 #CPUAI','2016-11-09','2016-11-13','http://startupi.com.br/wp-content/uploads/2013/11/campus-party-brasil-2014-logo.png','',0,2,NULL),(223,'TESTE 2','Evento Piloto 2',' Esse é um evento teste, criado apenas para fins de testes.','2017-12-28','2017-12-29','http://www.psicologianoesporte.com.br/wp-content/uploads/2016/03/atencao-teste.jpg','Rua xx, 123 - Bairro, cidade, estado e país',0,2,0.41366),(224,'SECOM VI','Semana da Computação 2017',' A Semana da Computação (SECOM) visa promover o contato dos estudantes com a atual situação do mercado de trabalho na área de Computação, assim como apresentar-lhes algumas inovações tecnológicas, tendências e perspectivas.\r\nO público-alvo são os alunos do curso de Graduação em Ciência da Computação da Universidade Federal de Viçosa campus Florestal (UFV-CAF).','2017-05-17','2017-05-19','http://eventos.caf.ufv.br/semanadacomputacao2017/wp-content/uploads/nivoslider4wp_files/91_s.png','UFV - Campus Florestal',0,2,0.42525),(230,'Teste n','asdasd','asdasd','2017-10-18','2017-11-01','','',0,2,NULL),(231,'FIM DO MUNDO','Fim do Mundo','Vamos todos pra rua! Vai acabar o mundo minha gente!!!! Preparem seus bankers (o que não vai adiantar muito), estoque suas águas (o que tambem não vai adiantar muito), e o mais importante, sobrevivam (HA HA DUVIDO)!!!','2017-12-12','2017-12-12','http://forcetoknow.com/wp-content/uploads/asteroid-apophis-photo1.jpg','Mundo, Sistema Solar, Via Láctea, Universo, S/N',0,2,NULL),(232,'WEBMEDIA','Simpósio Brasileiro de Sistemas Multimídia e Web ','Promovido anualmente pela Sociedade Brasileira de Computação (SBC), o Simpósio Brasileiro de Sistemas Multimídia e Web (WebMedia) é uma excelente oportunidade de intercâmbio científico e técnico entre alunos, pesquisadores e profissionais das áreas de Multimídia, Hipermídia e Web. ','2017-10-17','2017-10-20','http://www2.sbc.org.br/ce-webmedia/wp/wp-content/uploads/2017/08/LogoWebMedia17.png','Gramado, RS',0,2,NULL),(233,'SECOM2018','Semana da Computação 2018 - UFV Florestal','A Semana da Computação (SECOM) visa promover o contato dos estudantes com a atual situação do mercado de trabalho na área de Computação, assim como apresentar-lhes algumas inovações tecnológicas, tendências e perspectivas.\r\n\r\nO público-alvo são os alunos do curso de Graduação em Ciência da Computação da Universidade Federal de Viçosa campus Florestal (UFV-CAF).','2018-09-05','2018-09-07','http://eventos.caf.ufv.br/semanadacomputacao2017/wp-content/uploads/V-secom.png','Universidade Federal de Viçoas - Campus Florestal',0,2,NULL),(234,'CBOB1','Conferência Biscoito ou Bolacha','A CBOB é uma reunião nacional com o objetivo de disseminar a aceitação de ambos os termos polêmicos, biscoito e bolacha, como corretos, assim como regula a ANVISA.\r\nEsclarecimento e queda de preconceitos são objetivos visados pelo evento. Disponibilizaremos mesas de discussão, palestras sobre as teorias no ramo, workshops de novas embalagens inclusivas, além de momentos de degustação.','2018-12-27','2019-01-13','http://4.bp.blogspot.com/-wYLbYrrqMFs/VijP_rcUblI/AAAAAAAAAS0/ciSj07FXX10/s1600/maxresdefault.jpg','Expominas - Avenida Amazonas, 6200 - Gameleira - Belo Horizonte - MG',0,0,0.40259),(235,'LULA','Lula Preso 2018','VAMOS PRAS RUAS O MOLUSCO VAI SER PRESO CARAI','2018-04-06','2018-04-09','','Brasil Todo ',0,2,NULL),(236,'ETN','Evento de Teste Novamente','Vou testar a inclusão de novo evento','2018-04-23','2018-04-30','http://www.betaetiquetas.com.br/product_images/y/643/teste1__63139_zoom.png','xyz',0,2,0.72890),(237,'SECOM Jr.','Semana da Computação Junior','A Semana da Computação Jr. visa levar aos estudantes conhecimentos extracurriculares, assim como apresentar-lhes algumas inovações tecnológicas, tendências e perspectivas.\r\n\r\nO evento se destina aos alunos do curso Técnico em Informática da Universidade Federal de Viçosa – Campus Florestal (UFV-CAF).','2018-05-09','2018-05-11','https://image.ibb.co/iw9EBx/New_Project.jpg','Campus UFV - Florestal',0,2,0.98174),(238,'49SPR','49ª Semana do Produtor Rural','A Semana do Produtor Rural em sua 49ª edição é um evento tradicional de Minas Gerais, realizado desde 1969. O evento acontecerá entre os dias 16 a 20 de julho de 2018 na cidade de Florestal, que fica aproximadamente a 60 km de Belo Horizonte no Campus UFV – Florestal. O público principal a ser atendido são os produtores e trabalhadores rurais do estado de Minas Gerais, contudo as atividades desenvolvidas ao longo do evento são abertas às comunidades rurais de outros estados.','2018-07-16','2018-07-20','http://www.semanadoprodutor.caf.ufv.br/wp-content/uploads/CARTAZ_SEMANADOPRODUTOR-FINAL.png','Universidade Federal de Viçosa - Campus Florestal. LMG 818, km 6, Campus Universitário - Florestal / MG',1,2,0.17918),(239,'VII SECOM','VII Semana da Computação','A Semana da Computação (SECOM) visa promover o contato dos estudantes com a atual situação do mercado de trabalho na área de Computação, assim como apresentar-lhes algumas inovações tecnológicas, tendências e perspectivas. O público-alvo são os alunos do curso de Graduação em Ciência da Computação da Universidade Federal de Viçosa campus Florestal (UFV-CAF).','2018-05-23','2018-05-25','http://eventos.caf.ufv.br/semanadacomputacao2018/wp-content/uploads/logo-definitivo-com-campus-florestal.png','Campus UFV-Florestal',1,1,0.43857),(240,'Teste','Testes','Esse evento é destinado a testes!','2018-05-21','2018-05-22','','UFV',0,2,NULL),(241,'EP','Evento privado','Evento para testes','2019-02-06','2019-02-20','private_event.png','Florestal',0,0,NULL),(242,'MOBICONF','Mobiconf','This international conference is bringing together over 400 developers, designers, and managers from almost every continent. Our goal is know-how sharing, talking about latest trends, tech novelties, and networking.','2019-03-15','2019-03-16','https://2018.mobiconf.org/wp-content/themes/mobiconf18/assets/mobiconf.svg','Cracóvia, Polônia',1,0,0.79201);
/*!40000 ALTER TABLE `evento` ENABLE KEYS */;
UNLOCK TABLES;

--
-- Table structure for table `evento_tipo_inscricao`
--

DROP TABLE IF EXISTS `evento_tipo_inscricao`;
/*!40101 SET @saved_cs_client     = @@character_set_client */;
/*!40101 SET character_set_client = utf8 */;
CREATE TABLE `evento_tipo_inscricao` (
  `ID` int(11) NOT NULL AUTO_INCREMENT,
  `ID_EVENTO` int(11) NOT NULL,
  `ID_TIPO_INSCRICAO` int(11) NOT NULL,
  PRIMARY KEY (`ID`),
  KEY `ID_EVENTO` (`ID_EVENTO`),
  KEY `ID_TIPO_INSCRICAO` (`ID_TIPO_INSCRICAO`)
) ENGINE=InnoDB AUTO_INCREMENT=21 DEFAULT CHARSET=latin1;
/*!40101 SET character_set_client = @saved_cs_client */;

--
-- Dumping data for table `evento_tipo_inscricao`
--

LOCK TABLES `evento_tipo_inscricao` WRITE;
/*!40000 ALTER TABLE `evento_tipo_inscricao` DISABLE KEYS */;
INSERT INTO `evento_tipo_inscricao` VALUES (12,213,31),(16,218,31),(17,221,31),(18,222,31),(19,223,31),(20,224,31);
/*!40000 ALTER TABLE `evento_tipo_inscricao` ENABLE KEYS */;
UNLOCK TABLES;

--
-- Table structure for table `evento_usuario`
--

DROP TABLE IF EXISTS `evento_usuario`;
/*!40101 SET @saved_cs_client     = @@character_set_client */;
/*!40101 SET character_set_client = utf8 */;
CREATE TABLE `evento_usuario` (
  `ID` int(11) NOT NULL AUTO_INCREMENT,
  `ID_USUARIO` int(11) NOT NULL,
  `ID_EVENTO` int(11) NOT NULL,
  PRIMARY KEY (`ID`),
  KEY `ID_USUARIO` (`ID_USUARIO`),
  KEY `ID_EVENTO` (`ID_EVENTO`)
) ENGINE=InnoDB AUTO_INCREMENT=113 DEFAULT CHARSET=latin1;
/*!40101 SET character_set_client = @saved_cs_client */;

--
-- Dumping data for table `evento_usuario`
--

LOCK TABLES `evento_usuario` WRITE;
/*!40000 ALTER TABLE `evento_usuario` DISABLE KEYS */;
INSERT INTO `evento_usuario` VALUES (77,1,221),(78,1,222),(79,1,223),(80,1,224),(87,3,230),(88,3,231),(89,1,232),(90,4,221),(91,5,233),(92,5,234),(93,2,234),(94,3,234),(95,4,223),(96,3,235),(97,1,236),(98,4,236),(99,7,237),(100,1,213),(101,8,238),(102,9,238),(103,1,237),(104,6,239),(105,1,239),(106,10,238),(107,1,238),(108,11,240),(109,12,239),(110,13,241),(111,14,239),(112,5,242);
/*!40000 ALTER TABLE `evento_usuario` ENABLE KEYS */;
UNLOCK TABLES;

--
-- Table structure for table `feedback`
--

DROP TABLE IF EXISTS `feedback`;
/*!40101 SET @saved_cs_client     = @@character_set_client */;
/*!40101 SET character_set_client = utf8 */;
CREATE TABLE `feedback` (
  `ID` int(11) NOT NULL AUTO_INCREMENT,
  `ID_PARTICIPANTE` int(11) NOT NULL,
  `opiniao` varchar(2000) NOT NULL,
  PRIMARY KEY (`ID`),
  KEY `ID_PARTICIPANTE` (`ID_PARTICIPANTE`)
) ENGINE=InnoDB DEFAULT CHARSET=utf8;
/*!40101 SET character_set_client = @saved_cs_client */;

--
-- Dumping data for table `feedback`
--

LOCK TABLES `feedback` WRITE;
/*!40000 ALTER TABLE `feedback` DISABLE KEYS */;
/*!40000 ALTER TABLE `feedback` ENABLE KEYS */;
UNLOCK TABLES;

--
-- Table structure for table `foto`
--

DROP TABLE IF EXISTS `foto`;
/*!40101 SET @saved_cs_client     = @@character_set_client */;
/*!40101 SET character_set_client = utf8 */;
CREATE TABLE `foto` (
  `FOTO_ID` tinyint(3) NOT NULL AUTO_INCREMENT,
  `FOTO_TIPO` varchar(25) NOT NULL,
  `FOTO` blob NOT NULL,
  `FOTO_TAMANHO` varchar(25) NOT NULL,
  `FOTO_CATEGORIA` varchar(25) NOT NULL,
  `FOTO_NOME` varchar(25) NOT NULL,
  PRIMARY KEY (`FOTO_ID`)
) ENGINE=InnoDB DEFAULT CHARSET=latin1;
/*!40101 SET character_set_client = @saved_cs_client */;

--
-- Dumping data for table `foto`
--

LOCK TABLES `foto` WRITE;
/*!40000 ALTER TABLE `foto` DISABLE KEYS */;
/*!40000 ALTER TABLE `foto` ENABLE KEYS */;
UNLOCK TABLES;

--
-- Table structure for table `informacao_evento`
--

DROP TABLE IF EXISTS `informacao_evento`;
/*!40101 SET @saved_cs_client     = @@character_set_client */;
/*!40101 SET character_set_client = utf8 */;
CREATE TABLE `informacao_evento` (
  `ID` int(11) NOT NULL AUTO_INCREMENT,
  `ID_EVENTO` int(11) NOT NULL,
  `SITE` varchar(200) NOT NULL,
  `EMAIL` varchar(80) NOT NULL,
  `TELEFONE` varchar(20) NOT NULL,
  PRIMARY KEY (`ID`),
  KEY `FK` (`ID_EVENTO`)
) ENGINE=InnoDB AUTO_INCREMENT=10 DEFAULT CHARSET=utf8;
/*!40101 SET character_set_client = @saved_cs_client */;

--
-- Dumping data for table `informacao_evento`
--

LOCK TABLES `informacao_evento` WRITE;
/*!40000 ALTER TABLE `informacao_evento` DISABLE KEYS */;
INSERT INTO `informacao_evento` VALUES (1,223,'https://producao.cedaf.ufv.br/certificado/scripts/preCertificado','eventopiloto@gmail.com','123456789'),(2,231,' www.fimdomundo.com.br ',' fimdomundo@fimdomundo.com.br ','123456789'),(3,234,'www.cbob.com.br','contato@cbob.com','(31) 8846'),(4,235,'','',''),(5,237,'eventos.caf.ufv.br','',''),(6,238,'www.semanadoprodutor.caf.ufv.br','semanadoprodutorrural@gmail.co',''),(7,239,'http://eventos.caf.ufv.br/semanadacomputacao2018','danielmb@gmail.com',''),(8,236,'','','(12) 3121-1'),(9,242,'https://2018.mobiconf.org/','hello@mobiconf.org','(48) 5776-65123');
/*!40000 ALTER TABLE `informacao_evento` ENABLE KEYS */;
UNLOCK TABLES;

--
-- Table structure for table `locais_evento`
--

DROP TABLE IF EXISTS `locais_evento`;
/*!40101 SET @saved_cs_client     = @@character_set_client */;
/*!40101 SET character_set_client = utf8 */;
CREATE TABLE `locais_evento` (
  `ID` int(11) NOT NULL AUTO_INCREMENT,
  `ID_EVENTO` int(11) NOT NULL,
  `ID_LOCAL` int(11) NOT NULL,
  PRIMARY KEY (`ID`),
  KEY `ID_LOCAL` (`ID_LOCAL`),
  KEY `ID_EVENTO` (`ID_EVENTO`)
) ENGINE=InnoDB AUTO_INCREMENT=60 DEFAULT CHARSET=latin1;
/*!40101 SET character_set_client = @saved_cs_client */;

--
-- Dumping data for table `locais_evento`
--

LOCK TABLES `locais_evento` WRITE;
/*!40000 ALTER TABLE `locais_evento` DISABLE KEYS */;
INSERT INTO `locais_evento` VALUES (30,213,71),(31,213,72),(32,213,73),(33,213,74),(34,218,75),(35,218,76),(36,218,77),(37,218,78),(38,218,79),(39,218,80),(40,218,81),(41,218,82),(42,218,83),(43,218,84),(44,218,85),(45,218,86),(46,218,87),(47,218,88),(48,218,89),(49,221,90),(50,222,91),(51,222,92),(52,222,93),(53,222,94),(54,222,95),(55,222,96),(56,223,97),(57,224,98),(58,224,99),(59,224,100);
/*!40000 ALTER TABLE `locais_evento` ENABLE KEYS */;
UNLOCK TABLES;

--
-- Table structure for table `local`
--

DROP TABLE IF EXISTS `local`;
/*!40101 SET @saved_cs_client     = @@character_set_client */;
/*!40101 SET character_set_client = utf8 */;
CREATE TABLE `local` (
  `ID` int(11) NOT NULL AUTO_INCREMENT,
  `Nome` char(200) NOT NULL,
  `Descricao` char(140) DEFAULT NULL,
  `Logradouro` char(100) DEFAULT NULL,
  `CEP` char(20) DEFAULT NULL,
  `Bairro` char(50) DEFAULT NULL,
  `Numero` int(11) DEFAULT NULL,
  `Cidade` char(50) DEFAULT NULL,
  `Estado` char(50) DEFAULT NULL,
  `Pais` char(50) DEFAULT NULL,
  `Coordx` float DEFAULT NULL,
  `Coordy` float DEFAULT NULL,
  `Complemento` char(50) DEFAULT NULL,
  PRIMARY KEY (`ID`)
) ENGINE=InnoDB AUTO_INCREMENT=261 DEFAULT CHARSET=latin1;
/*!40101 SET character_set_client = @saved_cs_client */;

--
-- Dumping data for table `local`
--

LOCK TABLES `local` WRITE;
/*!40000 ALTER TABLE `local` DISABLE KEYS */;
INSERT INTO `local` VALUES (21,'CEDAF','','Rua do Cedaf','35690-000','Centro',522,'Florestal','Minas Gerais','Brasil',0,0,''),(22,'UFV','','Avenida P.H. Rolfs','32450-200','Centro',596,'ViÃ§osa','Minas Gerais','Brasil',0,0,''),(23,'USP','','Avenida Brasil','55960-365','Catedral',1522,'SÃ£o Paulo','SÃ£o Paulo','Brasil',0,0,''),(24,'Hanze Institute of Technology','','Industrieweg 34A','52-BH55','AB Assen',9403,'Hanze','Hanze','Nederlands',0,0,''),(25,'EstÃ¡dio IndependÃªncia','EstÃ¡dio de futebol','Rua do Horto','35600-920','Horto',92,'Belo Horizonte','Minas Gerais','Brasil',0,0,''),(26,'Local Teste','teste','Local Teste','Local Teste','Local Teste',555,'Teste','teste','teste',0,0,'teste'),(27,'teste','testes','teste','teste','tesate',666,'tese','teste','teste',0,0,'teste'),(28,'tests','testse','testes','testes','testes',5655,'tewstes','testes','tsetse',0,0,'tewstes'),(29,'TSEETS','TESTSE','TESTES','TSETSE','TESTES',5454,'TESTE','TEASTES','TESTES',0,0,'TESTES'),(30,'TESTES','TESES','TEWSTSE','TSETSE','TESTS',45454,'TESTES','TESTES','TESTES',0,0,'TSETSE'),(31,'testes','testse','testse','teset','testse',555,'tesets','testse','testse',0,0,'tests'),(32,'tess','tesest','testes','testes','testes',55,'testse','testes','testse',0,0,'testes'),(33,'Rua do Ouro','Casa da vÃ³','PraÃ§a Central','33270490','Centro',414,'Nova Era','Minas Gerais','Brasil',0,0,''),(34,'testes','tsteste','tsetes','trstes','testes',555,'testes','testes','testse',0,0,'testes'),(35,'','','','','',0,'','','',0,0,''),(36,'CEDAF','','Rua do Cedaf','35690-000','Centro',414,'Florestal','Minas Gerais','',0,0,''),(37,'CEDAF','Teste','Rua do Cedaf','35690-000','Centro',414,'Florestal','Minas Gerais','Brasil',0,0,'Teste'),(38,'Minha casa','Teste','Rua da minha casa','35690-000','Centro 2',343,'Florestal','Minas Gerais','Brasil',0,0,'Teste'),(39,'TESTE','TESTE','TESTE','TESTE','TESTE',404,'TESTE','TESTES','TESTE',0,0,'TESTE'),(40,'','','','','',0,'','','',0,0,''),(41,'Casa','','Rua Marechal Floriano Peixoto','36400000','Centro',527,'Conselheiro Lafaiete','Minas Gerais','Brasil',NULL,NULL,''),(42,'Casa','Nenhuma','Rua Marechal Floriano Peixoto','36400000','Centro',527,'Conselheiro Lafaiete','Minas Gerais','Brasil',NULL,NULL,'A'),(43,'Local Teste','Teste','Rua Teste','35555','Teste',111,'Teste','Teste','Teste',NULL,NULL,'Teste'),(44,'Casa','Local Teste','Rua do teste','36400050','Centro',555,'Florestal','Minas Gerais','Brasil',NULL,NULL,'A'),(45,'','','','','',0,'','','',NULL,NULL,''),(46,'Teste','Nenhuma','Rua teste','34444','Teste',333,'Florestal','Minas Gerais','Brasil',NULL,NULL,'A'),(47,'Novo Teste','Teste 2','Teste final','4333','Teste2',2222,'Belo Horizonte','Minas Gerais','Brasil',NULL,NULL,'Nenhum'),(48,'','','','','',0,'','','',NULL,NULL,''),(49,'Local Teste Final','Teste','Teste','2222','Teste',2221313,'Teste','Teste','Teste',NULL,NULL,'Teste'),(50,'Ultimo Teste','Teste','Teste','1234','Teste',2222,'Teste','Teste','Teste',NULL,NULL,'Teste'),(51,'Casa do Augusto','Casa do Augusto','Israel Pinheiro','35690000','Centro',443,'Florestal','MG','Brasil',NULL,NULL,''),(52,'','','','','',0,'','','',NULL,NULL,''),(53,'','','','','',0,'','','',NULL,NULL,''),(54,'PrÃ©dio Principal','PrÃ³ximo a Prefeitura da cidade','Rua Principal','35690000','Centro',334,'Florestal','Minas Gerais','Brasil',NULL,NULL,' -'),(55,'','','','','',0,'','','',NULL,NULL,''),(56,'','','','','',0,'','','',NULL,NULL,''),(57,'aaa','','','','',0,'','','',NULL,NULL,''),(58,'','','','','',0,'','','',NULL,NULL,''),(59,'','','','','',0,'','','',NULL,NULL,''),(60,'SalÃ£o Nobre','Segundo andar do prÃ©dio principal','Rua Ananias','35690000','Cedaf',554,'Florestal','Minas Gerais','Brasil',NULL,NULL,'-'),(61,'Teste','testes','testes','testes','testes',0,'testes','Alagoas','testes',NULL,NULL,'testes'),(62,'','','','','',0,'','','',NULL,NULL,''),(63,'','','','','',0,'','','',NULL,NULL,''),(64,' a','','a','','',0,'','Alagoas','',NULL,NULL,''),(65,'','','','','',0,'','Alagoas','',NULL,NULL,''),(66,'','','','','',0,'','MaranhÃ£o','',NULL,NULL,''),(67,'Universidade Federal de ViÃ§osa','Campus da Universidade','Campus Florestal','35690000','Cedaf',0,'Florestal','Minas Gerais','Brasil',NULL,NULL,' -'),(68,'testes','tetes','testes','testes','tstes',0,'testes','GoiÃ¡s','testes',NULL,NULL,'testes'),(69,'test','teses','tes','testes','teste',0,'testes','Acre','testes',NULL,NULL,'teste'),(70,'PrÃ©dio Principal','1','Rua 1','35690000','Centro',1,'Florestal','Minas Gerais','Brasil',NULL,NULL,'1'),(71,'PrÃ©dio 2','PrÃ©dio 2','Rua 2','35690000','Centro',2,'Florestal','Minas Gerais','Brasil',NULL,NULL,'-'),(72,'Salão Nobre','SalÃ£o Nobre do prÃ©dio principal','PrÃ©dio Principal','35690-000','Campus Florestal',1,'Florestal','Minas Gerais','Brasil',NULL,NULL,'-'),(73,'LaboratÃ³rio I','LaboratÃ³rio de InformÃ¡tica I','PavilhÃ£o de Aulas B','35690-000','Campus Florestal',0,'Florestal','Minas Gerais','Brasil',NULL,NULL,'-'),(74,'LaboratÃ³rio II','LaboratÃ³rio de InformÃ¡tica II','PavilhÃ£o de Aulas B','35690-000','Campus Florestal',0,'Florestal','Minas Gerais','Brasil',NULL,NULL,'-'),(75,'TP40 (PrÃ©dio 40)','','','','',0,'Porto Alegre','Rio Grande do Sul','',NULL,NULL,''),(76,'A202 (PrÃ©dio 40)','','','','',0,'','Rio Grande do Sul','',NULL,NULL,''),(77,'S1 (PrÃ©dio 40)','','','','',0,'','Rio Grande do Sul','',NULL,NULL,''),(78,'S2 (PrÃ©dio 40)','','','','',0,'','Rio Grande do Sul','',NULL,NULL,''),(79,'S3 (PrÃ©dio 40)','','','','',0,'','Rio Grande do Sul','',NULL,NULL,''),(80,'A1 (PrÃ©dio 41)','','','','',0,'','Rio Grande do Sul','',NULL,NULL,''),(81,'A2 (PrÃ©dio 41)','','','','',0,'','Rio Grande do Sul','',NULL,NULL,''),(82,'A3 (PrÃ©dio 41)','','','','',0,'','Rio Grande do Sul','',NULL,NULL,''),(83,'A4 (PrÃ©dio 41)','','','','',0,'','Rio Grande do Sul','',NULL,NULL,''),(84,'A5 (PrÃ©dio 41)','','','','',0,'','Rio Grande do Sul','',NULL,NULL,''),(85,'A6 (PrÃ©dio 41)','','','','',0,'','Rio Grande do Sul','',NULL,NULL,''),(86,'Teatro (PrÃ©dio 40)','','','','',0,'','Rio Grande do Sul','',NULL,NULL,''),(87,'Museu de CiÃªncia e Tecnologia','','','','',0,'','Rio Grande do Sul','',NULL,NULL,''),(88,'Salas GTs','','','','',0,'','Rio Grande do Sul','',NULL,NULL,''),(89,'NB Steak Beira Rio','','Av. Edvaldo Pereira Paiva, s/n','','Parque EstÃ¡dio Beira Rio',0,' Porto Alegre','Mato Grosso do Sul','Brasil',NULL,NULL,''),(90,'AuditÃ³rio Fernando Sabino','Universidade Federal de ViÃ§osa','Avenida Peter Henry Rolfs','36570-900','Campus UniversitÃ¡rio',0,'ViÃ§osa','Minas Gerais','Brasil',NULL,NULL,'UFV'),(91,'Palco Principal','Expominas - Centro de Feiras de Minas Gerais','Av. Amazonas','30510-000','Gameleira',6200,'Belo Horizonte','Minas Gerais','Brasil',NULL,NULL,'-'),(92,'Palco CiÃªncia e InovaÃ§Ã£o','Expominas - Centro de Feiras de Minas Gerais','Av. Amazonas','30510-000','Gameleira',6200,'Belo Horizonte','Minas Gerais','Brasil',NULL,NULL,'-'),(93,'Palco Criatividade e Entretenimento','Expominas - Centro de Feiras de Minas Gerais','Av. Amazonas','30510-000','Gameleira',6200,'Belo Horizonte','Minas Gerais','Brasil',NULL,NULL,'-'),(94,'Palco Empreendedorismo','Expominas - Centro de Feiras de Minas Gerais','Av. Amazonas','30510-000','Gameleira',6200,'Belo Horizonte','Minas Gerais','Brasil',NULL,NULL,'-'),(95,'Workshop I','Expominas - Centro de Feiras de Minas Gerais','Av. Amazonas','30510-000','Gameleira',6200,'Belo Horizonte','Minas Gerais','Brasil',NULL,NULL,'-'),(96,'Workshop II','Expominas - Centro de Feiras de Minas Gerais','Av. Amazonas','30510-000','Gameleira',6200,'Belo Horizonte','Minas Gerais','Brasil',NULL,NULL,'-'),(97,'Local teste','Esse Ã© um local teste','Rua Teste','0000000','Bairro Teste',42,'Cidade Teste','Minas Gerais','Brasil',NULL,NULL,'Comp Teste'),(98,'Salão Nobre','?','UFV - Florestal','?','?',0,' Florestal','Minas Gerais','Brasil',NULL,NULL,'?'),(99,'LaboratÃ³rio I','?','UFV - Florestal','?','?',0,'Florestal','Minas Gerais','Brasil',NULL,NULL,'?'),(100,'LaboratÃ³rio II','?','UFV - Florestal','?','?',0,' Florestal','Minas Gerais','Brasil',NULL,NULL,'?'),(101,'Teste Local 4',NULL,NULL,NULL,NULL,NULL,NULL,NULL,NULL,NULL,NULL,NULL),(103,'adsad',NULL,NULL,NULL,NULL,NULL,NULL,NULL,NULL,NULL,NULL,NULL),(104,'Teste',NULL,NULL,NULL,NULL,NULL,NULL,NULL,NULL,NULL,NULL,NULL),(105,'Qualquer lugar mesmo',NULL,NULL,NULL,NULL,NULL,NULL,NULL,NULL,NULL,NULL,NULL),(106,'Ar',NULL,NULL,NULL,NULL,NULL,NULL,NULL,NULL,NULL,NULL,NULL),(107,'Especialmente na Rener',NULL,NULL,NULL,NULL,NULL,NULL,NULL,NULL,NULL,NULL,NULL),(108,'Auditório 1',NULL,NULL,NULL,NULL,NULL,NULL,NULL,NULL,NULL,NULL,NULL),(109,'Auditório 1',NULL,NULL,NULL,NULL,NULL,NULL,NULL,NULL,NULL,NULL,NULL),(110,'Entrada',NULL,NULL,NULL,NULL,NULL,NULL,NULL,NULL,NULL,NULL,NULL),(111,'Palco Principal do Expominas',NULL,NULL,NULL,NULL,NULL,NULL,NULL,NULL,NULL,NULL,NULL),(112,'Salão de Exposições',NULL,NULL,NULL,NULL,NULL,NULL,NULL,NULL,NULL,NULL,NULL),(113,'Salão de Exposições',NULL,NULL,NULL,NULL,NULL,NULL,NULL,NULL,NULL,NULL,NULL),(114,'Palco 3 e 4',NULL,NULL,NULL,NULL,NULL,NULL,NULL,NULL,NULL,NULL,NULL),(115,'Palco 3 e 4',NULL,NULL,NULL,NULL,NULL,NULL,NULL,NULL,NULL,NULL,NULL),(116,'Palco 3 e 4',NULL,NULL,NULL,NULL,NULL,NULL,NULL,NULL,NULL,NULL,NULL),(117,'Palco 3 e 4',NULL,NULL,NULL,NULL,NULL,NULL,NULL,NULL,NULL,NULL,NULL),(118,'Palco 3 e 4',NULL,NULL,NULL,NULL,NULL,NULL,NULL,NULL,NULL,NULL,NULL),(119,'Palcos',NULL,NULL,NULL,NULL,NULL,NULL,NULL,NULL,NULL,NULL,NULL),(120,'Palcos',NULL,NULL,NULL,NULL,NULL,NULL,NULL,NULL,NULL,NULL,NULL),(121,'Palcos',NULL,NULL,NULL,NULL,NULL,NULL,NULL,NULL,NULL,NULL,NULL),(122,'Palco 1',NULL,NULL,NULL,NULL,NULL,NULL,NULL,NULL,NULL,NULL,NULL),(123,'Laje do Seu Pedro',NULL,NULL,NULL,NULL,NULL,NULL,NULL,NULL,NULL,NULL,NULL),(124,'Do lado da laje do Seu Pedro',NULL,NULL,NULL,NULL,NULL,NULL,NULL,NULL,NULL,NULL,NULL),(125,'A famosa Jail',NULL,NULL,NULL,NULL,NULL,NULL,NULL,NULL,NULL,NULL,NULL),(126,'Sala 001',NULL,NULL,NULL,NULL,NULL,NULL,NULL,NULL,NULL,NULL,NULL),(127,'Salão Nobre',NULL,NULL,NULL,NULL,NULL,NULL,NULL,NULL,NULL,NULL,NULL),(128,'Laboratórios de Informática',NULL,NULL,NULL,NULL,NULL,NULL,NULL,NULL,NULL,NULL,NULL),(129,'Laboratórios de Informática',NULL,NULL,NULL,NULL,NULL,NULL,NULL,NULL,NULL,NULL,NULL),(130,'Laboratórios de Informática',NULL,NULL,NULL,NULL,NULL,NULL,NULL,NULL,NULL,NULL,NULL),(131,'Laboratórios de Informática',NULL,NULL,NULL,NULL,NULL,NULL,NULL,NULL,NULL,NULL,NULL),(132,'Laboratórios de Informática',NULL,NULL,NULL,NULL,NULL,NULL,NULL,NULL,NULL,NULL,NULL),(133,'Laboratórios de Informática',NULL,NULL,NULL,NULL,NULL,NULL,NULL,NULL,NULL,NULL,NULL),(134,'Laboratórios de Informática',NULL,NULL,NULL,NULL,NULL,NULL,NULL,NULL,NULL,NULL,NULL),(135,'Laboratórios de Informática',NULL,NULL,NULL,NULL,NULL,NULL,NULL,NULL,NULL,NULL,NULL),(136,'Laboratórios de Informática',NULL,NULL,NULL,NULL,NULL,NULL,NULL,NULL,NULL,NULL,NULL),(137,'CAMPUS UFV- FLORESTAL',NULL,NULL,NULL,NULL,NULL,NULL,NULL,NULL,NULL,NULL,NULL),(138,'CAMPUS UFV- FLORESTAL',NULL,NULL,NULL,NULL,NULL,NULL,NULL,NULL,NULL,NULL,NULL),(139,'CAMPUS UFV- FLORESTAL',NULL,NULL,NULL,NULL,NULL,NULL,NULL,NULL,NULL,NULL,NULL),(140,'CAMPUS UFV- FLORESTAL',NULL,NULL,NULL,NULL,NULL,NULL,NULL,NULL,NULL,NULL,NULL),(141,'CAMPUS UFV- FLORESTAL',NULL,NULL,NULL,NULL,NULL,NULL,NULL,NULL,NULL,NULL,NULL),(142,'CAMPUS UFV- FLORESTAL',NULL,NULL,NULL,NULL,NULL,NULL,NULL,NULL,NULL,NULL,NULL),(143,'CAMPUS UFV- FLORESTAL',NULL,NULL,NULL,NULL,NULL,NULL,NULL,NULL,NULL,NULL,NULL),(144,'CAMPUS UFV- FLORESTAL',NULL,NULL,NULL,NULL,NULL,NULL,NULL,NULL,NULL,NULL,NULL),(145,'CAMPUS UFV- FLORESTAL',NULL,NULL,NULL,NULL,NULL,NULL,NULL,NULL,NULL,NULL,NULL),(146,'CAMPUS UFV- FLORESTAL',NULL,NULL,NULL,NULL,NULL,NULL,NULL,NULL,NULL,NULL,NULL),(147,'CAMPUS UFV- FLORESTAL',NULL,NULL,NULL,NULL,NULL,NULL,NULL,NULL,NULL,NULL,NULL),(148,'CAMPUS UFV- FLORESTAL',NULL,NULL,NULL,NULL,NULL,NULL,NULL,NULL,NULL,NULL,NULL),(149,'CAMPUS UFV- FLORESTAL',NULL,NULL,NULL,NULL,NULL,NULL,NULL,NULL,NULL,NULL,NULL),(150,'CAMPUS UFV- FLORESTAL',NULL,NULL,NULL,NULL,NULL,NULL,NULL,NULL,NULL,NULL,NULL),(151,'CAMPUS UFV- FLORESTAL',NULL,NULL,NULL,NULL,NULL,NULL,NULL,NULL,NULL,NULL,NULL),(152,'CAMPUS UFV- FLORESTAL',NULL,NULL,NULL,NULL,NULL,NULL,NULL,NULL,NULL,NULL,NULL),(153,'CAMPUS UFV- FLORESTAL',NULL,NULL,NULL,NULL,NULL,NULL,NULL,NULL,NULL,NULL,NULL),(154,'CAMPUS UFV- FLORESTAL',NULL,NULL,NULL,NULL,NULL,NULL,NULL,NULL,NULL,NULL,NULL),(155,'CAMPUS UFV- FLORESTAL',NULL,NULL,NULL,NULL,NULL,NULL,NULL,NULL,NULL,NULL,NULL),(156,'CAMPUS UFV- FLORESTAL',NULL,NULL,NULL,NULL,NULL,NULL,NULL,NULL,NULL,NULL,NULL),(157,'CAMPUS UFV- FLORESTAL',NULL,NULL,NULL,NULL,NULL,NULL,NULL,NULL,NULL,NULL,NULL),(158,'CAMPUS UFV- FLORESTAL',NULL,NULL,NULL,NULL,NULL,NULL,NULL,NULL,NULL,NULL,NULL),(159,'CAMPUS UFV- FLORESTAL',NULL,NULL,NULL,NULL,NULL,NULL,NULL,NULL,NULL,NULL,NULL),(160,'CAMPUS UFV- FLORESTAL',NULL,NULL,NULL,NULL,NULL,NULL,NULL,NULL,NULL,NULL,NULL),(161,'CAMPUS UFV- FLORESTAL',NULL,NULL,NULL,NULL,NULL,NULL,NULL,NULL,NULL,NULL,NULL),(162,'CAMPUS UFV- FLORESTAL',NULL,NULL,NULL,NULL,NULL,NULL,NULL,NULL,NULL,NULL,NULL),(163,'CAMPUS UFV- FLORESTAL',NULL,NULL,NULL,NULL,NULL,NULL,NULL,NULL,NULL,NULL,NULL),(164,'CAMPUS UFV- FLORESTAL',NULL,NULL,NULL,NULL,NULL,NULL,NULL,NULL,NULL,NULL,NULL),(165,'CAMPUS UFV- FLORESTAL',NULL,NULL,NULL,NULL,NULL,NULL,NULL,NULL,NULL,NULL,NULL),(166,'CAMPUS UFV- FLORESTAL',NULL,NULL,NULL,NULL,NULL,NULL,NULL,NULL,NULL,NULL,NULL),(167,'CAMPUS UFV- FLORESTAL',NULL,NULL,NULL,NULL,NULL,NULL,NULL,NULL,NULL,NULL,NULL),(168,'CAMPUS UFV- FLORESTAL',NULL,NULL,NULL,NULL,NULL,NULL,NULL,NULL,NULL,NULL,NULL),(169,'CAMPUS UFV- FLORESTAL',NULL,NULL,NULL,NULL,NULL,NULL,NULL,NULL,NULL,NULL,NULL),(170,'CAMPUS UFV- FLORESTAL',NULL,NULL,NULL,NULL,NULL,NULL,NULL,NULL,NULL,NULL,NULL),(171,'CAMPUS UFV- FLORESTAL',NULL,NULL,NULL,NULL,NULL,NULL,NULL,NULL,NULL,NULL,NULL),(172,'CAMPUS UFV- FLORESTAL',NULL,NULL,NULL,NULL,NULL,NULL,NULL,NULL,NULL,NULL,NULL),(173,'CAMPUS UFV- FLORESTAL',NULL,NULL,NULL,NULL,NULL,NULL,NULL,NULL,NULL,NULL,NULL),(174,'CAMPUS UFV- FLORESTAL',NULL,NULL,NULL,NULL,NULL,NULL,NULL,NULL,NULL,NULL,NULL),(175,'CAMPUS UFV- FLORESTAL',NULL,NULL,NULL,NULL,NULL,NULL,NULL,NULL,NULL,NULL,NULL),(176,'CAMPUS UFV- FLORESTAL',NULL,NULL,NULL,NULL,NULL,NULL,NULL,NULL,NULL,NULL,NULL),(177,'CAMPUS UFV- FLORESTAL',NULL,NULL,NULL,NULL,NULL,NULL,NULL,NULL,NULL,NULL,NULL),(178,'CAMPUS UFV- FLORESTAL',NULL,NULL,NULL,NULL,NULL,NULL,NULL,NULL,NULL,NULL,NULL),(179,'CAMPUS UFV- FLORESTAL',NULL,NULL,NULL,NULL,NULL,NULL,NULL,NULL,NULL,NULL,NULL),(180,'CAMPUS UFV- FLORESTAL',NULL,NULL,NULL,NULL,NULL,NULL,NULL,NULL,NULL,NULL,NULL),(181,'CAMPUS UFV- FLORESTAL',NULL,NULL,NULL,NULL,NULL,NULL,NULL,NULL,NULL,NULL,NULL),(182,'CAMPUS UFV- FLORESTAL',NULL,NULL,NULL,NULL,NULL,NULL,NULL,NULL,NULL,NULL,NULL),(183,'CAMPUS UFV- FLORESTAL',NULL,NULL,NULL,NULL,NULL,NULL,NULL,NULL,NULL,NULL,NULL),(184,'CAMPUS UFV- FLORESTAL',NULL,NULL,NULL,NULL,NULL,NULL,NULL,NULL,NULL,NULL,NULL),(185,'CAMPUS UFV- FLORESTAL',NULL,NULL,NULL,NULL,NULL,NULL,NULL,NULL,NULL,NULL,NULL),(186,'CAMPUS UFV- FLORESTAL',NULL,NULL,NULL,NULL,NULL,NULL,NULL,NULL,NULL,NULL,NULL),(187,'CAMPUS UFV- FLORESTAL',NULL,NULL,NULL,NULL,NULL,NULL,NULL,NULL,NULL,NULL,NULL),(188,'CAMPUS UFV- FLORESTAL',NULL,NULL,NULL,NULL,NULL,NULL,NULL,NULL,NULL,NULL,NULL),(189,'CAMPUS UFV- FLORESTAL',NULL,NULL,NULL,NULL,NULL,NULL,NULL,NULL,NULL,NULL,NULL),(190,'CAMPUS UFV- FLORESTAL',NULL,NULL,NULL,NULL,NULL,NULL,NULL,NULL,NULL,NULL,NULL),(191,'CAMPUS UFV- FLORESTAL',NULL,NULL,NULL,NULL,NULL,NULL,NULL,NULL,NULL,NULL,NULL),(192,'CAMPUS UFV- FLORESTAL',NULL,NULL,NULL,NULL,NULL,NULL,NULL,NULL,NULL,NULL,NULL),(193,'Salão Nobre',NULL,NULL,NULL,NULL,NULL,NULL,NULL,NULL,NULL,NULL,NULL),(194,'Salão Nobre',NULL,NULL,NULL,NULL,NULL,NULL,NULL,NULL,NULL,NULL,NULL),(195,'Salão Nobre',NULL,NULL,NULL,NULL,NULL,NULL,NULL,NULL,NULL,NULL,NULL),(196,'Espaço Cultural Rui Saraiva',NULL,NULL,NULL,NULL,NULL,NULL,NULL,NULL,NULL,NULL,NULL),(197,'Espaço Cultural Rui Saraiva',NULL,NULL,NULL,NULL,NULL,NULL,NULL,NULL,NULL,NULL,NULL),(198,'Espaço Cultural Rui Saraiva',NULL,NULL,NULL,NULL,NULL,NULL,NULL,NULL,NULL,NULL,NULL),(199,'Espaço Cultural Rui Saraiva',NULL,NULL,NULL,NULL,NULL,NULL,NULL,NULL,NULL,NULL,NULL),(200,'Espaço Cultural Rui Saraiva',NULL,NULL,NULL,NULL,NULL,NULL,NULL,NULL,NULL,NULL,NULL),(201,'Laboratórios de Informática',NULL,NULL,NULL,NULL,NULL,NULL,NULL,NULL,NULL,NULL,NULL),(202,'Espaço Cultural Rui Saraiva',NULL,NULL,NULL,NULL,NULL,NULL,NULL,NULL,NULL,NULL,NULL),(203,'Espaço Cultural Rui Saraiva',NULL,NULL,NULL,NULL,NULL,NULL,NULL,NULL,NULL,NULL,NULL),(204,'Espaço Cultural Rui Saraiva',NULL,NULL,NULL,NULL,NULL,NULL,NULL,NULL,NULL,NULL,NULL),(205,'Espaço Cultural Rui Saraiva',NULL,NULL,NULL,NULL,NULL,NULL,NULL,NULL,NULL,NULL,NULL),(206,'Laboratório de Informática 1',NULL,NULL,NULL,NULL,NULL,NULL,NULL,NULL,NULL,NULL,NULL),(207,'Laboratório de Informática 1',NULL,NULL,NULL,NULL,NULL,NULL,NULL,NULL,NULL,NULL,NULL),(208,'Salão Nobre',NULL,NULL,NULL,NULL,NULL,NULL,NULL,NULL,NULL,NULL,NULL),(209,'Laboratório de Informática 1',NULL,NULL,NULL,NULL,NULL,NULL,NULL,NULL,NULL,NULL,NULL),(210,'Laboratório de Informática 2',NULL,NULL,NULL,NULL,NULL,NULL,NULL,NULL,NULL,NULL,NULL),(211,'Salão Nobre',NULL,NULL,NULL,NULL,NULL,NULL,NULL,NULL,NULL,NULL,NULL),(212,'Salão Nobre',NULL,NULL,NULL,NULL,NULL,NULL,NULL,NULL,NULL,NULL,NULL),(213,'CAMPUS UFV- FLORESTAL',NULL,NULL,NULL,NULL,NULL,NULL,NULL,NULL,NULL,NULL,NULL),(214,'CAMPUS UFV- FLORESTAL',NULL,NULL,NULL,NULL,NULL,NULL,NULL,NULL,NULL,NULL,NULL),(215,'CAMPUS UFV- FLORESTAL',NULL,NULL,NULL,NULL,NULL,NULL,NULL,NULL,NULL,NULL,NULL),(216,'CAMPUS UFV- FLORESTAL',NULL,NULL,NULL,NULL,NULL,NULL,NULL,NULL,NULL,NULL,NULL),(217,'CAMPUS UFV- FLORESTAL',NULL,NULL,NULL,NULL,NULL,NULL,NULL,NULL,NULL,NULL,NULL),(218,'CAMPUS UFV- FLORESTAL',NULL,NULL,NULL,NULL,NULL,NULL,NULL,NULL,NULL,NULL,NULL),(219,'CAMPUS UFV- FLORESTAL',NULL,NULL,NULL,NULL,NULL,NULL,NULL,NULL,NULL,NULL,NULL),(220,'CAMPUS UFV- FLORESTAL',NULL,NULL,NULL,NULL,NULL,NULL,NULL,NULL,NULL,NULL,NULL),(221,'CAMPUS UFV- FLORESTAL',NULL,NULL,NULL,NULL,NULL,NULL,NULL,NULL,NULL,NULL,NULL),(222,'CAMPUS UFV- FLORESTAL',NULL,NULL,NULL,NULL,NULL,NULL,NULL,NULL,NULL,NULL,NULL),(223,'teste',NULL,NULL,NULL,NULL,NULL,NULL,NULL,NULL,NULL,NULL,NULL),(224,'teste',NULL,NULL,NULL,NULL,NULL,NULL,NULL,NULL,NULL,NULL,NULL),(225,'teste',NULL,NULL,NULL,NULL,NULL,NULL,NULL,NULL,NULL,NULL,NULL),(226,'CAMPUS UFV- FLORESTAL',NULL,NULL,NULL,NULL,NULL,NULL,NULL,NULL,NULL,NULL,NULL),(227,'CAMPUS UFV- FLORESTAL',NULL,NULL,NULL,NULL,NULL,NULL,NULL,NULL,NULL,NULL,NULL),(228,'CAMPUS UFV- FLORESTAL',NULL,NULL,NULL,NULL,NULL,NULL,NULL,NULL,NULL,NULL,NULL),(229,'hfdiasiqfq',NULL,NULL,NULL,NULL,NULL,NULL,NULL,NULL,NULL,NULL,NULL),(230,'CAMPUS UFV- FLORESTAL',NULL,NULL,NULL,NULL,NULL,NULL,NULL,NULL,NULL,NULL,NULL),(231,'CAMPUS UFV- FLORESTAL',NULL,NULL,NULL,NULL,NULL,NULL,NULL,NULL,NULL,NULL,NULL),(232,'CAMPUS UFV- FLORESTAL',NULL,NULL,NULL,NULL,NULL,NULL,NULL,NULL,NULL,NULL,NULL),(233,'CAMPUS UFV- FLORESTAL',NULL,NULL,NULL,NULL,NULL,NULL,NULL,NULL,NULL,NULL,NULL),(234,'CAMPUS UFV- FLORESTAL',NULL,NULL,NULL,NULL,NULL,NULL,NULL,NULL,NULL,NULL,NULL),(235,'CAMPUS UFV- FLORESTAL',NULL,NULL,NULL,NULL,NULL,NULL,NULL,NULL,NULL,NULL,NULL),(236,'CAMPUS UFV- FLORESTAL',NULL,NULL,NULL,NULL,NULL,NULL,NULL,NULL,NULL,NULL,NULL),(237,'CAMPUS UFV- FLORESTAL',NULL,NULL,NULL,NULL,NULL,NULL,NULL,NULL,NULL,NULL,NULL),(238,'CAMPUS UFV- FLORESTAL',NULL,NULL,NULL,NULL,NULL,NULL,NULL,NULL,NULL,NULL,NULL),(239,'CAMPUS UFV- FLORESTAL',NULL,NULL,NULL,NULL,NULL,NULL,NULL,NULL,NULL,NULL,NULL),(240,'CAMPUS UFV- FLORESTAL',NULL,NULL,NULL,NULL,NULL,NULL,NULL,NULL,NULL,NULL,NULL),(241,'SALÃO NOBRE',NULL,NULL,NULL,NULL,NULL,NULL,NULL,NULL,NULL,NULL,NULL),(242,'PALCO ABERTO GRAMADO',NULL,NULL,NULL,NULL,NULL,NULL,NULL,NULL,NULL,NULL,NULL),(243,'UFV- CAMPUS FLORESTAL',NULL,NULL,NULL,NULL,NULL,NULL,NULL,NULL,NULL,NULL,NULL),(244,'CAMPUS UFV- FLORESTAL',NULL,NULL,NULL,NULL,NULL,NULL,NULL,NULL,NULL,NULL,NULL),(245,'Palco Princiapl',NULL,NULL,NULL,NULL,NULL,NULL,NULL,NULL,NULL,NULL,NULL),(246,'Room OKE Poland',NULL,NULL,NULL,NULL,NULL,NULL,NULL,NULL,NULL,NULL,NULL),(247,'Room Sweet Tooth',NULL,NULL,NULL,NULL,NULL,NULL,NULL,NULL,NULL,NULL,NULL),(248,'Room Apple Pie',NULL,NULL,NULL,NULL,NULL,NULL,NULL,NULL,NULL,NULL,NULL),(249,'Room Shiny Diamonds',NULL,NULL,NULL,NULL,NULL,NULL,NULL,NULL,NULL,NULL,NULL),(250,'Room OKE Poland',NULL,NULL,NULL,NULL,NULL,NULL,NULL,NULL,NULL,NULL,NULL),(251,'Coffee Break Room',NULL,NULL,NULL,NULL,NULL,NULL,NULL,NULL,NULL,NULL,NULL),(252,'Room Sweet Tooth',NULL,NULL,NULL,NULL,NULL,NULL,NULL,NULL,NULL,NULL,NULL),(253,'Room Apple Pie',NULL,NULL,NULL,NULL,NULL,NULL,NULL,NULL,NULL,NULL,NULL),(254,'Room OKE Poland',NULL,NULL,NULL,NULL,NULL,NULL,NULL,NULL,NULL,NULL,NULL),(255,'Room OKE Poland',NULL,NULL,NULL,NULL,NULL,NULL,NULL,NULL,NULL,NULL,NULL),(256,'Room OKE Poland',NULL,NULL,NULL,NULL,NULL,NULL,NULL,NULL,NULL,NULL,NULL),(257,'Room OKE Poland',NULL,NULL,NULL,NULL,NULL,NULL,NULL,NULL,NULL,NULL,NULL),(258,'Room OKE Poland',NULL,NULL,NULL,NULL,NULL,NULL,NULL,NULL,NULL,NULL,NULL),(259,'Room Sweet Tooth',NULL,NULL,NULL,NULL,NULL,NULL,NULL,NULL,NULL,NULL,NULL),(260,'Room OKE Poland',NULL,NULL,NULL,NULL,NULL,NULL,NULL,NULL,NULL,NULL,NULL);
/*!40000 ALTER TABLE `local` ENABLE KEYS */;
UNLOCK TABLES;

--
-- Table structure for table `nota_atividade_participante`
--

DROP TABLE IF EXISTS `nota_atividade_participante`;
/*!40101 SET @saved_cs_client     = @@character_set_client */;
/*!40101 SET character_set_client = utf8 */;
CREATE TABLE `nota_atividade_participante` (
  `id_evento` int(11) NOT NULL,
  `id_atividade` int(11) NOT NULL,
  `id_participante` int(11) NOT NULL,
  `nota` int(11) NOT NULL,
  `data` datetime NOT NULL,
  PRIMARY KEY (`id_evento`,`id_atividade`,`id_participante`),
  KEY `id_participante` (`id_participante`),
  KEY `id_atividade` (`id_atividade`)
) ENGINE=InnoDB DEFAULT CHARSET=utf8;
/*!40101 SET character_set_client = @saved_cs_client */;

--
-- Dumping data for table `nota_atividade_participante`
--

LOCK TABLES `nota_atividade_participante` WRITE;
/*!40000 ALTER TABLE `nota_atividade_participante` DISABLE KEYS */;
INSERT INTO `nota_atividade_participante` VALUES (213,36,125,3,'2018-01-30 16:03:15'),(213,526,125,5,'2017-08-03 14:33:52'),(214,556,125,3,'2017-07-27 11:48:10'),(221,402,124,1,'2017-03-22 14:15:25'),(223,527,124,0,'2017-04-25 20:11:27'),(223,527,125,3,'2018-04-18 12:51:12'),(223,527,126,4,'2017-04-27 09:32:14'),(223,527,128,5,'2017-04-24 10:50:40'),(223,527,130,3,'2017-04-24 10:08:06'),(223,527,131,0,'2017-04-23 20:46:36'),(223,527,132,5,'2017-04-23 20:41:19'),(223,527,133,5,'2017-04-25 13:11:39'),(223,527,134,5,'2017-06-08 21:13:29'),(223,527,135,3,'2017-04-26 01:54:52'),(223,527,136,2,'2017-04-24 18:31:57'),(223,527,137,5,'2017-04-24 17:07:37'),(223,527,138,4,'2017-04-24 10:50:08'),(223,533,125,2,'2018-04-18 12:51:31'),(223,533,130,5,'2017-04-25 10:49:28'),(223,533,132,3,'2017-04-23 20:41:46'),(223,533,133,2,'2017-04-25 13:11:31'),(223,533,134,5,'2017-06-08 21:55:29'),(223,533,135,3,'2017-04-25 11:22:21'),(223,533,136,2,'2017-04-25 10:51:39'),(223,533,137,2,'2017-04-26 20:07:27'),(223,533,138,5,'2017-04-25 10:47:54'),(223,533,212,4,'2018-02-07 16:15:40'),(223,534,125,2,'2018-04-18 12:51:52'),(223,534,130,5,'2017-04-26 10:56:51'),(223,534,131,1,'2017-04-26 10:07:58'),(223,534,132,5,'2017-04-23 20:43:09'),(223,534,133,5,'2017-04-26 09:59:01'),(223,534,135,4,'2017-04-26 10:52:58'),(223,534,136,1,'2017-04-26 10:06:15'),(223,534,137,3,'2017-04-26 20:07:13'),(223,534,138,3,'2017-04-26 10:48:18'),(223,535,125,3,'2017-11-03 19:10:47'),(223,535,130,3,'2017-04-27 10:13:27'),(223,535,133,3,'2017-04-27 10:48:18'),(223,535,136,3,'2017-04-27 10:05:25'),(223,535,137,4,'2017-04-27 12:03:41'),(223,536,130,5,'2017-04-28 10:51:42'),(223,536,131,3,'2017-04-28 10:15:30'),(223,536,132,3,'2017-04-28 11:32:20'),(223,536,133,3,'2017-04-28 10:12:36'),(223,536,209,3,'2017-12-30 12:35:01'),(223,537,125,3,'2017-12-13 18:44:33'),(223,537,128,2,'2017-04-24 13:48:33'),(223,537,130,3,'2017-04-24 13:02:12'),(223,537,131,4,'2017-04-26 15:22:27'),(223,537,132,5,'2017-04-23 20:41:42'),(223,537,133,5,'2017-04-25 13:11:42'),(223,537,134,5,'2017-06-08 21:45:05'),(223,537,135,3,'2017-04-26 01:54:49'),(223,537,136,2,'2017-04-24 18:31:58'),(223,537,137,2,'2017-04-26 20:07:20'),(223,538,125,5,'2017-04-25 13:46:03'),(223,538,130,2,'2017-04-25 12:58:56'),(223,538,131,3,'2017-04-25 14:19:42'),(223,538,132,3,'2017-04-25 13:12:09'),(223,538,133,1,'2017-04-25 14:21:41'),(223,538,135,5,'2017-04-25 14:23:53'),(223,538,136,5,'2017-04-25 13:49:52'),(223,538,137,5,'2017-04-26 20:07:31'),(223,538,138,5,'2017-04-25 13:55:23'),(223,539,125,4,'2017-12-13 19:00:07'),(223,539,130,1,'2017-04-26 13:48:23'),(223,539,133,5,'2017-04-26 13:18:22'),(223,539,135,5,'2017-04-26 13:49:07'),(223,539,137,5,'2017-04-26 20:07:08'),(223,540,125,3,'2017-11-03 19:11:17'),(223,540,130,2,'2017-04-27 13:11:35'),(223,540,135,1,'2017-04-27 13:56:35'),(223,540,137,3,'2017-04-27 12:03:49'),(223,541,125,3,'2017-11-03 19:13:23'),(223,541,130,3,'2017-04-28 13:04:06'),(223,541,131,3,'2017-04-28 13:41:18'),(223,541,132,3,'2017-04-28 13:50:21'),(224,542,125,3,'2018-02-07 17:30:30'),(224,542,126,5,'2017-05-17 12:48:29'),(224,542,128,5,'2017-05-17 12:53:43'),(224,542,131,3,'2017-05-17 12:29:07'),(224,542,132,3,'2017-05-17 12:32:16'),(224,542,133,4,'2017-05-17 12:32:03'),(224,542,135,5,'2017-05-17 12:53:18'),(224,542,136,2,'2017-05-17 16:53:23'),(224,542,137,5,'2017-05-17 14:05:53'),(224,542,139,3,'2017-05-17 12:50:55'),(224,542,147,5,'2017-05-17 12:43:39'),(224,542,148,4,'2017-05-17 12:49:45'),(224,542,149,5,'2017-05-17 15:11:43'),(224,542,150,5,'2017-05-17 12:44:13'),(224,542,151,5,'2017-05-17 12:25:28'),(224,542,152,5,'2017-05-17 12:04:00'),(224,542,153,5,'2017-05-17 12:57:16'),(224,542,154,5,'2017-05-17 12:07:21'),(224,542,155,4,'2017-05-17 12:44:06'),(224,542,157,3,'2017-05-17 12:32:24'),(224,542,158,4,'2017-05-17 12:42:13'),(224,542,159,5,'2017-05-17 12:42:26'),(224,542,160,4,'2017-05-19 10:29:37'),(224,542,161,5,'2017-05-17 14:04:32'),(224,542,162,5,'2017-05-17 13:22:45'),(224,542,163,4,'2017-05-17 13:06:48'),(224,542,164,5,'2017-05-17 12:50:28'),(224,542,166,5,'2017-05-17 13:02:03'),(224,542,167,5,'2017-05-17 12:52:06'),(224,542,168,4,'2017-05-17 15:55:39'),(224,542,170,5,'2017-05-17 12:50:21'),(224,542,171,5,'2017-05-17 17:55:35'),(224,542,172,5,'2017-05-17 12:55:07'),(224,542,173,4,'2017-05-17 12:56:33'),(224,542,174,3,'2017-05-17 13:01:38'),(224,542,175,5,'2017-05-19 07:38:41'),(224,542,178,3,'2017-05-17 15:45:04'),(224,542,179,5,'2017-05-17 13:10:12'),(224,542,180,5,'2017-05-17 13:14:05'),(224,542,181,5,'2017-05-17 13:18:51'),(224,542,182,5,'2017-05-17 13:21:59'),(224,542,183,5,'2017-05-17 15:27:50'),(224,542,186,5,'2017-05-17 15:47:10'),(224,542,189,3,'2017-05-17 16:31:14'),(224,542,190,4,'2017-05-17 18:23:41'),(224,542,191,5,'2017-05-17 19:50:00'),(224,542,193,3,'2017-05-18 16:20:33'),(224,542,194,4,'2017-05-18 10:06:48'),(224,542,199,5,'2017-05-19 08:12:56'),(224,542,201,5,'2017-05-19 11:03:18'),(224,542,202,5,'2017-05-19 16:18:53'),(224,542,203,5,'2017-05-19 16:27:52'),(224,543,125,4,'2018-04-21 15:47:38'),(224,543,126,5,'2017-05-17 14:08:02'),(224,543,128,5,'2017-05-17 14:05:29'),(224,543,130,4,'2017-05-17 13:31:48'),(224,543,131,5,'2017-05-17 13:15:35'),(224,543,132,4,'2017-05-17 14:34:07'),(224,543,133,4,'2017-05-17 14:05:52'),(224,543,135,5,'2017-05-17 14:16:15'),(224,543,136,5,'2017-05-17 13:39:20'),(224,543,137,5,'2017-05-17 14:06:04'),(224,543,139,5,'2017-05-17 14:38:04'),(224,543,147,5,'2017-05-17 14:55:03'),(224,543,148,5,'2017-05-17 14:36:28'),(224,543,149,5,'2017-05-17 15:45:08'),(224,543,151,5,'2017-05-17 13:00:09'),(224,543,152,5,'2017-05-17 13:01:21'),(224,543,153,5,'2017-05-17 14:53:41'),(224,543,154,5,'2017-05-17 12:07:37'),(224,543,155,5,'2017-05-17 14:05:37'),(224,543,158,5,'2017-05-17 13:32:23'),(224,543,159,5,'2017-05-17 14:54:22'),(224,543,160,5,'2017-05-19 10:29:41'),(224,543,161,5,'2017-05-17 14:55:49'),(224,543,162,5,'2017-05-17 12:49:24'),(224,543,163,5,'2017-05-17 14:37:10'),(224,543,164,5,'2017-05-17 13:25:30'),(224,543,165,4,'2017-05-18 15:31:55'),(224,543,166,5,'2017-05-17 14:52:11'),(224,543,167,5,'2017-05-17 13:40:41'),(224,543,168,4,'2017-05-17 15:55:52'),(224,543,170,5,'2017-05-17 16:52:37'),(224,543,171,5,'2017-05-17 17:55:44'),(224,543,172,5,'2017-05-17 15:02:17'),(224,543,173,5,'2017-05-17 13:44:11'),(224,543,174,5,'2017-05-17 13:02:56'),(224,543,175,5,'2017-05-19 07:38:56'),(224,543,178,4,'2017-05-17 13:13:13'),(224,543,179,5,'2017-05-17 13:10:36'),(224,543,180,5,'2017-05-17 14:04:01'),(224,543,181,4,'2017-05-17 14:35:44'),(224,543,182,3,'2017-05-17 16:10:31'),(224,543,183,5,'2017-05-17 15:28:02'),(224,543,184,5,'2017-05-17 15:34:23'),(224,543,186,5,'2017-05-17 15:47:30'),(224,543,188,5,'2017-05-17 16:02:32'),(224,543,189,5,'2017-05-17 16:31:14'),(224,543,190,5,'2017-05-17 18:23:56'),(224,543,191,5,'2017-05-17 19:50:10'),(224,543,193,5,'2017-05-18 16:20:37'),(224,543,194,5,'2017-05-18 10:06:43'),(224,543,199,5,'2017-05-19 08:12:47'),(224,543,201,5,'2017-05-19 11:03:25'),(224,543,202,5,'2017-05-19 16:18:57'),(224,543,203,5,'2017-05-19 16:27:57'),(224,544,125,5,'2017-05-17 17:06:32'),(224,544,126,5,'2017-05-17 12:48:40'),(224,544,128,5,'2017-05-17 16:34:43'),(224,544,130,5,'2017-05-17 16:54:48'),(224,544,131,4,'2017-05-17 15:41:20'),(224,544,132,2,'2017-05-17 16:34:30'),(224,544,133,5,'2017-05-17 16:04:41'),(224,544,135,3,'2017-08-24 22:03:58'),(224,544,136,5,'2017-05-17 16:53:13'),(224,544,139,5,'2017-05-17 12:55:07'),(224,544,147,5,'2017-05-17 16:33:55'),(224,544,148,3,'2017-05-17 17:32:39'),(224,544,149,5,'2017-05-17 15:45:30'),(224,544,151,4,'2017-05-17 15:11:27'),(224,544,152,5,'2017-05-17 15:44:44'),(224,544,153,5,'2017-05-17 18:23:53'),(224,544,154,5,'2017-05-17 12:07:44'),(224,544,155,5,'2017-05-17 15:50:07'),(224,544,158,5,'2017-05-17 17:04:56'),(224,544,159,5,'2017-05-17 16:47:44'),(224,544,160,5,'2017-05-19 10:29:48'),(224,544,161,5,'2017-05-17 16:43:52'),(224,544,162,5,'2017-05-17 15:49:27'),(224,544,163,4,'2017-05-17 16:40:56'),(224,544,164,5,'2017-05-17 15:55:38'),(224,544,165,5,'2017-05-18 15:31:52'),(224,544,166,3,'2017-05-17 16:12:17'),(224,544,167,4,'2017-05-17 15:59:50'),(224,544,168,5,'2017-05-17 17:24:35'),(224,544,170,3,'2017-05-17 16:52:52'),(224,544,171,5,'2017-05-17 17:55:52'),(224,544,172,5,'2017-05-17 16:43:43'),(224,544,173,4,'2017-05-17 15:55:49'),(224,544,174,5,'2017-05-17 15:43:18'),(224,544,175,5,'2017-05-18 16:55:56'),(224,544,178,4,'2017-05-17 15:44:04'),(224,544,179,5,'2017-05-17 15:40:57'),(224,544,180,5,'2017-05-17 16:43:47'),(224,544,181,3,'2017-05-17 16:58:52'),(224,544,182,4,'2017-05-17 17:26:40'),(224,544,183,5,'2017-05-18 18:01:18'),(224,544,184,4,'2017-05-18 19:36:23'),(224,544,185,5,'2017-05-17 15:45:39'),(224,544,186,5,'2017-05-17 18:22:39'),(224,544,189,4,'2017-05-17 16:30:34'),(224,544,190,4,'2017-05-17 18:24:03'),(224,544,191,5,'2017-05-17 19:50:15'),(224,544,193,4,'2017-05-18 16:20:42'),(224,544,194,4,'2017-05-18 10:06:44'),(224,544,199,5,'2017-05-19 08:13:05'),(224,544,201,4,'2017-05-19 11:03:44'),(224,544,202,5,'2017-05-19 16:19:05'),(224,544,203,5,'2017-05-19 16:27:58'),(224,545,125,4,'2017-07-06 16:15:33'),(224,545,126,5,'2017-05-17 12:48:49'),(224,545,128,5,'2017-05-18 09:29:41'),(224,545,131,5,'2017-05-18 07:51:30'),(224,545,132,1,'2017-05-18 13:20:23'),(224,545,133,5,'2017-05-18 13:16:26'),(224,545,136,5,'2017-05-18 09:27:44'),(224,545,137,5,'2017-05-18 13:16:50'),(224,545,140,5,'2017-05-18 13:11:00'),(224,545,147,5,'2017-05-18 14:07:59'),(224,545,149,5,'2017-05-18 13:14:44'),(224,545,151,5,'2017-05-18 13:13:27'),(224,545,152,5,'2017-05-18 07:31:38'),(224,545,153,5,'2017-05-18 15:39:10'),(224,545,154,5,'2017-05-18 07:44:32'),(224,545,155,5,'2017-05-19 07:41:44'),(224,545,157,0,'2017-05-17 12:31:25'),(224,545,158,5,'2017-05-19 16:04:53'),(224,545,162,5,'2017-05-18 13:14:48'),(224,545,163,5,'2017-05-19 07:36:04'),(224,545,165,5,'2017-05-18 15:32:00'),(224,545,170,4,'2017-05-18 16:01:01'),(224,545,171,5,'2017-05-18 13:01:24'),(224,545,174,5,'2017-05-18 14:10:48'),(224,545,180,5,'2017-05-18 14:01:38'),(224,545,181,4,'2017-05-18 13:19:00'),(224,545,182,3,'2017-05-18 12:37:30'),(224,545,183,5,'2017-05-18 12:13:44'),(224,545,184,4,'2017-05-18 12:34:32'),(224,545,190,5,'2017-05-18 13:08:31'),(224,545,193,4,'2017-05-18 13:57:30'),(224,545,199,5,'2017-05-19 08:13:10'),(224,545,201,4,'2017-05-19 11:02:45'),(224,545,202,5,'2017-05-19 16:19:08'),(224,546,125,3,'2018-04-18 12:52:53'),(224,546,126,5,'2017-05-17 12:48:52'),(224,546,128,5,'2017-05-18 13:48:57'),(224,546,130,5,'2017-05-18 13:55:43'),(224,546,131,4,'2017-05-18 13:18:28'),(224,546,132,2,'2017-05-18 13:20:08'),(224,546,133,5,'2017-05-18 15:22:27'),(224,546,136,5,'2017-05-19 11:58:39'),(224,546,137,3,'2017-05-18 15:12:30'),(224,546,140,4,'2017-05-18 14:35:56'),(224,546,147,5,'2017-05-18 14:07:35'),(224,546,148,3,'2017-05-18 13:47:52'),(224,546,149,4,'2017-05-18 13:39:52'),(224,546,150,5,'2017-05-18 14:06:42'),(224,546,151,5,'2017-05-18 13:12:29'),(224,546,152,5,'2017-05-18 13:49:06'),(224,546,153,5,'2017-05-18 13:16:23'),(224,546,154,5,'2017-05-18 14:03:16'),(224,546,158,5,'2017-05-19 16:04:28'),(224,546,159,5,'2017-05-18 13:21:50'),(224,546,160,5,'2017-05-18 15:55:50'),(224,546,161,4,'2017-05-18 15:50:15'),(224,546,162,5,'2017-05-18 13:14:56'),(224,546,163,5,'2017-05-18 13:14:18'),(224,546,164,5,'2017-05-18 13:14:33'),(224,546,165,4,'2017-05-18 15:32:07'),(224,546,168,5,'2017-05-18 13:06:04'),(224,546,170,5,'2017-05-18 16:01:08'),(224,546,171,5,'2017-05-18 13:54:19'),(224,546,172,5,'2017-05-18 15:08:57'),(224,546,173,4,'2017-05-18 15:06:37'),(224,546,174,5,'2017-05-18 14:10:54'),(224,546,175,4,'2017-05-18 16:56:07'),(224,546,178,4,'2017-05-18 13:06:51'),(224,546,179,5,'2017-05-18 13:14:39'),(224,546,180,5,'2017-05-18 14:01:59'),(224,546,181,5,'2017-05-18 15:00:09'),(224,546,182,5,'2017-05-18 15:00:52'),(224,546,183,5,'2017-05-18 15:03:33'),(224,546,184,4,'2017-05-18 19:36:43'),(224,546,186,5,'2017-05-18 16:33:09'),(224,546,188,5,'2017-05-18 13:39:08'),(224,546,190,4,'2017-05-18 13:08:56'),(224,546,191,5,'2017-05-18 14:07:03'),(224,546,193,5,'2017-05-18 13:56:50'),(224,546,194,5,'2017-05-19 07:49:42'),(224,546,195,4,'2017-05-18 15:41:54'),(224,546,199,4,'2017-05-19 08:13:32'),(224,546,201,4,'2017-05-19 11:02:57'),(224,546,202,5,'2017-05-19 16:19:12'),(224,546,203,5,'2017-05-19 16:28:10'),(224,547,125,4,'2017-05-18 16:00:36'),(224,547,126,5,'2017-05-17 12:48:56'),(224,547,128,5,'2017-05-19 09:39:56'),(224,547,130,5,'2017-05-18 15:35:02'),(224,547,132,1,'2017-05-18 16:06:14'),(224,547,133,4,'2017-05-18 15:22:19'),(224,547,136,5,'2017-05-19 16:16:29'),(224,547,140,5,'2017-05-18 16:16:13'),(224,547,147,5,'2017-05-18 15:51:35'),(224,547,149,4,'2017-05-18 15:27:37'),(224,547,150,3,'2017-05-18 15:49:03'),(224,547,151,5,'2017-05-18 13:13:13'),(224,547,152,5,'2017-05-18 15:49:50'),(224,547,153,5,'2017-05-19 07:44:15'),(224,547,154,5,'2017-05-18 15:50:14'),(224,547,155,2,'2017-05-18 15:49:33'),(224,547,158,5,'2017-05-19 16:04:20'),(224,547,159,5,'2017-05-18 16:05:50'),(224,547,160,5,'2017-05-18 15:56:14'),(224,547,161,3,'2017-05-18 15:50:28'),(224,547,162,5,'2017-05-18 15:14:58'),(224,547,163,4,'2017-05-18 15:54:23'),(224,547,164,5,'2017-05-18 15:19:22'),(224,547,165,4,'2017-05-18 15:35:24'),(224,547,166,5,'2017-05-18 15:13:57'),(224,547,168,5,'2017-05-18 15:07:33'),(224,547,170,1,'2017-05-18 16:00:31'),(224,547,171,5,'2017-05-18 15:59:22'),(224,547,172,5,'2017-05-18 21:01:32'),(224,547,173,5,'2017-05-18 15:06:57'),(224,547,174,2,'2017-05-18 16:08:14'),(224,547,175,4,'2017-05-18 16:56:10'),(224,547,178,4,'2017-05-18 15:15:43'),(224,547,179,5,'2017-05-18 15:06:56'),(224,547,180,5,'2017-05-18 15:58:51'),(224,547,181,3,'2017-05-18 16:34:09'),(224,547,182,5,'2017-05-18 16:41:19'),(224,547,183,5,'2017-05-18 15:14:03'),(224,547,184,5,'2017-05-18 15:12:34'),(224,547,186,4,'2017-05-18 16:32:59'),(224,547,188,4,'2017-05-18 15:48:50'),(224,547,190,5,'2017-05-18 15:14:13'),(224,547,193,4,'2017-05-18 15:16:16'),(224,547,194,3,'2017-05-18 15:49:09'),(224,547,195,4,'2017-05-18 16:33:31'),(224,547,197,4,'2017-05-18 15:16:55'),(224,547,199,4,'2017-05-19 08:13:44'),(224,547,201,4,'2017-05-19 11:03:07'),(224,547,202,5,'2017-05-19 16:19:16'),(224,547,203,5,'2017-05-19 16:28:14'),(224,548,125,4,'2017-08-02 14:09:02'),(224,548,126,5,'2017-05-17 12:49:02'),(224,548,128,5,'2017-05-19 06:51:51'),(224,548,133,5,'2017-05-19 16:07:37'),(224,548,147,5,'2017-05-19 12:47:13'),(224,548,149,5,'2017-05-19 07:43:09'),(224,548,151,5,'2017-05-19 06:24:59'),(224,548,152,5,'2017-05-19 07:46:34'),(224,548,153,5,'2017-05-19 10:40:51'),(224,548,154,5,'2017-05-19 12:34:30'),(224,548,155,4,'2017-05-19 11:19:37'),(224,548,158,5,'2017-05-19 16:04:39'),(224,548,160,4,'2017-05-19 08:30:56'),(224,548,163,5,'2017-05-19 07:35:03'),(224,548,165,5,'2017-05-19 11:05:28'),(224,548,166,5,'2017-05-19 11:28:31'),(224,548,170,5,'2017-05-19 11:32:27'),(224,548,174,4,'2017-05-19 15:41:21'),(224,548,179,5,'2017-05-19 15:58:08'),(224,548,180,5,'2017-05-19 08:23:15'),(224,548,185,5,'2017-05-19 11:29:52'),(224,548,202,5,'2017-05-19 16:19:22'),(224,550,125,3,'2017-11-03 19:13:47'),(224,550,126,5,'2017-05-17 12:49:07'),(224,550,128,5,'2017-05-19 06:51:53'),(224,550,133,5,'2017-05-19 16:07:33'),(224,550,147,5,'2017-05-19 12:47:07'),(224,550,149,5,'2017-05-19 07:43:38'),(224,550,151,5,'2017-05-19 06:25:05'),(224,550,152,4,'2017-05-19 09:00:13'),(224,550,153,5,'2017-05-18 14:15:12'),(224,550,155,4,'2017-05-19 11:19:42'),(224,550,163,5,'2017-05-19 07:35:11'),(224,550,166,5,'2017-05-19 11:28:31'),(224,550,170,5,'2017-05-19 11:32:35'),(224,550,174,5,'2017-05-19 15:39:59'),(224,550,178,5,'2017-05-19 11:57:19'),(224,550,179,5,'2017-05-19 07:10:34'),(224,550,183,5,'2017-05-19 08:43:33'),(224,550,184,5,'2017-05-19 08:18:06'),(224,550,193,5,'2017-05-19 11:15:35'),(224,550,194,5,'2017-05-19 11:35:19'),(224,550,199,5,'2017-05-19 11:05:11'),(224,552,125,3,'2018-04-16 12:56:43'),(224,552,126,5,'2017-05-17 12:49:10'),(224,552,128,5,'2017-05-19 06:51:15'),(224,552,132,4,'2017-05-18 23:21:51'),(224,552,133,5,'2017-05-19 12:42:23'),(224,552,137,5,'2017-05-19 14:22:30'),(224,552,147,5,'2017-05-19 11:05:06'),(224,552,148,3,'2017-05-19 07:49:54'),(224,552,149,5,'2017-05-19 07:43:55'),(224,552,151,5,'2017-05-19 06:25:11'),(224,552,152,4,'2017-05-19 09:00:18'),(224,552,153,5,'2017-05-18 14:15:17'),(224,552,155,5,'2017-05-19 14:38:36'),(224,552,159,0,'2017-05-19 09:53:50'),(224,552,161,5,'2017-05-19 08:39:39'),(224,552,162,5,'2017-05-19 08:39:20'),(224,552,163,5,'2017-05-19 07:35:19'),(224,552,164,5,'2017-05-19 11:10:16'),(224,552,166,5,'2017-05-19 11:28:31'),(224,552,168,5,'2017-05-19 07:39:59'),(224,552,170,3,'2017-05-19 11:32:42'),(224,552,171,5,'2017-05-19 09:32:12'),(224,552,173,5,'2017-05-19 15:11:44'),(224,552,174,4,'2017-05-19 15:41:28'),(224,552,175,5,'2017-05-19 15:55:20'),(224,552,179,5,'2017-05-19 15:57:48'),(224,552,181,5,'2017-05-19 14:52:23'),(224,552,182,5,'2017-05-19 15:40:01'),(224,552,186,4,'2017-05-19 15:59:14'),(224,552,191,5,'2017-05-19 08:40:29'),(224,552,201,4,'2017-05-19 11:02:00'),(224,552,202,5,'2017-05-19 16:19:35'),(224,552,203,5,'2017-05-19 16:28:18'),(224,554,125,3,'2017-05-19 16:10:52'),(224,554,126,5,'2017-05-17 12:49:15'),(224,554,128,5,'2017-05-19 06:51:29'),(224,554,130,5,'2017-05-19 16:04:22'),(224,554,132,3,'2017-05-18 23:21:44'),(224,554,133,5,'2017-05-19 16:07:15'),(224,554,136,5,'2017-05-19 16:13:01'),(224,554,137,5,'2017-05-19 14:22:38'),(224,554,147,5,'2017-05-19 16:16:13'),(224,554,148,4,'2017-05-19 16:04:16'),(224,554,149,5,'2017-05-19 07:43:55'),(224,554,151,5,'2017-05-19 06:25:16'),(224,554,152,4,'2017-05-19 15:59:30'),(224,554,153,4,'2017-05-19 08:05:25'),(224,554,154,5,'2017-05-19 15:59:10'),(224,554,155,5,'2017-05-19 16:14:16'),(224,554,159,5,'2017-05-19 16:07:38'),(224,554,161,5,'2017-05-19 16:01:27'),(224,554,162,5,'2017-05-19 16:04:07'),(224,554,163,5,'2017-05-19 16:34:56'),(224,554,164,5,'2017-05-19 15:59:08'),(224,554,168,5,'2017-05-19 16:05:27'),(224,554,170,4,'2017-05-19 16:06:31'),(224,554,171,5,'2017-05-19 16:28:14'),(224,554,174,5,'2017-05-19 16:28:18'),(224,554,178,4,'2017-05-19 16:04:41'),(224,554,179,5,'2017-05-19 16:00:51'),(224,554,180,5,'2017-05-19 16:12:25'),(224,554,181,1,'2017-05-19 16:35:25'),(224,554,182,1,'2017-05-19 16:35:39'),(224,554,183,5,'2017-05-19 16:04:54'),(224,554,191,5,'2017-05-19 16:04:22'),(224,554,193,5,'2017-05-19 16:14:34'),(224,554,202,5,'2017-05-19 16:19:26'),(224,554,203,5,'2017-05-19 16:28:23'),(231,562,212,5,'2018-02-07 16:18:35'),(231,563,125,3,'2018-04-16 18:09:31'),(231,564,125,5,'2017-10-05 00:06:48'),(231,564,212,3,'2018-02-07 16:18:48'),(234,567,135,3,'2018-12-28 21:44:30'),(234,567,140,3,'2018-04-17 16:24:14'),(234,568,199,3,'2018-12-28 23:02:32'),(234,569,140,5,'2018-04-17 16:25:02'),(234,570,135,4,'2018-12-28 20:54:17'),(234,570,140,5,'2018-04-17 16:24:44'),(234,570,199,4,'2018-12-28 22:27:22'),(234,572,125,3,'2018-04-16 21:31:03'),(234,572,140,3,'2018-04-17 16:24:35'),(234,572,199,4,'2018-12-28 22:31:40'),(234,663,321,5,'2018-12-19 10:04:05'),(235,575,140,2,'2018-04-17 22:25:25'),(237,577,125,0,'2018-04-27 00:35:25'),(237,577,140,3,'2018-05-11 14:40:13'),(237,577,175,5,'2018-05-11 13:07:32'),(237,577,214,5,'2018-05-11 17:28:27'),(237,577,223,5,'2018-05-11 13:49:02'),(237,577,241,5,'2018-05-11 17:17:53'),(237,577,246,4,'2018-05-11 12:55:27'),(237,577,252,5,'2018-05-11 14:42:42'),(237,577,253,4,'2018-05-11 13:13:53'),(237,577,254,5,'2018-05-11 22:10:44'),(237,577,255,5,'2018-05-11 14:53:10'),(237,577,259,5,'2018-05-11 13:08:25'),(237,577,260,2,'2018-05-11 13:05:20'),(237,577,261,1,'2018-05-11 13:04:56'),(237,577,262,4,'2018-05-11 18:50:20'),(237,577,265,5,'2018-05-11 13:53:14'),(237,577,266,5,'2018-05-11 13:05:10'),(237,578,140,3,'2018-05-11 14:41:19'),(237,578,222,5,'2018-05-09 15:26:10'),(237,578,241,5,'2018-05-09 16:53:39'),(237,578,252,5,'2018-05-10 17:27:48'),(237,578,253,4,'2018-05-09 16:55:10'),(237,578,265,5,'2018-05-10 17:31:27'),(237,579,140,3,'2018-05-10 21:24:25'),(237,579,222,5,'2018-05-10 16:07:34'),(237,579,241,5,'2018-05-10 05:53:28'),(237,579,252,5,'2018-05-10 15:25:39'),(237,579,253,0,'2018-05-10 14:22:36'),(237,579,265,5,'2018-05-10 17:32:47'),(237,580,140,4,'2018-05-11 14:46:38'),(237,580,214,5,'2018-05-09 15:54:56'),(237,580,241,5,'2018-05-09 15:44:24'),(237,580,245,5,'2018-05-09 16:42:14'),(237,580,246,5,'2018-05-09 19:09:11'),(237,580,265,5,'2018-05-10 17:31:34'),(237,581,140,1,'2018-05-11 14:39:35'),(237,581,214,5,'2018-05-10 14:34:04'),(237,581,241,5,'2018-05-10 05:53:31'),(237,581,246,5,'2018-05-10 13:01:31'),(237,582,175,5,'2018-05-09 16:21:44'),(237,582,241,5,'2018-05-09 15:44:34'),(237,582,243,5,'2018-05-09 15:23:20'),(237,582,249,5,'2018-05-09 16:43:31'),(237,582,254,5,'2018-05-09 15:23:41'),(237,582,255,4,'2018-05-09 16:42:33'),(237,582,257,5,'2018-05-10 13:10:59'),(237,582,258,0,'2018-05-10 13:11:53'),(237,582,260,5,'2018-05-09 15:27:24'),(237,582,261,5,'2018-05-09 15:23:03'),(237,582,264,4,'2018-05-10 13:09:42'),(237,582,265,4,'2018-05-10 17:31:45'),(237,583,140,3,'2018-05-10 17:53:36'),(237,583,175,5,'2018-05-10 13:21:51'),(237,583,241,5,'2018-05-10 05:53:35'),(237,583,243,5,'2018-05-10 13:09:45'),(237,583,254,5,'2018-05-10 16:07:25'),(237,583,255,4,'2018-05-10 13:12:48'),(237,583,257,5,'2018-05-10 13:10:53'),(237,583,264,4,'2018-05-10 16:04:49'),(237,583,265,5,'2018-05-10 17:44:46'),(237,584,223,0,'2018-05-09 13:23:34'),(237,584,241,5,'2018-05-09 15:45:10'),(237,585,223,5,'2018-05-10 15:03:16'),(237,585,241,5,'2018-05-10 05:53:38'),(237,585,265,1,'2018-05-10 17:32:20'),(237,586,125,3,'2018-05-11 15:26:50'),(237,586,140,4,'2018-05-11 14:39:26'),(237,586,214,5,'2018-05-11 17:28:07'),(237,586,223,5,'2018-05-11 16:10:53'),(237,586,246,5,'2018-05-11 14:56:27'),(237,586,265,5,'2018-05-11 17:44:07'),(238,635,140,3,'2019-02-25 15:09:35'),(238,635,199,0,'2019-01-09 18:28:45'),(238,637,199,5,'2018-09-30 18:46:34'),(238,641,321,5,'2018-09-16 22:17:49'),(238,642,199,5,'2019-02-13 19:07:47'),(238,642,321,3,'2019-02-27 12:05:51'),(238,657,125,0,'2018-10-01 15:51:08'),(238,657,321,4,'2018-10-09 23:07:09'),(238,657,324,4,'2018-07-21 10:34:02'),(238,657,325,3,'2018-07-19 09:46:24'),(239,606,127,4,'2018-05-23 13:27:31'),(239,606,130,5,'2018-05-23 14:14:27'),(239,606,131,4,'2018-05-23 12:57:03'),(239,606,132,4,'2018-05-23 13:40:30'),(239,606,136,5,'2018-05-23 14:44:54'),(239,606,140,3,'2019-03-15 15:11:07'),(239,606,149,5,'2018-05-25 16:07:20'),(239,606,152,5,'2018-05-23 13:17:17'),(239,606,155,5,'2018-05-23 13:33:14'),(239,606,158,5,'2018-05-23 13:29:22'),(239,606,160,5,'2018-05-23 15:05:35'),(239,606,161,5,'2018-05-23 12:04:56'),(239,606,162,5,'2018-05-23 14:42:12'),(239,606,163,5,'2018-05-23 16:38:20'),(239,606,165,4,'2018-05-23 14:32:33'),(239,606,166,5,'2018-05-23 13:52:53'),(239,606,171,5,'2018-05-23 14:39:46'),(239,606,172,5,'2018-05-23 13:31:38'),(239,606,182,5,'2018-05-23 14:54:07'),(239,606,197,5,'2018-05-23 13:38:29'),(239,606,199,5,'2018-05-23 14:20:35'),(239,606,200,4,'2018-05-23 14:39:26'),(239,606,201,4,'2018-05-23 13:34:15'),(239,606,202,5,'2018-05-23 13:19:55'),(239,606,234,5,'2018-05-23 13:32:34'),(239,606,269,5,'2018-05-23 17:44:54'),(239,606,271,5,'2018-05-23 15:40:16'),(239,606,274,5,'2018-05-23 15:29:30'),(239,606,275,5,'2018-05-23 14:43:22'),(239,606,276,4,'2018-05-23 14:54:05'),(239,606,277,5,'2018-05-23 14:28:56'),(239,606,278,5,'2018-05-23 13:31:53'),(239,606,280,5,'2018-05-23 15:28:48'),(239,606,281,5,'2018-05-23 13:31:52'),(239,606,282,5,'2018-05-23 13:31:46'),(239,606,283,3,'2018-05-23 13:26:41'),(239,606,284,5,'2018-05-23 13:32:01'),(239,606,286,5,'2018-05-23 13:30:20'),(239,606,289,4,'2018-05-23 13:34:50'),(239,606,291,3,'2018-05-23 14:12:49'),(239,606,292,5,'2018-05-23 13:29:30'),(239,606,293,5,'2018-05-23 14:41:29'),(239,606,294,4,'2018-05-23 14:58:51'),(239,606,295,4,'2018-05-23 14:47:43'),(239,606,297,5,'2018-05-23 13:38:41'),(239,606,300,5,'2018-05-23 13:31:40'),(239,606,301,5,'2018-05-23 13:20:54'),(239,606,302,4,'2018-05-23 14:17:52'),(239,606,304,4,'2018-05-23 13:32:42'),(239,606,306,4,'2018-05-23 14:45:15'),(239,606,307,5,'2018-05-23 13:52:01'),(239,606,308,5,'2018-05-24 15:31:28'),(239,606,309,4,'2018-05-23 13:55:53'),(239,606,310,5,'2018-05-24 21:27:57'),(239,606,315,4,'2018-05-25 10:42:20'),(239,607,125,3,'2018-05-24 14:42:45'),(239,607,127,2,'2018-05-24 16:16:33'),(239,607,130,3,'2018-05-24 21:13:23'),(239,607,136,1,'2018-05-24 14:14:55'),(239,607,140,5,'2018-05-24 14:46:18'),(239,607,149,5,'2018-05-25 16:07:09'),(239,607,152,5,'2018-05-24 14:03:05'),(239,607,158,5,'2018-05-24 13:32:29'),(239,607,160,4,'2018-05-24 14:15:32'),(239,607,161,5,'2018-05-25 16:09:06'),(239,607,162,5,'2018-05-24 14:55:06'),(239,607,163,4,'2018-05-24 13:27:12'),(239,607,165,4,'2018-05-24 16:32:58'),(239,607,166,5,'2018-05-24 14:05:38'),(239,607,171,5,'2018-05-24 13:33:24'),(239,607,172,4,'2018-05-24 13:42:14'),(239,607,173,5,'2018-05-24 14:14:07'),(239,607,182,5,'2018-05-24 14:55:47'),(239,607,183,0,'2018-05-24 18:52:33'),(239,607,195,4,'2018-05-24 13:59:04'),(239,607,197,2,'2018-05-24 13:58:14'),(239,607,199,5,'2018-05-24 14:44:24'),(239,607,200,5,'2018-05-24 14:43:39'),(239,607,201,4,'2018-05-24 15:18:15'),(239,607,202,5,'2018-05-24 13:25:26'),(239,607,234,4,'2018-05-24 14:15:34'),(239,607,271,5,'2018-05-24 13:32:47'),(239,607,274,5,'2018-05-24 15:12:36'),(239,607,275,4,'2018-05-24 15:16:28'),(239,607,276,4,'2018-05-24 13:30:13'),(239,607,278,3,'2018-05-24 14:44:17'),(239,607,280,5,'2018-05-24 14:17:35'),(239,607,281,5,'2018-05-24 13:37:35'),(239,607,282,3,'2018-05-24 14:17:14'),(239,607,283,3,'2018-05-24 13:40:26'),(239,607,284,4,'2018-05-24 14:22:04'),(239,607,286,5,'2018-05-24 13:39:55'),(239,607,287,5,'2018-05-25 08:08:27'),(239,607,289,5,'2018-05-24 13:43:59'),(239,607,291,4,'2018-05-24 14:21:43'),(239,607,292,5,'2018-05-24 14:46:44'),(239,607,293,5,'2018-05-24 13:46:59'),(239,607,294,3,'2018-05-24 15:35:30'),(239,607,295,4,'2018-05-24 14:50:08'),(239,607,297,5,'2018-05-24 12:07:42'),(239,607,298,5,'2018-05-24 14:46:53'),(239,607,300,4,'2018-05-24 14:23:33'),(239,607,301,5,'2018-05-24 13:45:52'),(239,607,302,5,'2018-05-24 13:32:07'),(239,607,304,5,'2018-05-24 14:47:39'),(239,607,305,5,'2018-05-24 13:32:01'),(239,607,306,3,'2018-05-24 14:14:45'),(239,607,307,5,'2018-05-24 13:58:19'),(239,607,308,5,'2018-05-24 15:28:50'),(239,607,309,3,'2018-05-25 05:32:40'),(239,607,310,5,'2018-05-24 13:33:53'),(239,607,313,5,'2018-05-24 15:27:54'),(239,607,314,5,'2018-05-24 14:06:47'),(239,607,315,5,'2018-05-25 10:48:04'),(239,608,125,3,'2018-05-24 16:21:44'),(239,608,127,2,'2018-05-24 16:16:15'),(239,608,130,3,'2018-05-24 21:13:32'),(239,608,136,2,'2018-05-24 15:34:31'),(239,608,149,5,'2018-05-25 16:07:01'),(239,608,152,5,'2018-05-24 15:53:16'),(239,608,158,5,'2018-05-24 15:49:56'),(239,608,160,4,'2018-05-24 16:20:44'),(239,608,161,5,'2018-05-25 11:47:16'),(239,608,162,5,'2018-05-24 15:49:45'),(239,608,163,5,'2018-05-24 15:33:02'),(239,608,165,3,'2018-05-25 00:21:11'),(239,608,166,5,'2018-05-24 14:07:09'),(239,608,171,3,'2018-05-24 16:28:51'),(239,608,173,5,'2018-05-24 16:10:12'),(239,608,182,3,'2018-05-24 16:17:02'),(239,608,197,4,'2018-05-24 16:27:30'),(239,608,200,5,'2018-05-24 16:31:11'),(239,608,201,4,'2018-05-24 15:29:52'),(239,608,202,5,'2018-05-24 16:19:00'),(239,608,234,4,'2018-05-24 15:41:11'),(239,608,271,5,'2018-05-24 16:17:16'),(239,608,274,3,'2018-05-24 17:39:35'),(239,608,276,3,'2018-05-24 16:15:32'),(239,608,278,4,'2018-05-25 07:45:35'),(239,608,280,5,'2018-05-24 16:36:14'),(239,608,281,5,'2018-05-24 15:31:19'),(239,608,282,5,'2018-05-24 15:41:17'),(239,608,287,5,'2018-05-25 08:09:14'),(239,608,288,3,'2018-05-24 16:22:44'),(239,608,291,2,'2018-05-24 16:18:22'),(239,608,293,5,'2018-05-24 16:31:45'),(239,608,294,3,'2018-05-25 06:47:20'),(239,608,295,2,'2018-05-24 17:26:12'),(239,608,297,5,'2018-05-24 12:07:48'),(239,608,300,4,'2018-05-24 16:26:23'),(239,608,305,3,'2018-05-24 16:26:51'),(239,608,306,3,'2018-05-24 16:14:46'),(239,608,307,5,'2018-05-24 15:40:12'),(239,608,308,5,'2018-05-24 15:43:08'),(239,608,309,3,'2018-05-25 05:32:58'),(239,608,313,5,'2018-05-24 20:53:35'),(239,608,315,4,'2018-05-25 10:52:54'),(239,609,125,4,'2018-05-24 12:04:16'),(239,609,127,5,'2018-05-23 09:17:30'),(239,609,130,4,'2018-05-24 21:13:38'),(239,609,136,5,'2018-05-24 09:24:36'),(239,609,152,5,'2018-05-24 08:41:29'),(239,609,161,5,'2018-05-24 12:03:58'),(239,609,162,5,'2018-05-24 07:43:09'),(239,609,163,4,'2018-05-24 13:05:36'),(239,609,166,5,'2018-05-24 14:05:29'),(239,609,201,5,'2018-05-24 15:18:44'),(239,609,202,5,'2018-05-24 10:57:36'),(239,609,234,5,'2018-05-24 14:15:27'),(239,609,274,5,'2018-05-24 12:37:08'),(239,609,282,5,'2018-05-24 12:07:38'),(239,609,289,3,'2018-05-24 12:58:01'),(239,609,291,5,'2018-05-24 14:22:14'),(239,609,293,4,'2018-05-24 10:39:16'),(239,609,294,5,'2018-05-24 15:35:22'),(239,609,295,5,'2019-01-21 10:51:40'),(239,609,297,5,'2018-05-24 11:57:27'),(239,609,301,3,'2018-05-24 13:45:36'),(239,609,305,0,'2018-05-24 09:49:45'),(239,609,307,5,'2018-05-24 07:35:08'),(239,609,308,5,'2018-05-24 15:30:03'),(239,609,310,3,'2018-05-24 13:35:12'),(239,609,315,3,'2018-05-25 11:04:35'),(239,610,125,4,'2018-05-23 15:56:28'),(239,610,127,5,'2018-05-23 15:56:25'),(239,610,130,5,'2018-05-23 15:44:00'),(239,610,131,5,'2018-05-23 16:36:34'),(239,610,132,3,'2018-05-23 15:45:48'),(239,610,136,5,'2018-05-23 15:39:26'),(239,610,140,3,'2018-05-23 16:22:25'),(239,610,149,5,'2018-05-25 16:07:23'),(239,610,152,5,'2018-05-23 15:58:17'),(239,610,155,5,'2018-05-23 15:39:11'),(239,610,160,5,'2018-05-23 16:55:47'),(239,610,161,5,'2018-05-23 16:34:55'),(239,610,162,4,'2018-05-23 16:14:51'),(239,610,163,5,'2018-05-24 06:27:42'),(239,610,165,5,'2018-05-23 16:31:33'),(239,610,166,5,'2018-05-23 13:54:21'),(239,610,171,5,'2018-05-23 16:37:57'),(239,610,172,5,'2018-05-23 16:35:38'),(239,610,182,4,'2018-05-23 17:05:09'),(239,610,197,5,'2018-05-23 16:38:29'),(239,610,199,5,'2018-05-23 16:39:04'),(239,610,200,4,'2018-05-23 16:57:16'),(239,610,201,4,'2018-05-23 15:43:48'),(239,610,202,5,'2018-05-23 15:27:29'),(239,610,234,5,'2018-05-23 16:29:40'),(239,610,269,5,'2018-05-23 17:45:06'),(239,610,271,5,'2018-05-23 16:53:58'),(239,610,274,5,'2018-05-23 16:31:52'),(239,610,275,5,'2018-05-23 16:50:16'),(239,610,276,4,'2018-05-23 16:55:11'),(239,610,277,5,'2018-05-23 17:13:18'),(239,610,278,4,'2018-05-23 16:00:15'),(239,610,280,5,'2018-05-23 16:37:08'),(239,610,282,5,'2018-05-23 15:30:52'),(239,610,287,4,'2018-05-25 08:09:37'),(239,610,289,5,'2018-05-23 16:44:50'),(239,610,291,5,'2018-05-23 16:19:37'),(239,610,292,4,'2018-05-23 16:39:16'),(239,610,294,4,'2018-05-23 17:16:10'),(239,610,295,4,'2018-05-23 17:11:36'),(239,610,297,5,'2018-05-23 15:39:31'),(239,610,300,5,'2018-05-23 16:53:19'),(239,610,301,5,'2018-05-23 15:38:40'),(239,610,302,5,'2018-05-23 15:48:01'),(239,610,304,5,'2018-05-23 17:21:23'),(239,610,305,4,'2018-05-23 15:38:22'),(239,610,307,5,'2018-05-23 16:11:37'),(239,610,308,5,'2018-05-24 15:26:00'),(239,610,310,5,'2018-05-23 17:08:49'),(239,610,315,3,'2018-05-25 11:11:00'),(239,611,125,3,'2019-02-26 20:53:28'),(239,611,127,5,'2018-05-23 09:17:51'),(239,611,140,4,'2019-03-15 21:47:26'),(239,611,141,0,'2018-05-25 13:36:26'),(239,611,152,5,'2018-05-25 12:17:05'),(239,611,161,5,'2018-05-25 11:47:30'),(239,611,162,5,'2018-05-25 08:01:49'),(239,611,163,5,'2018-05-25 07:25:30'),(239,611,166,5,'2018-05-24 14:06:51'),(239,611,182,5,'2018-05-25 16:20:33'),(239,611,199,0,'2019-02-06 11:46:27'),(239,611,202,5,'2018-05-25 08:09:54'),(239,611,234,5,'2018-05-25 13:19:40'),(239,611,276,5,'2018-05-25 12:08:04'),(239,611,280,5,'2018-05-25 11:17:20'),(239,611,293,5,'2018-05-25 10:14:39'),(239,611,297,5,'2018-05-24 12:07:58'),(239,611,300,5,'2018-05-25 14:59:47'),(239,611,305,5,'2018-05-25 12:34:12'),(239,611,308,5,'2018-05-25 12:26:30'),(239,611,309,5,'2018-05-25 16:50:12'),(239,611,315,4,'2018-05-25 10:44:41'),(239,611,321,4,'2019-02-06 11:59:19'),(239,612,125,5,'2018-05-25 11:51:24'),(239,612,127,5,'2018-05-23 09:17:49'),(239,612,131,4,'2018-05-25 14:26:27'),(239,612,135,0,'2019-01-09 18:51:35'),(239,612,149,5,'2018-05-25 16:31:17'),(239,612,152,5,'2018-05-25 11:46:04'),(239,612,160,4,'2018-05-25 17:00:45'),(239,612,163,5,'2018-05-25 16:49:52'),(239,612,166,5,'2018-05-24 14:06:55'),(239,612,199,3,'2019-02-06 10:05:05'),(239,612,202,5,'2018-05-25 08:10:09'),(239,612,278,5,'2018-05-25 07:45:17'),(239,612,297,5,'2018-05-24 12:08:02'),(239,612,305,5,'2018-05-25 08:11:48'),(239,612,307,5,'2018-05-25 16:29:16'),(239,612,308,5,'2018-05-25 12:26:34'),(239,612,315,5,'2018-05-25 10:44:19'),(239,612,321,5,'2018-10-22 08:38:20'),(239,613,127,5,'2018-05-23 09:17:46'),(239,613,130,5,'2018-05-25 15:46:45'),(239,613,132,4,'2018-05-25 11:06:41'),(239,613,152,5,'2018-05-25 12:17:14'),(239,613,163,5,'2018-05-25 16:49:57'),(239,613,166,5,'2018-05-24 14:06:58'),(239,613,175,4,'2018-05-25 10:13:59'),(239,613,183,5,'2018-05-25 12:00:52'),(239,613,199,5,'2019-01-12 13:29:53'),(239,613,200,5,'2018-05-25 12:33:29'),(239,613,202,5,'2018-05-25 08:09:43'),(239,613,271,5,'2018-05-25 07:34:39'),(239,613,274,3,'2018-05-25 12:30:36'),(239,613,275,5,'2018-05-25 08:11:34'),(239,613,281,5,'2018-05-25 08:41:15'),(239,613,282,5,'2018-05-25 08:28:14'),(239,613,283,1,'2018-05-25 08:57:03'),(239,613,286,5,'2018-05-25 09:00:54'),(239,613,287,4,'2018-05-25 08:07:16'),(239,613,288,5,'2018-05-25 07:40:32'),(239,613,289,4,'2018-05-25 09:00:26'),(239,613,291,3,'2018-05-25 08:51:12'),(239,613,295,4,'2018-05-25 15:46:56'),(239,613,297,5,'2018-05-24 12:08:07'),(239,613,304,4,'2018-05-25 14:46:59'),(239,613,305,5,'2018-05-25 12:34:24'),(239,613,307,5,'2018-05-25 13:47:17'),(239,613,308,5,'2018-05-25 12:26:43'),(239,613,310,4,'2018-05-25 10:21:48'),(239,613,313,3,'2018-05-25 16:32:09'),(239,613,315,4,'2018-05-25 10:43:59'),(239,614,125,4,'2018-05-25 16:44:33'),(239,614,127,5,'2018-05-23 09:17:43'),(239,614,131,0,'2018-05-25 14:26:27'),(239,614,136,5,'2018-05-25 16:49:06'),(239,614,149,5,'2018-05-25 16:31:28'),(239,614,152,5,'2018-05-25 16:31:31'),(239,614,155,5,'2018-05-25 16:52:18'),(239,614,158,5,'2018-05-25 16:45:26'),(239,614,160,5,'2018-05-25 17:00:40'),(239,614,161,5,'2018-05-25 16:06:11'),(239,614,162,5,'2018-05-25 16:46:02'),(239,614,163,5,'2018-05-25 16:50:06'),(239,614,166,5,'2018-05-24 14:07:02'),(239,614,172,4,'2018-05-25 16:50:46'),(239,614,182,5,'2018-05-25 16:59:41'),(239,614,234,5,'2018-05-25 16:30:59'),(239,614,271,5,'2018-05-25 16:17:17'),(239,614,278,4,'2018-05-25 16:51:47'),(239,614,282,5,'2018-05-25 16:14:55'),(239,614,293,5,'2018-05-25 16:56:47'),(239,614,295,5,'2018-05-25 17:00:11'),(239,614,297,5,'2018-05-24 12:08:11'),(239,614,300,4,'2018-05-25 16:41:42'),(239,614,305,5,'2018-05-25 16:05:50'),(239,614,306,4,'2018-05-25 16:48:58'),(239,614,307,5,'2018-05-25 16:29:02'),(239,614,308,5,'2018-05-25 16:30:48'),(239,614,309,5,'2018-05-25 16:50:04'),(239,614,310,3,'2018-05-25 15:56:00'),(239,614,313,0,'2018-05-25 16:31:35'),(239,614,315,5,'2018-05-25 10:55:24'),(240,625,135,2,'2018-05-22 15:29:09'),(240,627,125,4,'2018-05-21 18:41:54'),(240,627,135,4,'2018-05-22 15:41:47'),(242,666,338,5,'2019-03-15 17:14:23'),(242,671,338,3,'2019-03-15 17:15:14'),(242,672,338,4,'2019-03-15 17:14:12');
/*!40000 ALTER TABLE `nota_atividade_participante` ENABLE KEYS */;
UNLOCK TABLES;

--
-- Table structure for table `nota_conforto_sonoro_atividade`
--

DROP TABLE IF EXISTS `nota_conforto_sonoro_atividade`;
/*!40101 SET @saved_cs_client     = @@character_set_client */;
/*!40101 SET character_set_client = utf8 */;
CREATE TABLE `nota_conforto_sonoro_atividade` (
  `id_evento` int(11) NOT NULL,
  `id_atividade` int(11) NOT NULL,
  `id_participante` int(11) NOT NULL,
  `nota` int(11) NOT NULL,
  `data` datetime NOT NULL,
  PRIMARY KEY (`id_evento`,`id_atividade`,`id_participante`),
  KEY `ID_PARTICIPANTE_SONORO` (`id_participante`),
  KEY `ID_ATIVIDADE_SONORO` (`id_atividade`)
) ENGINE=InnoDB DEFAULT CHARSET=utf8;
/*!40101 SET character_set_client = @saved_cs_client */;

--
-- Dumping data for table `nota_conforto_sonoro_atividade`
--

LOCK TABLES `nota_conforto_sonoro_atividade` WRITE;
/*!40000 ALTER TABLE `nota_conforto_sonoro_atividade` DISABLE KEYS */;
INSERT INTO `nota_conforto_sonoro_atividade` VALUES (213,36,125,3,'2018-05-10 00:00:00'),(214,556,125,4,'2018-05-10 00:00:00'),(214,557,125,4,'2018-05-10 00:00:00'),(223,223,125,5,'2018-05-10 00:00:00'),(223,527,126,4,'2018-05-10 00:00:00'),(223,527,128,5,'2018-05-10 00:00:00'),(223,527,130,4,'2018-05-10 00:00:00'),(223,527,133,5,'2018-05-10 00:00:00'),(223,527,135,3,'2018-05-10 00:00:00'),(223,527,136,4,'2018-05-10 00:00:00'),(223,527,138,5,'2018-05-10 00:00:00'),(223,533,130,2,'2018-05-10 00:00:00'),(223,533,135,4,'2018-05-10 00:00:00'),(223,533,136,3,'2018-05-10 00:00:00'),(223,533,137,4,'2018-05-10 00:00:00'),(223,533,138,2,'2018-05-10 00:00:00'),(223,534,125,5,'2018-05-10 00:00:00'),(223,534,130,5,'2018-05-10 00:00:00'),(223,534,131,4,'2018-05-10 00:00:00'),(223,534,133,3,'2018-05-10 00:00:00'),(223,534,135,5,'2018-05-10 00:00:00'),(223,534,136,3,'2018-05-10 00:00:00'),(223,534,137,4,'2018-05-10 00:00:00'),(223,534,138,3,'2018-05-10 00:00:00'),(223,535,130,3,'2018-05-10 00:00:00'),(223,535,133,3,'2018-05-10 00:00:00'),(223,535,136,2,'2018-05-10 00:00:00'),(223,536,130,1,'2018-05-10 00:00:00'),(223,536,131,4,'2018-05-10 00:00:00'),(223,536,132,4,'2018-05-10 00:00:00'),(223,536,133,5,'2018-05-10 00:00:00'),(223,537,128,5,'2018-05-10 00:00:00'),(223,537,130,4,'2018-05-10 00:00:00'),(223,537,131,4,'2018-05-10 00:00:00'),(223,537,135,3,'2018-05-10 00:00:00'),(223,537,136,2,'2018-05-10 00:00:00'),(223,538,125,2,'2018-05-10 00:00:00'),(223,538,130,4,'2018-05-10 00:00:00'),(223,538,131,5,'2018-05-10 00:00:00'),(223,538,132,4,'2018-05-10 00:00:00'),(223,538,133,3,'2018-05-10 00:00:00'),(223,538,135,5,'2018-05-10 00:00:00'),(223,538,136,3,'2018-05-10 00:00:00'),(223,538,137,5,'2018-05-10 00:00:00'),(223,538,138,3,'2018-05-10 00:00:00'),(223,539,130,2,'2018-05-10 00:00:00'),(223,539,133,3,'2018-05-10 00:00:00'),(223,539,135,3,'2018-05-10 00:00:00'),(223,540,130,3,'2018-05-10 00:00:00'),(223,540,135,5,'2018-05-10 00:00:00'),(223,541,130,3,'2018-05-10 00:00:00'),(223,541,131,4,'2018-05-10 00:00:00'),(223,541,132,3,'2018-05-10 00:00:00'),(224,542,125,2,'2018-05-10 00:00:00'),(224,542,126,5,'2018-05-10 00:00:00'),(224,542,128,5,'2018-05-10 00:00:00'),(224,542,131,1,'2018-05-10 00:00:00'),(224,542,132,2,'2018-05-10 00:00:00'),(224,542,133,1,'2018-05-10 00:00:00'),(224,542,135,5,'2018-05-10 00:00:00'),(224,542,139,4,'2018-05-10 00:00:00'),(224,542,147,3,'2018-05-10 00:00:00'),(224,542,148,5,'2018-05-10 00:00:00'),(224,542,149,5,'2018-05-10 00:00:00'),(224,542,150,5,'2018-05-10 00:00:00'),(224,542,151,3,'2018-05-10 00:00:00'),(224,542,152,4,'2018-05-10 00:00:00'),(224,542,153,5,'2018-05-10 00:00:00'),(224,542,154,4,'2018-05-10 00:00:00'),(224,542,155,4,'2018-05-10 00:00:00'),(224,542,157,1,'2018-05-10 00:00:00'),(224,542,158,3,'2018-05-10 00:00:00'),(224,542,159,2,'2018-05-10 00:00:00'),(224,542,163,4,'2018-05-10 00:00:00'),(224,542,164,2,'2018-05-10 00:00:00'),(224,542,166,5,'2018-05-10 00:00:00'),(224,542,167,5,'2018-05-10 00:00:00'),(224,542,168,4,'2018-05-10 00:00:00'),(224,542,170,5,'2018-05-10 00:00:00'),(224,542,172,5,'2018-05-10 00:00:00'),(224,542,173,4,'2018-05-10 00:00:00'),(224,542,174,4,'2018-05-10 00:00:00'),(224,542,179,5,'2018-05-10 00:00:00'),(224,542,180,2,'2018-05-10 00:00:00'),(224,543,125,2,'2018-05-10 00:00:00'),(224,543,126,5,'2018-05-10 00:00:00'),(224,543,128,5,'2018-05-10 00:00:00'),(224,543,130,4,'2018-05-10 00:00:00'),(224,543,131,4,'2018-05-10 00:00:00'),(224,543,132,2,'2018-05-10 00:00:00'),(224,543,133,4,'2018-05-10 00:00:00'),(224,543,135,5,'2018-05-10 00:00:00'),(224,543,136,3,'2018-05-10 00:00:00'),(224,543,137,5,'2018-05-10 00:00:00'),(224,543,139,4,'2018-05-10 00:00:00'),(224,543,140,3,'2018-05-10 00:00:00'),(224,543,147,4,'2018-05-10 00:00:00'),(224,543,148,4,'2018-05-10 00:00:00'),(224,543,149,5,'2018-05-10 00:00:00'),(224,543,151,4,'2018-05-10 00:00:00'),(224,543,152,4,'2018-05-10 00:00:00'),(224,543,153,5,'2018-05-10 00:00:00'),(224,543,154,5,'2018-05-10 00:00:00'),(224,543,155,5,'2018-05-10 00:00:00'),(224,543,158,5,'2018-05-10 00:00:00'),(224,543,159,4,'2018-05-10 00:00:00'),(224,543,161,5,'2018-05-10 00:00:00'),(224,543,162,5,'2018-05-10 00:00:00'),(224,543,163,5,'2018-05-10 00:00:00'),(224,543,164,5,'2018-05-10 00:00:00'),(224,543,166,4,'2018-05-10 00:00:00'),(224,543,167,5,'2018-05-10 00:00:00'),(224,543,172,5,'2018-05-10 00:00:00'),(224,543,173,4,'2018-05-10 00:00:00'),(224,543,174,5,'2018-05-10 00:00:00'),(224,543,178,4,'2018-05-10 00:00:00'),(224,543,179,5,'2018-05-10 00:00:00'),(224,543,180,4,'2018-05-10 00:00:00'),(224,543,181,3,'2018-05-10 00:00:00'),(224,543,182,3,'2018-05-10 00:00:00'),(224,544,125,4,'2018-05-10 00:00:00'),(224,544,126,5,'2018-05-10 00:00:00'),(224,544,128,5,'2018-05-10 00:00:00'),(224,544,130,5,'2018-05-10 00:00:00'),(224,544,131,4,'2018-05-10 00:00:00'),(224,544,132,1,'2018-05-10 00:00:00'),(224,544,133,3,'2018-05-10 00:00:00'),(224,544,135,5,'2018-05-10 00:00:00'),(224,544,136,3,'2018-05-10 00:00:00'),(224,544,140,1,'2018-05-10 00:00:00'),(224,544,147,4,'2018-05-10 00:00:00'),(224,544,148,3,'2018-05-10 00:00:00'),(224,544,149,5,'2018-05-10 00:00:00'),(224,544,151,5,'2018-05-10 00:00:00'),(224,544,152,4,'2018-05-10 00:00:00'),(224,544,153,5,'2018-05-10 00:00:00'),(224,544,155,5,'2018-05-10 00:00:00'),(224,544,158,5,'2018-05-10 00:00:00'),(224,544,159,3,'2018-05-10 00:00:00'),(224,544,161,4,'2018-05-10 00:00:00'),(224,544,162,5,'2018-05-10 00:00:00'),(224,544,163,3,'2018-05-10 00:00:00'),(224,544,164,3,'2018-05-10 00:00:00'),(224,544,166,1,'2018-05-10 00:00:00'),(224,544,168,3,'2018-05-10 00:00:00'),(224,544,170,4,'2018-05-10 00:00:00'),(224,544,172,5,'2018-05-10 00:00:00'),(224,544,173,3,'2018-05-10 00:00:00'),(224,544,174,5,'2018-05-10 00:00:00'),(224,544,175,3,'2018-05-10 00:00:00'),(224,544,178,4,'2018-05-10 00:00:00'),(224,544,179,5,'2018-05-10 00:00:00'),(224,544,180,4,'2018-05-10 00:00:00'),(224,544,181,3,'2018-05-10 00:00:00'),(224,544,182,2,'2018-05-10 00:00:00'),(224,544,183,4,'2018-05-10 00:00:00'),(224,544,185,5,'2018-05-10 00:00:00'),(224,544,186,5,'2018-05-10 00:00:00'),(224,544,189,3,'2018-05-10 00:00:00'),(224,545,125,4,'2018-05-10 00:00:00'),(224,545,126,3,'2018-05-10 00:00:00'),(224,545,128,5,'2018-05-10 00:00:00'),(224,545,131,4,'2018-05-10 00:00:00'),(224,545,136,5,'2018-05-10 00:00:00'),(224,545,137,5,'2018-05-10 00:00:00'),(224,545,149,5,'2018-05-10 00:00:00'),(224,545,151,5,'2018-05-10 00:00:00'),(224,545,152,4,'2018-05-10 00:00:00'),(224,545,153,5,'2018-05-10 00:00:00'),(224,545,154,5,'2018-05-10 00:00:00'),(224,545,155,4,'2018-05-10 00:00:00'),(224,545,163,5,'2018-05-10 00:00:00'),(224,545,180,5,'2018-05-10 00:00:00'),(224,545,182,4,'2018-05-10 00:00:00'),(224,545,183,5,'2018-05-10 00:00:00'),(224,546,125,4,'2018-05-10 00:00:00'),(224,546,126,5,'2018-05-10 00:00:00'),(224,546,128,5,'2018-05-10 00:00:00'),(224,546,130,3,'2018-05-10 00:00:00'),(224,546,131,3,'2018-05-10 00:00:00'),(224,546,132,1,'2018-05-10 00:00:00'),(224,546,133,5,'2018-05-10 00:00:00'),(224,546,136,1,'2018-05-10 00:00:00'),(224,546,137,5,'2018-05-10 00:00:00'),(224,546,140,2,'2018-05-10 00:00:00'),(224,546,147,5,'2018-05-10 00:00:00'),(224,546,148,5,'2018-05-10 00:00:00'),(224,546,149,4,'2018-05-10 00:00:00'),(224,546,150,5,'2018-05-10 00:00:00'),(224,546,151,5,'2018-05-10 00:00:00'),(224,546,152,3,'2018-05-10 00:00:00'),(224,546,153,5,'2018-05-10 00:00:00'),(224,546,154,5,'2018-05-10 00:00:00'),(224,546,159,4,'2018-05-10 00:00:00'),(224,546,162,5,'2018-05-10 00:00:00'),(224,546,163,5,'2018-05-10 00:00:00'),(224,546,164,5,'2018-05-10 00:00:00'),(224,546,168,4,'2018-05-10 00:00:00'),(224,546,171,5,'2018-05-10 00:00:00'),(224,546,174,5,'2018-05-10 00:00:00'),(224,546,175,3,'2018-05-10 00:00:00'),(224,546,178,4,'2018-05-10 00:00:00'),(224,546,179,5,'2018-05-10 00:00:00'),(224,546,180,4,'2018-05-10 00:00:00'),(224,546,181,3,'2018-05-10 00:00:00'),(224,546,182,1,'2018-05-10 00:00:00'),(224,546,183,5,'2018-05-10 00:00:00'),(224,546,184,2,'2018-05-10 00:00:00'),(224,546,186,3,'2018-05-10 00:00:00'),(224,546,188,3,'2018-05-10 00:00:00'),(224,546,190,4,'2018-05-10 00:00:00'),(224,546,191,4,'2018-05-10 00:00:00'),(224,546,193,4,'2018-05-10 00:00:00'),(224,546,194,5,'2018-05-10 00:00:00'),(224,547,125,4,'2018-05-10 00:00:00'),(224,547,126,4,'2018-05-10 00:00:00'),(224,547,128,5,'2018-05-10 00:00:00'),(224,547,130,3,'2018-05-10 00:00:00'),(224,547,132,1,'2018-05-10 00:00:00'),(224,547,133,5,'2018-05-10 00:00:00'),(224,547,136,1,'2018-05-10 00:00:00'),(224,547,137,5,'2018-05-10 00:00:00'),(224,547,140,4,'2018-05-10 00:00:00'),(224,547,147,5,'2018-05-10 00:00:00'),(224,547,148,4,'2018-05-10 00:00:00'),(224,547,149,4,'2018-05-10 00:00:00'),(224,547,150,1,'2018-05-10 00:00:00'),(224,547,151,3,'2018-05-10 00:00:00'),(224,547,152,4,'2018-05-10 00:00:00'),(224,547,153,5,'2018-05-10 00:00:00'),(224,547,154,5,'2018-05-10 00:00:00'),(224,547,155,3,'2018-05-10 00:00:00'),(224,547,159,5,'2018-05-10 00:00:00'),(224,547,160,3,'2018-05-10 00:00:00'),(224,547,161,5,'2018-05-10 00:00:00'),(224,547,162,4,'2018-05-10 00:00:00'),(224,547,163,4,'2018-05-10 00:00:00'),(224,547,164,4,'2018-05-10 00:00:00'),(224,547,165,5,'2018-05-10 00:00:00'),(224,547,166,4,'2018-05-10 00:00:00'),(224,547,168,4,'2018-05-10 00:00:00'),(224,547,170,4,'2018-05-10 00:00:00'),(224,547,171,5,'2018-05-10 00:00:00'),(224,547,173,4,'2018-05-10 00:00:00'),(224,547,174,5,'2018-05-10 00:00:00'),(224,547,175,4,'2018-05-10 00:00:00'),(224,547,179,5,'2018-05-10 00:00:00'),(224,547,180,4,'2018-05-10 00:00:00'),(224,547,181,5,'2018-05-10 00:00:00'),(224,547,182,2,'2018-05-10 00:00:00'),(224,547,183,5,'2018-05-10 00:00:00'),(224,547,184,2,'2018-05-10 00:00:00'),(224,547,186,4,'2018-05-10 00:00:00'),(224,547,188,3,'2018-05-10 00:00:00'),(224,547,190,4,'2018-05-10 00:00:00'),(224,547,193,3,'2018-05-10 00:00:00'),(224,547,194,0,'2018-05-10 00:00:00'),(224,547,197,3,'2018-05-10 00:00:00'),(224,548,126,5,'2018-05-10 00:00:00'),(224,548,128,5,'2018-05-10 00:00:00'),(224,548,133,5,'2018-05-10 00:00:00'),(224,548,137,5,'2018-05-10 00:00:00'),(224,548,147,4,'2018-05-10 00:00:00'),(224,548,149,5,'2018-05-10 00:00:00'),(224,548,151,5,'2018-05-10 00:00:00'),(224,548,152,4,'2018-05-10 00:00:00'),(224,548,153,5,'2018-05-10 00:00:00'),(224,548,154,1,'2018-05-10 00:00:00'),(224,548,155,4,'2018-05-10 00:00:00'),(224,548,158,5,'2018-05-10 00:00:00'),(224,548,160,5,'2018-05-10 00:00:00'),(224,548,163,5,'2018-05-10 00:00:00'),(224,548,165,5,'2018-05-10 00:00:00'),(224,548,166,5,'2018-05-10 00:00:00'),(224,548,170,5,'2018-05-10 00:00:00'),(224,548,174,5,'2018-05-10 00:00:00'),(224,548,179,5,'2018-05-10 00:00:00'),(224,548,180,5,'2018-05-10 00:00:00'),(224,548,185,5,'2018-05-10 00:00:00'),(224,550,126,5,'2018-05-10 00:00:00'),(224,550,128,5,'2018-05-10 00:00:00'),(224,550,133,5,'2018-05-10 00:00:00'),(224,550,137,5,'2018-05-10 00:00:00'),(224,550,147,4,'2018-05-10 00:00:00'),(224,550,149,5,'2018-05-10 00:00:00'),(224,550,151,5,'2018-05-10 00:00:00'),(224,550,152,4,'2018-05-10 00:00:00'),(224,550,153,5,'2018-05-10 00:00:00'),(224,550,155,4,'2018-05-10 00:00:00'),(224,550,163,5,'2018-05-10 00:00:00'),(224,550,166,5,'2018-05-10 00:00:00'),(224,550,170,5,'2018-05-10 00:00:00'),(224,550,174,5,'2018-05-10 00:00:00'),(224,550,178,4,'2018-05-10 00:00:00'),(224,550,179,5,'2018-05-10 00:00:00'),(224,550,183,5,'2018-05-10 00:00:00'),(224,550,184,5,'2018-05-10 00:00:00'),(224,550,193,5,'2018-05-10 00:00:00'),(224,550,194,5,'2018-05-10 00:00:00'),(224,550,199,5,'2018-05-10 00:00:00'),(224,552,125,4,'2018-05-10 00:00:00'),(224,552,126,5,'2018-05-10 00:00:00'),(224,552,128,5,'2018-05-10 00:00:00'),(224,552,132,3,'2018-05-10 00:00:00'),(224,552,133,3,'2018-05-10 00:00:00'),(224,552,137,5,'2018-05-10 00:00:00'),(224,552,147,5,'2018-05-10 00:00:00'),(224,552,149,5,'2018-05-10 00:00:00'),(224,552,151,5,'2018-05-10 00:00:00'),(224,552,152,4,'2018-05-10 00:00:00'),(224,552,153,5,'2018-05-10 00:00:00'),(224,552,155,5,'2018-05-10 00:00:00'),(224,552,159,4,'2018-05-10 00:00:00'),(224,552,161,5,'2018-05-10 00:00:00'),(224,552,162,5,'2018-05-10 00:00:00'),(224,552,163,5,'2018-05-10 00:00:00'),(224,552,164,5,'2018-05-10 00:00:00'),(224,552,166,5,'2018-05-10 00:00:00'),(224,552,168,5,'2018-05-10 00:00:00'),(224,552,170,3,'2018-05-10 00:00:00'),(224,552,171,5,'2018-05-10 00:00:00'),(224,552,173,5,'2018-05-10 00:00:00'),(224,552,174,5,'2018-05-10 00:00:00'),(224,552,175,5,'2018-05-10 00:00:00'),(224,552,179,5,'2018-05-10 00:00:00'),(224,552,181,5,'2018-05-10 00:00:00'),(224,552,182,5,'2018-05-10 00:00:00'),(224,552,186,5,'2018-05-10 00:00:00'),(224,552,191,4,'2018-05-10 00:00:00'),(224,552,201,5,'2018-05-10 00:00:00'),(224,554,125,4,'2018-05-10 00:00:00'),(224,554,126,5,'2018-05-10 00:00:00'),(224,554,128,5,'2018-05-10 00:00:00'),(224,554,130,4,'2018-05-10 00:00:00'),(224,554,132,1,'2018-05-10 00:00:00'),(224,554,133,4,'2018-05-10 00:00:00'),(224,554,136,3,'2018-05-10 00:00:00'),(224,554,147,5,'2018-05-10 00:00:00'),(224,554,148,4,'2018-05-10 00:00:00'),(224,554,149,5,'2018-05-10 00:00:00'),(224,554,151,5,'2018-05-10 00:00:00'),(224,554,152,5,'2018-05-10 00:00:00'),(224,554,154,1,'2018-05-10 00:00:00'),(224,554,155,5,'2018-05-10 00:00:00'),(224,554,159,5,'2018-05-10 00:00:00'),(224,554,161,5,'2018-05-10 00:00:00'),(224,554,162,5,'2018-05-10 00:00:00'),(224,554,163,5,'2018-05-10 00:00:00'),(224,554,164,5,'2018-05-10 00:00:00'),(224,554,168,5,'2018-05-10 00:00:00'),(224,554,170,5,'2018-05-10 00:00:00'),(224,554,171,2,'2018-05-10 00:00:00'),(224,554,174,5,'2018-05-10 00:00:00'),(224,554,178,4,'2018-05-10 00:00:00'),(224,554,179,5,'2018-05-10 00:00:00'),(224,554,180,5,'2018-05-10 00:00:00'),(224,554,181,1,'2018-05-10 00:00:00'),(224,554,182,1,'2018-05-10 00:00:00'),(224,554,183,5,'2018-05-10 00:00:00'),(224,554,191,4,'2018-05-10 00:00:00'),(224,554,193,3,'2018-05-10 00:00:00'),(224,554,203,5,'2018-05-10 00:00:00'),(234,663,321,3,'2018-12-19 10:04:00'),(237,586,135,4,'2018-05-11 15:35:16'),(238,642,199,5,'2018-09-16 18:25:45'),(238,657,325,3,'2018-07-19 09:46:22'),(239,606,125,3,'2018-05-23 12:58:03'),(239,606,127,4,'2018-05-23 13:27:26'),(239,606,130,5,'2018-05-23 14:14:41'),(239,606,131,3,'2018-05-23 12:56:46'),(239,606,132,4,'2018-05-23 13:40:24'),(239,606,136,3,'2018-05-23 14:44:53'),(239,606,140,3,'2018-05-23 13:20:26'),(239,606,149,3,'2018-05-24 15:43:01'),(239,606,152,3,'2018-05-23 13:34:30'),(239,606,155,3,'2018-05-23 13:33:12'),(239,606,158,3,'2018-05-23 13:30:03'),(239,606,160,3,'2018-05-23 13:07:49'),(239,606,161,3,'2018-05-23 13:30:56'),(239,606,162,3,'2018-05-23 14:56:06'),(239,606,163,3,'2018-05-23 13:34:14'),(239,606,165,3,'2018-05-23 13:32:09'),(239,606,166,5,'2018-05-23 13:52:52'),(239,606,171,3,'2018-05-23 14:39:44'),(239,606,172,5,'2018-05-23 13:31:32'),(239,606,182,5,'2018-05-23 14:54:07'),(239,606,197,3,'2018-05-23 13:38:25'),(239,606,199,3,'2018-05-23 13:50:50'),(239,606,200,4,'2018-05-23 14:39:24'),(239,606,201,4,'2018-05-23 13:34:09'),(239,606,202,3,'2018-05-23 13:19:52'),(239,606,234,4,'2018-05-23 12:56:57'),(239,606,271,3,'2018-05-23 14:48:45'),(239,606,274,4,'2018-05-23 12:57:25'),(239,606,275,3,'2018-05-23 13:09:37'),(239,606,276,3,'2018-05-23 13:02:19'),(239,606,277,3,'2018-05-23 13:34:56'),(239,606,278,3,'2018-05-23 13:31:49'),(239,606,280,3,'2018-05-23 13:13:57'),(239,606,281,3,'2018-05-23 13:31:50'),(239,606,282,3,'2018-05-23 14:08:19'),(239,606,283,3,'2018-05-23 13:26:34'),(239,606,284,3,'2018-05-23 13:32:03'),(239,606,286,3,'2018-05-23 13:30:13'),(239,606,289,4,'2018-05-23 13:34:37'),(239,606,291,4,'2018-05-23 13:30:15'),(239,606,292,3,'2018-05-23 13:29:26'),(239,606,293,3,'2018-05-23 14:41:28'),(239,606,294,4,'2018-05-23 13:47:42'),(239,606,295,4,'2018-05-23 14:47:37'),(239,606,297,3,'2018-05-23 13:38:39'),(239,606,300,3,'2018-05-23 13:31:35'),(239,606,302,3,'2018-05-23 14:17:49'),(239,606,304,3,'2018-05-23 13:32:38'),(239,606,306,4,'2018-05-23 14:45:14'),(239,606,307,3,'2018-05-23 13:51:59'),(239,606,308,3,'2018-05-24 15:31:26'),(239,606,309,3,'2018-05-23 13:55:50'),(239,606,310,3,'2018-05-24 21:27:55'),(239,606,315,2,'2018-05-25 10:38:26'),(239,607,125,3,'2018-05-24 14:42:39'),(239,607,127,4,'2018-05-24 13:36:46'),(239,607,136,3,'2018-05-24 14:14:53'),(239,607,140,3,'2018-05-24 14:26:09'),(239,607,149,3,'2018-05-24 15:45:59'),(239,607,152,3,'2018-05-24 14:03:04'),(239,607,158,3,'2018-05-24 13:32:28'),(239,607,160,3,'2018-05-24 14:15:31'),(239,607,162,3,'2018-05-24 14:55:12'),(239,607,163,4,'2018-05-24 13:26:24'),(239,607,165,3,'2018-05-24 13:42:18'),(239,607,166,5,'2018-05-24 14:05:36'),(239,607,171,5,'2018-05-24 13:33:23'),(239,607,172,4,'2018-05-24 13:42:14'),(239,607,173,3,'2018-05-24 14:14:05'),(239,607,182,3,'2018-05-24 14:55:46'),(239,607,195,3,'2018-05-24 13:59:01'),(239,607,197,3,'2018-05-24 13:57:40'),(239,607,199,3,'2018-05-24 14:44:27'),(239,607,200,3,'2018-05-24 14:43:40'),(239,607,202,3,'2018-05-24 13:53:28'),(239,607,234,5,'2018-05-24 14:15:32'),(239,607,269,3,'2018-05-24 13:40:14'),(239,607,271,3,'2018-05-24 13:30:14'),(239,607,274,3,'2018-05-24 13:31:45'),(239,607,275,3,'2018-05-24 13:38:33'),(239,607,276,3,'2018-05-24 13:30:11'),(239,607,278,3,'2018-05-24 14:44:15'),(239,607,280,3,'2018-05-24 14:17:34'),(239,607,281,3,'2018-05-24 13:37:32'),(239,607,282,5,'2018-05-24 14:17:10'),(239,607,283,3,'2018-05-24 13:40:24'),(239,607,284,3,'2018-05-24 14:22:03'),(239,607,286,4,'2018-05-24 13:39:53'),(239,607,287,5,'2018-05-25 08:08:25'),(239,607,289,4,'2018-05-24 13:43:36'),(239,607,291,4,'2018-05-24 14:16:03'),(239,607,292,5,'2018-05-24 14:46:42'),(239,607,293,3,'2018-05-24 13:46:57'),(239,607,295,4,'2018-05-24 14:50:04'),(239,607,297,3,'2018-05-24 13:51:35'),(239,607,298,3,'2018-05-24 14:46:52'),(239,607,300,4,'2018-05-24 14:23:33'),(239,607,301,3,'2018-05-24 13:45:50'),(239,607,302,3,'2018-05-24 13:32:04'),(239,607,304,3,'2018-05-24 14:47:36'),(239,607,305,5,'2018-05-24 13:32:26'),(239,607,306,4,'2018-05-24 14:14:48'),(239,607,307,3,'2018-05-24 13:58:16'),(239,607,308,3,'2018-05-24 15:28:49'),(239,607,310,3,'2018-05-24 13:33:46'),(239,607,313,3,'2018-05-24 14:05:28'),(239,607,314,3,'2018-05-24 14:07:04'),(239,607,315,3,'2018-05-25 10:47:58'),(239,608,125,3,'2018-05-24 15:30:09'),(239,608,127,4,'2018-05-24 16:16:12'),(239,608,136,3,'2018-05-24 15:34:27'),(239,608,140,3,'2018-05-24 15:41:08'),(239,608,152,3,'2018-05-24 15:53:15'),(239,608,158,3,'2018-05-24 15:49:55'),(239,608,160,3,'2018-05-24 16:20:41'),(239,608,162,3,'2018-05-24 15:49:44'),(239,608,163,4,'2018-05-24 15:32:55'),(239,608,165,3,'2018-05-24 16:32:07'),(239,608,171,4,'2018-05-24 16:28:49'),(239,608,173,3,'2018-05-24 16:10:09'),(239,608,182,3,'2018-05-24 16:16:58'),(239,608,197,3,'2018-05-24 16:27:28'),(239,608,200,4,'2018-05-24 16:31:07'),(239,608,201,3,'2018-05-24 15:29:46'),(239,608,202,3,'2018-05-24 16:18:58'),(239,608,234,3,'2018-05-24 15:41:03'),(239,608,269,3,'2018-05-24 16:27:18'),(239,608,271,3,'2018-05-24 16:17:14'),(239,608,274,2,'2018-05-24 15:29:08'),(239,608,275,3,'2018-05-24 15:38:37'),(239,608,276,3,'2018-05-24 16:15:31'),(239,608,280,3,'2018-05-24 16:36:13'),(239,608,281,3,'2018-05-24 15:31:13'),(239,608,282,3,'2018-05-24 15:41:15'),(239,608,287,3,'2018-05-25 08:09:12'),(239,608,288,3,'2018-05-24 16:22:52'),(239,608,291,4,'2018-05-24 16:18:13'),(239,608,293,3,'2018-05-24 15:32:58'),(239,608,297,3,'2018-05-24 15:50:07'),(239,608,299,3,'2018-05-24 15:51:51'),(239,608,300,3,'2018-05-24 16:26:21'),(239,608,301,3,'2018-05-24 15:28:37'),(239,608,305,5,'2018-05-24 16:26:48'),(239,608,306,4,'2018-05-24 16:14:35'),(239,608,307,2,'2018-05-24 15:40:11'),(239,608,308,3,'2018-05-24 15:43:07'),(239,608,313,3,'2018-05-24 16:17:02'),(239,608,315,2,'2018-05-25 10:52:47'),(239,609,125,3,'2018-05-24 07:28:07'),(239,609,136,3,'2018-05-24 09:24:35'),(239,609,152,3,'2018-05-24 08:41:28'),(239,609,161,3,'2018-05-24 12:03:57'),(239,609,162,3,'2018-05-24 07:43:06'),(239,609,202,3,'2018-05-24 10:57:53'),(239,609,293,5,'2018-05-24 10:39:14'),(239,609,297,3,'2018-05-24 11:57:26'),(239,609,305,5,'2018-05-24 09:49:46'),(239,609,307,1,'2018-05-24 07:35:08'),(239,609,308,3,'2018-05-24 15:30:03'),(239,609,310,3,'2018-05-24 13:35:02'),(239,609,315,3,'2018-05-25 11:04:27'),(239,610,125,3,'2018-05-23 15:56:20'),(239,610,127,3,'2018-05-23 16:29:26'),(239,610,130,4,'2018-05-23 15:43:54'),(239,610,131,3,'2018-05-23 16:36:31'),(239,610,132,3,'2018-05-23 15:45:46'),(239,610,136,3,'2018-05-23 15:39:25'),(239,610,140,3,'2018-05-23 15:48:05'),(239,610,149,3,'2018-05-24 15:44:29'),(239,610,152,3,'2018-05-23 15:58:15'),(239,610,155,3,'2018-05-23 15:39:09'),(239,610,160,3,'2018-05-23 16:55:45'),(239,610,161,3,'2018-05-23 16:34:54'),(239,610,162,3,'2018-05-23 16:43:10'),(239,610,163,3,'2018-05-23 16:45:57'),(239,610,165,3,'2018-05-23 16:31:32'),(239,610,171,3,'2018-05-23 16:37:55'),(239,610,172,5,'2018-05-23 16:35:37'),(239,610,182,4,'2018-05-23 17:05:10'),(239,610,197,3,'2018-05-23 16:38:27'),(239,610,199,3,'2018-05-23 16:39:01'),(239,610,200,4,'2018-05-23 16:57:14'),(239,610,201,3,'2018-05-23 15:43:45'),(239,610,202,3,'2018-05-23 15:27:26'),(239,610,234,4,'2018-05-23 16:29:38'),(239,610,271,3,'2018-05-23 16:53:57'),(239,610,274,3,'2018-05-23 16:31:49'),(239,610,275,4,'2018-05-23 15:41:55'),(239,610,277,3,'2018-05-23 17:13:15'),(239,610,278,3,'2018-05-23 16:00:10'),(239,610,280,3,'2018-05-23 16:37:07'),(239,610,282,3,'2018-05-23 15:30:51'),(239,610,287,5,'2018-05-25 08:09:35'),(239,610,289,4,'2018-05-23 16:44:47'),(239,610,291,4,'2018-05-23 16:19:35'),(239,610,292,2,'2018-05-23 16:39:11'),(239,610,294,3,'2018-05-23 17:16:03'),(239,610,295,3,'2018-05-23 17:11:32'),(239,610,297,3,'2018-05-23 15:39:30'),(239,610,300,3,'2018-05-23 16:53:17'),(239,610,301,3,'2018-05-23 15:38:19'),(239,610,302,3,'2018-05-23 15:48:01'),(239,610,304,3,'2018-05-23 17:21:22'),(239,610,305,3,'2018-05-23 15:38:19'),(239,610,307,3,'2018-05-23 16:11:35'),(239,610,308,3,'2018-05-24 15:31:58'),(239,610,310,3,'2018-05-23 17:08:49'),(239,610,315,2,'2018-05-25 11:10:52'),(239,611,127,4,'2018-05-25 07:44:33'),(239,611,141,4,'2018-05-25 13:36:11'),(239,611,152,3,'2018-05-25 12:17:08'),(239,611,161,3,'2018-05-25 11:47:30'),(239,611,162,3,'2018-05-25 08:01:48'),(239,611,163,3,'2018-05-25 07:25:28'),(239,611,182,5,'2018-05-25 16:20:30'),(239,611,202,3,'2018-05-25 08:09:53'),(239,611,234,3,'2018-05-25 13:19:39'),(239,611,269,3,'2018-05-25 14:52:24'),(239,611,276,3,'2018-05-25 12:08:03'),(239,611,280,3,'2018-05-25 11:17:15'),(239,611,293,4,'2018-05-25 14:22:25'),(239,611,297,3,'2018-05-25 07:49:49'),(239,611,300,3,'2018-05-25 14:59:46'),(239,611,305,5,'2018-05-25 12:34:11'),(239,611,308,3,'2018-05-25 12:26:29'),(239,611,315,4,'2018-05-25 10:44:36'),(239,612,125,3,'2018-05-25 07:34:13'),(239,612,127,4,'2018-05-25 07:44:38'),(239,612,131,3,'2018-05-25 14:26:27'),(239,612,149,3,'2018-05-25 14:58:40'),(239,612,152,3,'2018-05-25 11:46:01'),(239,612,160,3,'2018-05-25 12:02:30'),(239,612,202,3,'2018-05-25 08:10:09'),(239,612,269,3,'2018-05-25 14:52:20'),(239,612,278,3,'2018-05-25 07:45:14'),(239,612,297,3,'2018-05-25 07:49:57'),(239,612,305,5,'2018-05-25 08:11:49'),(239,612,308,3,'2018-05-24 15:28:12'),(239,612,315,3,'2018-05-25 10:44:14'),(239,613,127,4,'2018-05-25 07:44:41'),(239,613,130,4,'2018-05-25 15:46:43'),(239,613,132,1,'2018-05-25 11:06:42'),(239,613,152,3,'2018-05-25 12:17:14'),(239,613,175,2,'2018-05-25 10:13:55'),(239,613,183,3,'2018-05-25 12:00:51'),(239,613,199,3,'2018-05-25 14:53:49'),(239,613,200,4,'2018-05-25 12:33:27'),(239,613,202,3,'2018-05-25 08:09:42'),(239,613,269,3,'2018-05-25 14:52:04'),(239,613,271,3,'2018-05-25 07:34:37'),(239,613,274,1,'2018-05-25 08:58:35'),(239,613,275,2,'2018-05-25 15:55:52'),(239,613,281,3,'2018-05-25 08:41:13'),(239,613,282,3,'2018-05-25 08:58:08'),(239,613,283,1,'2018-05-25 08:34:22'),(239,613,286,3,'2018-05-25 09:00:53'),(239,613,287,2,'2018-05-25 08:07:15'),(239,613,288,3,'2018-05-25 07:40:31'),(239,613,289,1,'2018-05-25 09:00:21'),(239,613,291,4,'2018-05-25 08:51:04'),(239,613,295,3,'2018-05-25 15:46:54'),(239,613,297,3,'2018-05-25 07:51:04'),(239,613,304,3,'2018-05-25 09:00:50'),(239,613,305,3,'2018-05-25 12:34:25'),(239,613,307,3,'2018-05-25 13:47:16'),(239,613,308,3,'2018-05-25 12:26:42'),(239,613,310,3,'2018-05-25 10:21:46'),(239,613,315,2,'2018-05-25 10:43:55'),(239,614,125,4,'2018-05-25 16:44:29'),(239,614,127,4,'2018-05-25 16:35:49'),(239,614,136,3,'2018-05-25 16:49:06'),(239,614,149,3,'2018-05-25 16:31:28'),(239,614,152,3,'2018-05-25 16:31:31'),(239,614,155,3,'2018-05-25 16:52:17'),(239,614,158,3,'2018-05-25 16:45:25'),(239,614,160,3,'2018-05-25 17:00:38'),(239,614,161,3,'2018-05-25 16:06:11'),(239,614,162,3,'2018-05-25 16:46:01'),(239,614,163,4,'2018-05-25 16:50:05'),(239,614,172,4,'2018-05-25 16:50:46'),(239,614,182,5,'2018-05-25 16:59:38'),(239,614,234,3,'2018-05-25 16:30:59'),(239,614,269,3,'2018-05-25 16:46:27'),(239,614,271,3,'2018-05-25 16:17:16'),(239,614,276,2,'2018-05-25 16:41:51'),(239,614,278,3,'2018-05-25 16:51:46'),(239,614,282,5,'2018-05-25 16:14:53'),(239,614,293,3,'2018-05-25 16:56:46'),(239,614,295,4,'2018-05-25 17:00:09'),(239,614,297,3,'2018-05-25 16:09:25'),(239,614,300,3,'2018-05-25 16:41:40'),(239,614,305,3,'2018-05-25 16:05:49'),(239,614,306,4,'2018-05-25 16:48:56'),(239,614,307,4,'2018-05-25 16:29:01'),(239,614,308,3,'2018-05-25 16:30:48'),(239,614,309,3,'2018-05-25 16:50:03'),(239,614,310,3,'2018-05-25 15:55:57'),(239,614,313,3,'2018-05-25 16:31:16'),(239,614,315,4,'2018-05-25 10:55:30'),(240,627,125,3,'2018-05-21 18:41:51'),(242,666,338,2,'2019-03-15 17:13:40'),(242,671,338,5,'2019-03-15 17:15:10'),(242,672,338,5,'2019-03-15 17:14:09');
/*!40000 ALTER TABLE `nota_conforto_sonoro_atividade` ENABLE KEYS */;
UNLOCK TABLES;

--
-- Table structure for table `nota_conforto_termico_atividade`
--

DROP TABLE IF EXISTS `nota_conforto_termico_atividade`;
/*!40101 SET @saved_cs_client     = @@character_set_client */;
/*!40101 SET character_set_client = utf8 */;
CREATE TABLE `nota_conforto_termico_atividade` (
  `id_evento` int(11) NOT NULL,
  `id_atividade` int(11) NOT NULL,
  `id_participante` int(11) NOT NULL,
  `nota` int(11) NOT NULL,
  `data` datetime NOT NULL,
  PRIMARY KEY (`id_evento`,`id_atividade`,`id_participante`),
  KEY `ID_ATIVIDADE` (`id_atividade`),
  KEY `ID_PARTICIPANTE` (`id_participante`)
) ENGINE=InnoDB DEFAULT CHARSET=utf8;
/*!40101 SET character_set_client = @saved_cs_client */;

--
-- Dumping data for table `nota_conforto_termico_atividade`
--

LOCK TABLES `nota_conforto_termico_atividade` WRITE;
/*!40000 ALTER TABLE `nota_conforto_termico_atividade` DISABLE KEYS */;
INSERT INTO `nota_conforto_termico_atividade` VALUES (213,36,125,3,'2017-07-28 15:23:04'),(214,556,125,4,'2017-07-27 11:48:02'),(214,557,125,5,'2017-07-19 13:37:46'),(223,223,125,4,'2017-09-20 09:32:11'),(223,527,126,4,'2017-04-24 10:15:10'),(223,527,128,5,'2017-04-24 10:50:39'),(223,527,130,4,'2017-04-24 10:07:59'),(223,527,131,5,'2017-04-24 11:01:17'),(223,527,133,5,'2017-04-24 11:32:10'),(223,527,135,5,'2017-04-24 10:55:08'),(223,527,136,3,'2017-04-24 10:20:42'),(223,527,138,5,'2017-04-24 10:50:06'),(223,533,130,4,'2017-04-25 10:49:47'),(223,533,135,5,'2017-04-25 11:22:20'),(223,533,136,3,'2017-04-25 10:51:36'),(223,533,137,5,'2017-04-25 10:47:36'),(223,533,138,3,'2017-04-25 10:47:54'),(223,534,125,4,'2017-04-26 10:16:14'),(223,534,130,2,'2017-04-26 10:56:44'),(223,534,131,2,'2017-04-26 10:07:56'),(223,534,133,2,'2017-04-26 09:58:56'),(223,534,135,3,'2017-04-26 10:52:53'),(223,534,136,4,'2017-04-26 10:06:13'),(223,534,137,5,'2017-04-26 10:48:29'),(223,534,138,4,'2017-04-26 10:48:16'),(223,535,130,4,'2017-04-27 10:13:21'),(223,535,131,3,'2017-04-27 10:14:41'),(223,535,133,3,'2017-04-27 10:48:18'),(223,535,136,3,'2017-04-27 10:05:23'),(223,536,130,1,'2017-04-28 10:51:38'),(223,536,131,5,'2017-04-28 10:15:25'),(223,536,132,3,'2017-04-28 11:32:19'),(223,536,133,1,'2017-04-28 10:12:33'),(223,536,209,2,'2017-12-30 12:34:50'),(223,537,128,5,'2017-04-24 13:48:08'),(223,537,131,5,'2017-04-24 13:47:46'),(223,537,135,5,'2017-04-24 13:51:34'),(223,537,136,3,'2017-04-24 13:13:21'),(223,538,125,3,'2017-04-25 13:46:01'),(223,538,130,3,'2017-04-25 12:59:37'),(223,538,131,4,'2017-04-25 14:19:39'),(223,538,132,4,'2017-04-25 13:12:08'),(223,538,133,2,'2017-04-25 14:21:38'),(223,538,135,5,'2017-04-25 14:23:53'),(223,538,136,4,'2017-04-25 13:49:49'),(223,538,138,5,'2017-04-25 13:55:20'),(223,539,130,4,'2017-04-26 13:48:21'),(223,539,133,2,'2017-04-26 13:54:55'),(223,539,135,5,'2017-04-26 13:49:05'),(223,540,130,4,'2017-04-27 13:48:39'),(223,540,135,2,'2017-04-27 13:56:24'),(223,541,130,4,'2017-04-28 14:13:36'),(223,541,131,4,'2017-04-28 13:41:16'),(223,541,132,3,'2017-04-28 13:50:19'),(224,542,125,3,'2017-05-17 12:39:35'),(224,542,126,5,'2017-05-17 12:48:26'),(224,542,128,5,'2017-05-17 12:53:42'),(224,542,131,1,'2017-05-17 12:28:59'),(224,542,132,1,'2017-05-17 12:32:08'),(224,542,133,2,'2017-05-17 12:32:00'),(224,542,135,4,'2017-05-17 12:53:17'),(224,542,139,3,'2017-05-17 12:52:32'),(224,542,147,1,'2017-05-17 12:43:32'),(224,542,148,4,'2017-05-17 12:49:45'),(224,542,149,5,'2017-05-17 12:38:45'),(224,542,150,5,'2017-05-17 12:44:04'),(224,542,151,4,'2017-05-17 12:40:34'),(224,542,152,4,'2017-05-17 12:33:33'),(224,542,153,5,'2017-05-17 12:57:11'),(224,542,154,3,'2017-05-17 12:42:28'),(224,542,155,5,'2017-05-17 12:44:00'),(224,542,157,1,'2017-05-17 12:31:55'),(224,542,158,1,'2017-05-17 12:43:47'),(224,542,159,3,'2017-05-17 12:49:43'),(224,542,163,4,'2017-05-17 13:06:49'),(224,542,164,2,'2017-05-17 12:50:28'),(224,542,166,5,'2017-05-17 13:01:05'),(224,542,167,5,'2017-05-17 12:55:01'),(224,542,168,5,'2017-05-17 12:49:02'),(224,542,170,5,'2017-05-17 12:50:13'),(224,542,172,5,'2017-05-17 12:55:14'),(224,542,173,4,'2017-05-17 12:56:31'),(224,542,174,3,'2017-05-17 13:01:33'),(224,542,179,5,'2017-05-17 13:10:11'),(224,542,180,4,'2017-05-17 13:12:47'),(224,543,125,1,'2017-05-17 14:40:30'),(224,543,126,5,'2017-05-17 14:08:05'),(224,543,128,5,'2017-05-17 14:05:25'),(224,543,130,3,'2017-05-17 13:31:43'),(224,543,131,3,'2017-05-17 13:15:31'),(224,543,132,1,'2017-05-17 13:19:33'),(224,543,133,4,'2017-05-17 13:01:45'),(224,543,135,4,'2017-05-17 14:16:14'),(224,543,136,3,'2017-05-17 13:39:39'),(224,543,137,3,'2017-05-17 14:06:00'),(224,543,139,1,'2017-05-17 13:29:36'),(224,543,140,3,'2017-05-17 13:48:15'),(224,543,147,3,'2017-05-17 13:15:21'),(224,543,148,4,'2017-05-17 14:36:21'),(224,543,149,5,'2017-05-17 15:05:10'),(224,543,151,3,'2017-05-17 13:00:00'),(224,543,152,4,'2017-05-17 13:01:09'),(224,543,153,5,'2017-05-17 13:08:35'),(224,543,154,5,'2017-05-17 14:05:00'),(224,543,155,5,'2017-05-17 14:05:33'),(224,543,158,4,'2017-05-17 13:32:08'),(224,543,159,4,'2017-05-17 15:01:38'),(224,543,161,5,'2017-05-17 14:04:53'),(224,543,162,5,'2017-05-17 13:21:44'),(224,543,163,5,'2017-05-17 14:37:00'),(224,543,164,4,'2017-05-17 13:19:35'),(224,543,166,3,'2017-05-17 14:52:02'),(224,543,167,5,'2017-05-17 14:59:04'),(224,543,172,5,'2017-05-17 14:05:29'),(224,543,173,4,'2017-05-17 13:44:09'),(224,543,174,4,'2017-05-17 13:02:48'),(224,543,178,4,'2017-05-17 13:13:14'),(224,543,179,5,'2017-05-17 13:10:36'),(224,543,180,4,'2017-05-17 14:03:56'),(224,543,181,1,'2017-05-17 14:36:08'),(224,543,182,1,'2017-05-17 14:47:39'),(224,544,125,2,'2017-05-17 17:06:29'),(224,544,126,1,'2017-05-17 16:33:57'),(224,544,128,5,'2017-05-17 16:34:43'),(224,544,130,3,'2017-05-17 16:54:43'),(224,544,131,3,'2017-05-17 15:41:16'),(224,544,132,1,'2017-05-17 16:34:22'),(224,544,133,2,'2017-05-17 16:04:41'),(224,544,135,5,'2017-05-17 16:40:42'),(224,544,136,3,'2017-05-17 16:53:11'),(224,544,140,3,'2017-05-17 15:58:23'),(224,544,147,3,'2017-05-17 16:33:51'),(224,544,148,3,'2017-05-17 17:32:39'),(224,544,149,5,'2017-05-17 15:46:11'),(224,544,151,3,'2017-05-17 15:44:51'),(224,544,152,4,'2017-05-17 15:44:28'),(224,544,153,5,'2017-05-17 15:31:32'),(224,544,155,5,'2017-05-17 15:49:56'),(224,544,158,3,'2017-05-17 17:04:55'),(224,544,159,3,'2017-05-17 15:45:08'),(224,544,161,5,'2017-05-17 15:53:59'),(224,544,162,5,'2017-05-17 16:42:17'),(224,544,163,2,'2017-05-17 15:54:38'),(224,544,164,4,'2017-05-17 15:55:32'),(224,544,166,2,'2017-05-17 16:12:11'),(224,544,168,5,'2017-05-17 15:56:18'),(224,544,170,3,'2017-05-17 16:52:49'),(224,544,172,4,'2017-05-17 15:56:54'),(224,544,173,3,'2017-05-17 15:55:45'),(224,544,174,5,'2017-05-17 15:43:17'),(224,544,175,4,'2017-05-17 17:29:05'),(224,544,178,4,'2017-05-17 15:44:02'),(224,544,179,5,'2017-05-17 15:40:56'),(224,544,180,2,'2017-05-17 16:43:45'),(224,544,181,1,'2017-05-17 15:49:59'),(224,544,182,0,'2017-05-17 16:44:45'),(224,544,183,5,'2017-05-17 16:17:15'),(224,544,185,5,'2017-05-17 15:45:33'),(224,544,186,4,'2017-05-17 16:24:36'),(224,544,189,4,'2017-05-17 16:33:10'),(224,545,125,4,'2017-05-18 12:13:39'),(224,545,126,5,'2017-05-18 10:22:42'),(224,545,128,5,'2017-05-18 09:29:39'),(224,545,131,4,'2017-05-18 07:51:29'),(224,545,136,3,'2017-05-18 09:27:40'),(224,545,137,2,'2017-05-18 08:13:36'),(224,545,149,5,'2017-05-18 13:42:55'),(224,545,151,3,'2017-05-18 13:40:49'),(224,545,152,5,'2017-05-18 07:31:40'),(224,545,153,5,'2017-05-18 15:38:26'),(224,545,154,5,'2017-05-18 07:44:32'),(224,545,155,5,'2017-05-19 07:41:43'),(224,545,163,5,'2017-05-19 07:36:04'),(224,545,180,5,'2017-05-18 07:43:44'),(224,545,182,5,'2017-05-18 12:37:23'),(224,545,183,5,'2017-05-18 07:56:24'),(224,546,125,4,'2017-05-18 13:20:39'),(224,546,126,5,'2017-05-18 13:01:31'),(224,546,128,5,'2017-05-18 13:48:55'),(224,546,130,3,'2017-05-18 13:55:38'),(224,546,131,2,'2017-05-18 13:18:27'),(224,546,132,1,'2017-05-18 13:20:06'),(224,546,133,1,'2017-05-18 13:16:37'),(224,546,136,3,'2017-05-18 13:54:09'),(224,546,137,2,'2017-05-18 13:16:57'),(224,546,140,3,'2017-05-18 13:29:55'),(224,546,147,5,'2017-05-18 14:07:35'),(224,546,148,5,'2017-05-18 13:46:59'),(224,546,149,4,'2017-05-18 13:39:56'),(224,546,150,5,'2017-05-18 14:06:41'),(224,546,151,2,'2017-05-18 13:12:25'),(224,546,152,5,'2017-05-18 13:49:35'),(224,546,153,5,'2017-05-18 13:16:23'),(224,546,154,5,'2017-05-18 14:03:15'),(224,546,155,5,'2017-05-19 07:43:20'),(224,546,159,5,'2017-05-18 13:59:58'),(224,546,162,5,'2017-05-18 13:14:55'),(224,546,163,3,'2017-05-18 13:14:18'),(224,546,164,5,'2017-05-18 13:14:32'),(224,546,168,5,'2017-05-18 13:53:40'),(224,546,171,5,'2017-05-18 13:16:22'),(224,546,174,5,'2017-05-18 14:10:52'),(224,546,175,4,'2017-05-18 13:15:47'),(224,546,178,4,'2017-05-18 13:06:51'),(224,546,179,5,'2017-05-18 13:59:23'),(224,546,180,4,'2017-05-18 13:21:08'),(224,546,181,4,'2017-05-18 13:50:02'),(224,546,182,1,'2017-05-18 14:27:44'),(224,546,183,5,'2017-05-18 13:08:58'),(224,546,184,3,'2017-05-18 13:52:57'),(224,546,186,5,'2017-05-18 13:18:14'),(224,546,188,5,'2017-05-18 13:49:01'),(224,546,190,4,'2017-05-18 13:08:55'),(224,546,191,4,'2017-05-18 14:06:58'),(224,546,193,4,'2017-05-18 13:56:47'),(224,546,194,4,'2017-05-18 13:17:22'),(224,547,125,5,'2017-05-18 16:00:28'),(224,547,126,2,'2017-05-18 15:54:41'),(224,547,128,5,'2017-05-19 12:03:44'),(224,547,130,5,'2017-05-18 16:11:19'),(224,547,132,1,'2017-05-18 14:59:00'),(224,547,133,4,'2017-05-18 15:22:13'),(224,547,136,3,'2017-05-18 16:02:20'),(224,547,137,2,'2017-05-18 15:12:25'),(224,547,140,3,'2017-05-18 15:17:47'),(224,547,147,5,'2017-05-18 15:51:35'),(224,547,148,3,'2017-05-18 15:13:52'),(224,547,149,4,'2017-05-18 15:27:41'),(224,547,150,5,'2017-05-18 15:48:57'),(224,547,151,4,'2017-05-18 15:56:21'),(224,547,152,4,'2017-05-18 15:49:47'),(224,547,153,5,'2017-05-18 15:49:20'),(224,547,155,4,'2017-05-18 15:49:26'),(224,547,159,4,'2017-05-18 15:08:53'),(224,547,160,1,'2017-05-18 15:56:10'),(224,547,161,5,'2017-05-18 15:50:25'),(224,547,162,5,'2017-05-18 15:14:55'),(224,547,163,2,'2017-05-18 15:54:19'),(224,547,164,4,'2017-05-18 15:19:20'),(224,547,165,5,'2017-05-18 15:32:18'),(224,547,166,4,'2017-05-18 15:13:54'),(224,547,168,5,'2017-05-18 15:07:28'),(224,547,170,4,'2017-05-18 16:00:30'),(224,547,171,5,'2017-05-18 15:59:20'),(224,547,173,3,'2017-05-18 15:06:45'),(224,547,174,3,'2017-05-18 16:07:57'),(224,547,175,4,'2017-05-18 15:17:52'),(224,547,179,5,'2017-05-18 15:06:55'),(224,547,180,4,'2017-05-18 15:58:48'),(224,547,181,4,'2017-05-18 16:34:05'),(224,547,182,1,'2017-05-18 16:13:54'),(224,547,183,5,'2017-05-18 15:13:49'),(224,547,184,2,'2017-05-18 15:12:35'),(224,547,186,4,'2017-05-18 16:32:57'),(224,547,188,4,'2017-05-18 15:12:06'),(224,547,191,3,'2017-05-18 15:49:18'),(224,547,193,2,'2017-05-18 15:49:15'),(224,547,194,5,'2017-05-18 15:15:50'),(224,547,197,4,'2017-05-18 15:16:41'),(224,548,126,5,'2017-05-19 07:44:16'),(224,548,128,5,'2017-05-19 08:17:48'),(224,548,133,5,'2017-05-19 16:07:37'),(224,548,137,3,'2017-05-19 09:12:57'),(224,548,147,4,'2017-05-19 12:47:14'),(224,548,149,5,'2017-05-19 07:43:08'),(224,548,151,3,'2017-05-19 06:28:34'),(224,548,152,4,'2017-05-19 07:46:35'),(224,548,153,5,'2017-05-19 07:34:49'),(224,548,154,1,'2017-05-19 12:34:30'),(224,548,155,4,'2017-05-19 11:19:36'),(224,548,158,5,'2017-05-19 16:04:37'),(224,548,160,3,'2017-05-19 10:30:12'),(224,548,163,5,'2017-05-19 07:35:02'),(224,548,165,5,'2017-05-19 11:05:27'),(224,548,166,5,'2017-05-19 11:28:31'),(224,548,170,5,'2017-05-19 11:32:26'),(224,548,174,5,'2017-05-19 15:41:21'),(224,548,179,5,'2017-05-19 15:58:08'),(224,548,180,5,'2017-05-19 08:23:13'),(224,548,185,5,'2017-05-19 11:29:52'),(224,550,126,5,'2017-05-19 07:43:56'),(224,550,128,5,'2017-05-19 08:17:54'),(224,550,133,5,'2017-05-19 16:07:32'),(224,550,137,2,'2017-05-19 09:13:29'),(224,550,147,4,'2017-05-19 12:47:09'),(224,550,149,5,'2017-05-19 07:43:56'),(224,550,151,3,'2017-05-19 06:28:45'),(224,550,152,4,'2017-05-19 09:00:11'),(224,550,153,5,'2017-05-19 07:36:39'),(224,550,155,4,'2017-05-19 11:19:42'),(224,550,163,5,'2017-05-19 07:35:07'),(224,550,166,5,'2017-05-19 11:28:31'),(224,550,170,5,'2017-05-19 11:32:35'),(224,550,174,5,'2017-05-19 15:39:59'),(224,550,178,5,'2017-05-19 08:17:27'),(224,550,179,5,'2017-05-19 11:49:28'),(224,550,183,5,'2017-05-19 08:43:32'),(224,550,184,5,'2017-05-19 13:33:51'),(224,550,193,5,'2017-05-19 11:15:32'),(224,550,194,5,'2017-05-19 08:45:22'),(224,550,199,3,'2017-05-19 15:18:50'),(224,552,125,5,'2017-05-19 08:43:38'),(224,552,126,5,'2017-05-19 07:44:00'),(224,552,128,5,'2017-05-19 08:17:56'),(224,552,132,1,'2017-05-19 07:38:19'),(224,552,133,3,'2017-05-19 08:19:26'),(224,552,137,2,'2017-05-19 09:12:01'),(224,552,147,5,'2017-05-19 11:05:06'),(224,552,148,4,'2017-05-19 07:49:54'),(224,552,149,5,'2017-05-19 07:43:55'),(224,552,151,3,'2017-05-19 06:28:54'),(224,552,152,4,'2017-05-19 09:00:17'),(224,552,153,5,'2017-05-19 07:36:47'),(224,552,155,5,'2017-05-19 07:39:59'),(224,552,159,4,'2017-05-19 09:53:45'),(224,552,161,5,'2017-05-19 08:39:33'),(224,552,162,5,'2017-05-19 08:39:20'),(224,552,163,5,'2017-05-19 07:35:16'),(224,552,164,5,'2017-05-19 11:10:16'),(224,552,166,4,'2017-05-19 11:28:31'),(224,552,168,4,'2017-05-19 07:39:58'),(224,552,170,3,'2017-05-19 11:32:39'),(224,552,171,4,'2017-05-19 09:32:09'),(224,552,173,4,'2017-05-19 08:36:48'),(224,552,174,5,'2017-05-19 15:41:27'),(224,552,175,5,'2017-05-19 08:06:54'),(224,552,179,5,'2017-05-19 15:57:48'),(224,552,181,5,'2017-05-19 14:52:23'),(224,552,182,5,'2017-05-19 15:39:24'),(224,552,186,5,'2017-05-19 07:43:03'),(224,552,191,3,'2017-05-19 08:40:19'),(224,552,201,5,'2017-05-19 11:01:54'),(224,554,125,5,'2017-05-19 16:10:49'),(224,554,126,5,'2017-05-19 16:30:37'),(224,554,128,5,'2017-05-19 12:46:28'),(224,554,130,3,'2017-05-19 16:04:20'),(224,554,132,1,'2017-05-19 16:57:52'),(224,554,133,1,'2017-05-19 16:07:11'),(224,554,136,3,'2017-05-19 16:17:30'),(224,554,147,5,'2017-05-19 16:16:13'),(224,554,148,4,'2017-05-19 16:04:02'),(224,554,149,5,'2017-05-19 16:11:05'),(224,554,151,3,'2017-05-19 06:29:45'),(224,554,152,4,'2017-05-19 15:59:30'),(224,554,154,1,'2017-05-19 15:59:09'),(224,554,155,4,'2017-05-19 16:14:16'),(224,554,159,4,'2017-05-19 16:07:43'),(224,554,161,5,'2017-05-19 16:01:25'),(224,554,162,5,'2017-05-19 16:04:05'),(224,554,163,5,'2017-05-19 16:34:55'),(224,554,164,5,'2017-05-19 16:28:34'),(224,554,168,5,'2017-05-19 16:05:27'),(224,554,170,5,'2017-05-19 16:06:28'),(224,554,171,3,'2017-05-19 16:07:03'),(224,554,174,5,'2017-05-19 16:28:17'),(224,554,178,5,'2017-05-19 16:04:41'),(224,554,179,5,'2017-05-19 16:00:50'),(224,554,180,4,'2017-05-19 16:12:23'),(224,554,181,1,'2017-05-19 16:35:25'),(224,554,182,1,'2017-05-19 16:35:38'),(224,554,183,5,'2017-05-19 16:04:47'),(224,554,191,3,'2017-05-19 16:04:45'),(224,554,193,5,'2017-05-19 16:14:51'),(224,554,203,5,'2017-05-19 16:28:40'),(234,567,321,3,'2018-12-27 16:01:44'),(234,663,321,3,'2018-12-19 11:45:32'),(237,577,175,4,'2018-05-11 13:07:26'),(237,577,214,4,'2018-05-11 13:06:02'),(237,577,241,3,'2018-05-11 13:10:56'),(237,577,246,3,'2018-05-11 14:23:33'),(237,577,253,4,'2018-05-11 13:13:53'),(237,577,259,3,'2018-05-11 13:08:18'),(237,577,260,5,'2018-05-11 13:05:12'),(237,577,261,1,'2018-05-11 13:04:52'),(237,577,266,3,'2018-05-11 13:05:17'),(237,578,140,3,'2018-05-09 14:57:42'),(237,578,222,3,'2018-05-09 15:26:16'),(237,578,241,3,'2018-05-09 16:53:38'),(237,578,253,4,'2018-05-09 16:56:02'),(237,579,222,2,'2018-05-10 16:07:45'),(237,579,252,3,'2018-05-10 15:25:38'),(237,579,253,1,'2018-05-10 14:26:25'),(237,580,214,3,'2018-05-09 13:56:15'),(237,580,241,2,'2018-05-09 15:44:20'),(237,580,245,3,'2018-05-09 16:41:54'),(237,580,246,4,'2018-05-09 16:48:59'),(237,581,246,2,'2018-05-10 13:01:25'),(237,582,175,0,'2018-05-09 16:47:02'),(237,582,241,2,'2018-05-09 15:44:28'),(237,582,243,2,'2018-05-09 15:53:11'),(237,582,249,3,'2018-05-09 16:43:41'),(237,582,254,3,'2018-05-09 15:23:27'),(237,582,255,3,'2018-05-09 16:42:30'),(237,582,257,3,'2018-05-09 16:54:44'),(237,582,258,3,'2018-05-09 15:22:28'),(237,582,260,3,'2018-05-09 15:27:21'),(237,582,261,4,'2018-05-09 15:22:56'),(237,583,175,3,'2018-05-10 13:21:46'),(237,583,243,1,'2018-05-10 16:22:53'),(237,583,254,3,'2018-05-10 16:07:24'),(237,583,255,3,'2018-05-10 13:12:08'),(237,583,257,3,'2018-05-10 13:11:33'),(237,583,264,3,'2018-05-10 16:04:47'),(237,584,223,0,'2018-05-09 13:01:35'),(237,584,241,2,'2018-05-09 15:45:01'),(237,585,223,2,'2018-05-10 15:03:10'),(237,586,125,3,'2018-05-11 15:26:47'),(237,586,135,5,'2018-05-11 15:02:00'),(237,586,140,5,'2018-05-11 15:02:21'),(237,586,199,3,'2018-05-11 15:02:46'),(237,586,223,1,'2018-05-11 16:10:50'),(237,586,246,3,'2018-05-11 14:56:24'),(238,657,325,2,'2018-07-19 09:46:23'),(239,606,125,4,'2018-05-23 13:38:20'),(239,606,127,4,'2018-05-23 13:27:27'),(239,606,130,5,'2018-05-23 14:14:14'),(239,606,131,2,'2018-05-23 12:56:44'),(239,606,132,0,'2018-05-23 13:40:28'),(239,606,136,3,'2018-05-23 14:44:51'),(239,606,140,2,'2018-05-23 13:20:24'),(239,606,149,3,'2018-05-24 15:43:02'),(239,606,152,3,'2018-05-23 13:34:29'),(239,606,155,3,'2018-05-23 13:33:11'),(239,606,158,4,'2018-05-23 13:30:17'),(239,606,160,3,'2018-05-23 13:07:55'),(239,606,161,3,'2018-05-23 13:30:54'),(239,606,162,3,'2018-05-23 14:56:05'),(239,606,163,3,'2018-05-23 13:34:05'),(239,606,165,3,'2018-05-23 13:32:07'),(239,606,166,5,'2018-05-23 13:52:50'),(239,606,171,3,'2018-05-23 14:39:43'),(239,606,172,3,'2018-05-23 13:31:27'),(239,606,182,5,'2018-05-23 14:54:07'),(239,606,197,3,'2018-05-23 13:38:08'),(239,606,199,3,'2018-05-23 13:50:49'),(239,606,200,4,'2018-05-23 14:39:22'),(239,606,201,3,'2018-05-23 13:34:01'),(239,606,202,3,'2018-05-23 13:19:51'),(239,606,234,3,'2018-05-23 13:32:28'),(239,606,271,3,'2018-05-23 14:48:45'),(239,606,274,4,'2018-05-23 13:04:21'),(239,606,275,3,'2018-05-23 13:09:26'),(239,606,276,4,'2018-05-23 14:01:16'),(239,606,277,3,'2018-05-23 13:06:45'),(239,606,278,4,'2018-05-23 13:31:47'),(239,606,280,3,'2018-05-23 13:13:53'),(239,606,281,3,'2018-05-23 13:31:45'),(239,606,282,3,'2018-05-23 13:31:26'),(239,606,283,3,'2018-05-23 13:26:28'),(239,606,284,3,'2018-05-23 13:32:29'),(239,606,286,3,'2018-05-23 13:30:16'),(239,606,289,4,'2018-05-23 13:34:34'),(239,606,291,3,'2018-05-23 13:30:18'),(239,606,292,3,'2018-05-23 13:29:21'),(239,606,293,3,'2018-05-23 14:41:24'),(239,606,294,4,'2018-05-23 13:47:39'),(239,606,295,3,'2018-05-23 14:47:33'),(239,606,297,3,'2018-05-23 13:38:39'),(239,606,300,3,'2018-05-23 13:31:32'),(239,606,302,3,'2018-05-23 14:17:46'),(239,606,304,3,'2018-05-23 14:06:05'),(239,606,306,4,'2018-05-23 14:45:13'),(239,606,307,3,'2018-05-23 13:51:58'),(239,606,308,3,'2018-05-24 15:31:25'),(239,606,309,3,'2018-05-23 13:56:31'),(239,606,310,3,'2018-05-24 21:27:53'),(239,606,315,2,'2018-05-25 10:38:21'),(239,607,125,3,'2018-05-24 14:42:32'),(239,607,127,5,'2018-05-24 13:36:43'),(239,607,136,3,'2018-05-24 14:14:52'),(239,607,140,3,'2018-05-24 14:26:08'),(239,607,149,3,'2018-05-24 15:45:59'),(239,607,152,3,'2018-05-24 14:03:03'),(239,607,158,4,'2018-05-24 13:32:26'),(239,607,160,5,'2018-05-24 14:15:29'),(239,607,162,3,'2018-05-24 14:55:00'),(239,607,163,4,'2018-05-24 13:26:21'),(239,607,165,3,'2018-05-24 13:42:12'),(239,607,166,5,'2018-05-24 14:05:41'),(239,607,171,2,'2018-05-24 13:33:21'),(239,607,172,3,'2018-05-24 13:42:12'),(239,607,173,4,'2018-05-24 14:14:15'),(239,607,182,5,'2018-05-24 14:55:41'),(239,607,195,3,'2018-05-24 13:58:58'),(239,607,197,3,'2018-05-24 13:57:38'),(239,607,199,4,'2018-05-24 14:44:29'),(239,607,200,4,'2018-05-24 14:43:43'),(239,607,202,5,'2018-05-24 13:53:23'),(239,607,234,3,'2018-05-24 14:15:31'),(239,607,269,3,'2018-05-24 13:40:11'),(239,607,271,5,'2018-05-24 13:30:12'),(239,607,274,3,'2018-05-24 13:31:43'),(239,607,275,3,'2018-05-24 13:38:31'),(239,607,276,4,'2018-05-24 13:30:10'),(239,607,278,4,'2018-05-24 14:44:14'),(239,607,280,3,'2018-05-24 14:17:32'),(239,607,281,4,'2018-05-24 13:37:27'),(239,607,282,4,'2018-05-24 14:17:08'),(239,607,283,0,'2018-05-24 13:40:42'),(239,607,284,3,'2018-05-24 14:21:59'),(239,607,286,3,'2018-05-24 13:39:50'),(239,607,287,3,'2018-05-25 08:08:23'),(239,607,289,3,'2018-05-24 13:43:36'),(239,607,291,4,'2018-05-24 14:16:01'),(239,607,292,4,'2018-05-24 14:46:41'),(239,607,293,4,'2018-05-24 14:01:06'),(239,607,295,3,'2018-05-24 14:50:01'),(239,607,297,3,'2018-05-24 13:51:34'),(239,607,298,4,'2018-05-24 14:46:51'),(239,607,300,3,'2018-05-24 14:23:33'),(239,607,301,3,'2018-05-24 13:45:48'),(239,607,302,4,'2018-05-24 13:32:06'),(239,607,304,3,'2018-05-24 14:47:29'),(239,607,305,4,'2018-05-24 13:32:01'),(239,607,306,5,'2018-05-24 14:14:41'),(239,607,307,3,'2018-05-24 13:58:22'),(239,607,308,3,'2018-05-24 15:28:48'),(239,607,310,4,'2018-05-24 13:33:42'),(239,607,313,4,'2018-05-24 14:05:18'),(239,607,314,5,'2018-05-24 14:06:58'),(239,607,315,5,'2018-05-25 10:47:55'),(239,608,125,3,'2018-05-24 15:30:07'),(239,608,127,3,'2018-05-24 16:16:10'),(239,608,136,3,'2018-05-24 15:34:27'),(239,608,140,4,'2018-05-24 15:41:07'),(239,608,152,3,'2018-05-24 15:53:15'),(239,608,158,4,'2018-05-24 15:49:51'),(239,608,160,4,'2018-05-24 16:20:38'),(239,608,162,3,'2018-05-24 15:49:45'),(239,608,163,5,'2018-05-24 15:32:48'),(239,608,165,3,'2018-05-24 16:32:06'),(239,608,171,2,'2018-05-24 16:28:48'),(239,608,173,3,'2018-05-24 16:10:09'),(239,608,182,5,'2018-05-24 16:17:01'),(239,608,197,3,'2018-05-24 16:27:28'),(239,608,200,4,'2018-05-24 16:14:37'),(239,608,201,2,'2018-05-24 15:29:38'),(239,608,202,5,'2018-05-24 16:18:57'),(239,608,234,5,'2018-05-24 15:40:58'),(239,608,269,3,'2018-05-24 16:27:17'),(239,608,271,4,'2018-05-24 16:17:13'),(239,608,274,3,'2018-05-24 15:29:04'),(239,608,275,3,'2018-05-24 16:15:26'),(239,608,276,3,'2018-05-24 16:15:29'),(239,608,280,3,'2018-05-24 16:36:12'),(239,608,281,3,'2018-05-24 15:31:09'),(239,608,282,4,'2018-05-24 15:41:14'),(239,608,287,3,'2018-05-25 08:09:10'),(239,608,288,3,'2018-05-24 16:22:57'),(239,608,291,4,'2018-05-24 16:18:09'),(239,608,293,4,'2018-05-24 15:32:57'),(239,608,297,3,'2018-05-24 15:50:05'),(239,608,299,3,'2018-05-24 15:51:50'),(239,608,300,4,'2018-05-24 16:26:19'),(239,608,301,3,'2018-05-24 15:28:37'),(239,608,305,4,'2018-05-24 16:26:56'),(239,608,306,4,'2018-05-24 16:14:31'),(239,608,307,2,'2018-05-24 15:40:09'),(239,608,308,3,'2018-05-24 15:43:06'),(239,608,313,3,'2018-05-24 16:17:01'),(239,608,315,2,'2018-05-25 10:52:42'),(239,609,125,3,'2018-05-24 07:28:02'),(239,609,136,3,'2018-05-24 09:24:33'),(239,609,152,3,'2018-05-24 08:41:27'),(239,609,161,3,'2018-05-24 12:03:56'),(239,609,162,2,'2018-05-24 07:43:03'),(239,609,202,3,'2018-05-24 10:57:45'),(239,609,276,2,'2018-05-24 07:38:58'),(239,609,282,0,'2018-05-24 07:28:04'),(239,609,293,3,'2018-05-24 10:39:04'),(239,609,297,3,'2018-05-24 11:57:24'),(239,609,299,3,'2018-05-24 10:13:03'),(239,609,305,2,'2018-05-24 09:49:36'),(239,609,307,3,'2018-05-24 07:35:04'),(239,609,308,3,'2018-05-24 15:30:01'),(239,609,310,3,'2018-05-24 13:34:43'),(239,609,315,4,'2018-05-25 11:04:29'),(239,610,125,4,'2018-05-23 15:55:33'),(239,610,127,5,'2018-05-23 15:56:17'),(239,610,130,5,'2018-05-23 15:43:52'),(239,610,131,4,'2018-05-23 16:36:30'),(239,610,132,4,'2018-05-23 15:45:41'),(239,610,136,3,'2018-05-23 15:39:23'),(239,610,140,3,'2018-05-23 15:40:09'),(239,610,149,3,'2018-05-24 15:44:29'),(239,610,152,3,'2018-05-23 15:58:13'),(239,610,155,3,'2018-05-23 15:39:08'),(239,610,160,4,'2018-05-23 16:55:42'),(239,610,161,3,'2018-05-23 16:34:53'),(239,610,162,3,'2018-05-23 15:27:27'),(239,610,163,4,'2018-05-23 16:45:56'),(239,610,165,3,'2018-05-23 16:31:31'),(239,610,171,5,'2018-05-23 16:37:53'),(239,610,172,3,'2018-05-23 16:35:34'),(239,610,182,4,'2018-05-23 17:03:12'),(239,610,197,3,'2018-05-23 16:38:25'),(239,610,199,4,'2018-05-23 16:38:58'),(239,610,200,2,'2018-05-23 17:02:41'),(239,610,201,3,'2018-05-23 15:43:37'),(239,610,202,3,'2018-05-23 15:27:23'),(239,610,234,3,'2018-05-23 16:29:36'),(239,610,271,3,'2018-05-23 16:53:57'),(239,610,274,3,'2018-05-23 16:31:48'),(239,610,275,3,'2018-05-23 15:42:23'),(239,610,276,5,'2018-05-23 16:55:03'),(239,610,277,3,'2018-05-23 17:13:13'),(239,610,278,3,'2018-05-23 16:00:08'),(239,610,280,3,'2018-05-23 16:37:05'),(239,610,282,4,'2018-05-23 15:30:48'),(239,610,287,4,'2018-05-25 08:09:33'),(239,610,289,3,'2018-05-23 15:30:36'),(239,610,291,4,'2018-05-23 17:02:50'),(239,610,292,4,'2018-05-23 16:39:05'),(239,610,294,4,'2018-05-23 17:15:59'),(239,610,295,3,'2018-05-23 17:11:30'),(239,610,297,3,'2018-05-23 15:39:28'),(239,610,300,2,'2018-05-23 16:53:14'),(239,610,301,3,'2018-05-23 15:38:17'),(239,610,302,3,'2018-05-23 15:47:59'),(239,610,304,3,'2018-05-23 17:21:18'),(239,610,305,3,'2018-05-23 15:38:41'),(239,610,307,3,'2018-05-23 16:11:34'),(239,610,308,3,'2018-05-24 15:25:55'),(239,610,310,3,'2018-05-23 17:08:49'),(239,610,315,4,'2018-05-25 11:10:48'),(239,611,127,5,'2018-05-25 07:44:32'),(239,611,141,3,'2018-05-25 13:36:09'),(239,611,152,3,'2018-05-25 12:17:02'),(239,611,161,3,'2018-05-25 11:47:28'),(239,611,162,3,'2018-05-25 12:58:47'),(239,611,163,2,'2018-05-25 07:25:26'),(239,611,182,5,'2018-05-25 16:20:36'),(239,611,202,4,'2018-05-25 08:09:51'),(239,611,234,3,'2018-05-25 13:19:36'),(239,611,269,3,'2018-05-25 14:52:23'),(239,611,276,3,'2018-05-25 12:08:01'),(239,611,280,3,'2018-05-25 11:17:14'),(239,611,293,2,'2018-05-25 10:14:35'),(239,611,297,3,'2018-05-25 07:49:48'),(239,611,300,3,'2018-05-25 14:59:38'),(239,611,305,3,'2018-05-25 12:34:10'),(239,611,308,3,'2018-05-25 12:26:26'),(239,611,315,4,'2018-05-25 10:44:31'),(239,612,125,2,'2018-05-25 07:34:12'),(239,612,127,4,'2018-05-25 07:44:37'),(239,612,131,4,'2018-05-25 14:26:27'),(239,612,149,3,'2018-05-25 14:58:39'),(239,612,152,3,'2018-05-25 11:45:59'),(239,612,160,3,'2018-05-25 12:02:29'),(239,612,202,3,'2018-05-25 08:10:05'),(239,612,269,3,'2018-05-25 14:52:19'),(239,612,278,3,'2018-05-25 07:45:12'),(239,612,297,3,'2018-05-25 07:49:57'),(239,612,305,3,'2018-05-25 08:11:50'),(239,612,308,3,'2018-05-24 15:28:10'),(239,612,315,4,'2018-05-25 10:44:11'),(239,613,127,4,'2018-05-25 07:44:40'),(239,613,130,5,'2018-05-25 15:46:42'),(239,613,132,3,'2018-05-25 11:06:44'),(239,613,152,3,'2018-05-25 12:17:12'),(239,613,175,3,'2018-05-25 10:13:48'),(239,613,183,3,'2018-05-25 12:00:50'),(239,613,199,3,'2018-05-25 14:53:48'),(239,613,200,4,'2018-05-25 12:33:27'),(239,613,202,3,'2018-05-25 08:09:41'),(239,613,269,3,'2018-05-25 14:52:03'),(239,613,271,3,'2018-05-25 11:22:16'),(239,613,274,3,'2018-05-25 08:58:36'),(239,613,275,4,'2018-05-25 15:55:38'),(239,613,281,3,'2018-05-25 08:41:11'),(239,613,282,2,'2018-05-25 15:29:35'),(239,613,283,3,'2018-05-25 08:34:22'),(239,613,286,3,'2018-05-25 09:00:51'),(239,613,287,3,'2018-05-25 08:07:07'),(239,613,288,3,'2018-05-25 07:40:25'),(239,613,289,2,'2018-05-25 09:00:21'),(239,613,291,2,'2018-05-25 08:51:00'),(239,613,295,3,'2018-05-25 15:46:50'),(239,613,297,3,'2018-05-25 07:51:03'),(239,613,304,3,'2018-05-25 09:00:48'),(239,613,305,3,'2018-05-25 12:34:25'),(239,613,307,3,'2018-05-25 13:47:15'),(239,613,308,3,'2018-05-25 12:26:40'),(239,613,310,3,'2018-05-25 10:21:44'),(239,613,315,2,'2018-05-25 10:43:52'),(239,614,125,4,'2018-05-25 16:44:25'),(239,614,127,5,'2018-05-25 16:35:47'),(239,614,136,5,'2018-05-25 16:49:04'),(239,614,149,3,'2018-05-25 16:31:28'),(239,614,152,3,'2018-05-25 16:31:29'),(239,614,155,3,'2018-05-25 16:52:17'),(239,614,158,5,'2018-05-25 16:45:24'),(239,614,160,5,'2018-05-25 17:00:36'),(239,614,161,3,'2018-05-25 16:06:09'),(239,614,162,3,'2018-05-25 16:46:00'),(239,614,163,4,'2018-05-25 16:50:04'),(239,614,172,4,'2018-05-25 16:50:44'),(239,614,182,5,'2018-05-25 16:59:39'),(239,614,234,3,'2018-05-25 16:30:57'),(239,614,269,3,'2018-05-25 16:46:27'),(239,614,271,3,'2018-05-25 16:17:15'),(239,614,276,3,'2018-05-25 16:41:44'),(239,614,278,3,'2018-05-25 16:51:45'),(239,614,282,4,'2018-05-25 16:14:53'),(239,614,293,4,'2018-05-25 16:56:45'),(239,614,295,3,'2018-05-25 16:23:12'),(239,614,297,3,'2018-05-25 16:09:25'),(239,614,300,4,'2018-05-25 16:41:39'),(239,614,305,3,'2018-05-25 16:33:55'),(239,614,306,4,'2018-05-25 16:48:54'),(239,614,307,4,'2018-05-25 16:28:59'),(239,614,308,3,'2018-05-25 16:30:47'),(239,614,309,3,'2018-05-25 16:49:58'),(239,614,310,3,'2018-05-25 15:56:30'),(239,614,313,3,'2018-05-25 16:31:15'),(239,614,315,4,'2018-05-25 10:55:36'),(240,627,125,1,'2018-05-21 18:41:47'),(242,666,338,5,'2019-03-15 17:13:36'),(242,671,338,2,'2019-03-15 17:15:09'),(242,672,338,2,'2019-03-15 17:14:07');
/*!40000 ALTER TABLE `nota_conforto_termico_atividade` ENABLE KEYS */;
UNLOCK TABLES;

--
-- Table structure for table `noticia`
--

DROP TABLE IF EXISTS `noticia`;
/*!40101 SET @saved_cs_client     = @@character_set_client */;
/*!40101 SET character_set_client = utf8 */;
CREATE TABLE `noticia` (
  `ID_NOTICIA` int(11) NOT NULL AUTO_INCREMENT,
  `ID_EVENTO` int(11) NOT NULL,
  `hora` timestamp NOT NULL DEFAULT CURRENT_TIMESTAMP ON UPDATE CURRENT_TIMESTAMP,
  `titulo` varchar(200) NOT NULL,
  `corpo` varchar(5000) NOT NULL,
  PRIMARY KEY (`ID_NOTICIA`),
  KEY `ID_EVENTO` (`ID_EVENTO`)
) ENGINE=InnoDB AUTO_INCREMENT=47 DEFAULT CHARSET=latin1;
/*!40101 SET character_set_client = @saved_cs_client */;

--
-- Dumping data for table `noticia`
--

LOCK TABLES `noticia` WRITE;
/*!40000 ALTER TABLE `noticia` DISABLE KEYS */;
INSERT INTO `noticia` VALUES (38,213,'2017-07-28 17:05:28','Scape na V SECOM',' Temos outra novidade para a V Secom. Neste ano, utilizaremos o aplicativo Scape para o auxílio à participação no evento. O Scape é um aplicativo idealizado pelos professores Thais e Fabrício, e que foi desenvolvido pelos alunos do Curso de Ciência da Computação Augusto Domingues, Paulo Mota e Pedro Nogueira.\r\n\r\nCom o Scape, os participantes poderão gerenciar a agenda das atividades, verificar informações sobre o evento, programarem atividades sociais com outros participantes, e opinarem sobre as atividades realizadas.\r\n\r\nDestacamos que a opinião dos participantes é muito importante para melhorarmos a cada ano o nosso evento. Portanto, não deixem de responder aos questionários para cada atividade que participou. Também deixe sua opinião sobre o evento e sobre o aplicativo Scape. Alguns brindes serão sorteados no encerramento do evento somente para os participantes que responderam aos questionários das atividades que participaram.\r\n\r\nPara a V Secom, o Scape está disponível para dispositivos Android.'),(40,218,'2017-07-28 17:05:28','Local do CSBC 2016','O CSBC 2016 será realizado no Centro de Eventos da PUCRS (www.cepuc.pucrs.br), localizado na Av. Ipiranga, 6681 - Prédio 41- Partenon Porto Alegre/RS.'),(41,224,'2017-07-28 17:05:28','Brindes na SECOM!!!','Iremos dar dois brindes para os usuários que mais utilizarem o aplicativo! Caso queira ganhar, sempre lembre de responder os questionários e dar notas para as atividades, nota sonora e térmica também contam. No final do evento iremos ver os usuários quais mais utilizaram o aplicativo e iremos dar brindes!'),(42,224,'2017-07-28 17:05:28','Dois novos questionários!','Dois novos questionários foram adicionados nesta sexta-feira, não se esqueçam de responder para concorrer aos brindes!'),(43,236,'2018-05-16 16:16:00','Nova Notícia','lasaisdasdhasklhdalkdhal'),(44,237,'2018-05-10 13:00:00','Novo questionário sobre o App disponível!!!','Está disponível no item \"Questionários\", um questionário para avaliar sua experiência de uso com o aplicativo MyMobiConf. São apenas 7 questões, todas de múltipla escolha. Nos ajude a melhorar esta ferramenta respondendo à este questionário. Ao final do evento, sortearemos um brinde dentre os 20% usuários que tenham respondido ao questionário e mais utilizado o aplicativo! Participe!\r\n\r\nLembrando que a nota dada a cada atividade não influenciará na sua pontuação, apenas se você votou ou não. Ex: Dar nota 5 ou 0 em uma atividade não lhe rende mais pontos ou menos pontos, o que conta é se você votou!!\r\n'),(45,239,'2018-05-23 19:00:00','Novo questionário sobre o App disponível!!!','Está disponível no item \"Questionários\", um questionário para avaliar sua experiência de uso com o aplicativo MyMobiConf. São apenas 7 questões, todas de múltipla escolha. Nos ajude a melhorar esta ferramenta respondendo à este questionário. Ao final do evento, sortearemos um brinde dentre os 20% usuários que tenham respondido ao questionário e mais utilizado o aplicativo! Participe! Lembrando que a nota dada a cada atividade não influenciará na sua pontuação, apenas se você votou ou não. Ex: Dar nota 5 ou 0 em uma atividade não lhe rende mais pontos ou menos pontos, o que conta é se você votou!! '),(46,238,'2018-07-16 17:58:00','Venda de Crédito para Almoço','Caros cursistas, a venda de créditos para as refeições ficará até às 17h00min de hoje ocorrendo no CTA.\r\n\r\nObrigado,\r\nDiretoria de Extensão e Cultura');
/*!40000 ALTER TABLE `noticia` ENABLE KEYS */;
UNLOCK TABLES;

--
-- Table structure for table `opiniao`
--

DROP TABLE IF EXISTS `opiniao`;
/*!40101 SET @saved_cs_client     = @@character_set_client */;
/*!40101 SET character_set_client = utf8 */;
CREATE TABLE `opiniao` (
  `ID` int(11) NOT NULL AUTO_INCREMENT,
  `ID_PARTICIPANTE` int(11) DEFAULT NULL,
  `ID_EVENTO` int(11) NOT NULL,
  `opiniao` varchar(500) NOT NULL,
  `probabilidade_positivo` decimal(6,5) DEFAULT NULL,
  `probabilidade_negativo` decimal(6,5) DEFAULT NULL,
  `probabilidade_neutro` decimal(6,5) DEFAULT NULL,
  `sentimento` char(10) DEFAULT NULL,
  PRIMARY KEY (`ID`),
  KEY `ID_PARTICIPANTE` (`ID_PARTICIPANTE`),
  KEY `ID_EVENTO` (`ID_EVENTO`)
) ENGINE=InnoDB AUTO_INCREMENT=1120 DEFAULT CHARSET=latin1;
/*!40101 SET character_set_client = @saved_cs_client */;

--
-- Dumping data for table `opiniao`
--

LOCK TABLES `opiniao` WRITE;
/*!40000 ALTER TABLE `opiniao` DISABLE KEYS */;
INSERT INTO `opiniao` VALUES (182,125,213,'Muito bom!',0.59902,0.04160,0.35937,'Positivo'),(183,125,213,'amei!',0.47432,0.09883,0.42684,'Positivo'),(184,125,213,'amei!',0.47432,0.09883,0.42684,'Positivo'),(185,130,223,'Teste com Internet',NULL,NULL,NULL,NULL),(186,132,223,'Testando com internet',NULL,NULL,NULL,NULL),(187,130,223,'Teste sem Internet',NULL,NULL,NULL,NULL),(188,132,223,'Testando sem internet',NULL,NULL,NULL,NULL),(189,124,223,'Teste sem Internet',NULL,NULL,NULL,NULL),(190,124,223,'Teste com Internet',NULL,NULL,NULL,NULL),(191,135,223,'Teste 1',NULL,NULL,NULL,NULL),(192,135,223,'Teste 2',NULL,NULL,NULL,NULL),(193,135,223,'Teste 3',NULL,NULL,NULL,NULL),(194,135,223,'Teste 2',NULL,NULL,NULL,NULL),(195,135,223,'Teste 1',NULL,NULL,NULL,NULL),(196,137,223,'Legal',0.51987,0.09027,0.38986,'Positivo'),(197,130,223,'Teste sem Internet',NULL,NULL,NULL,NULL),(198,130,223,'Teste 1 ok',NULL,NULL,NULL,NULL),(199,130,223,'Teste 2 feito',NULL,NULL,NULL,NULL),(200,136,223,'Evento teste',NULL,NULL,NULL,NULL),(201,132,223,'Testando sem internet Edson',NULL,NULL,NULL,NULL),(202,128,223,'Com internet',0.30222,0.13119,0.56659,'Neutro'),(203,130,223,'Teste ter',NULL,NULL,NULL,NULL),(204,130,223,'Teste ter',NULL,NULL,NULL,NULL),(205,133,223,'Teste de opiniao',NULL,NULL,NULL,NULL),(206,130,223,'Teste quarta manh',NULL,NULL,NULL,NULL),(207,130,223,'Teste tarde feito',NULL,NULL,NULL,NULL),(208,126,223,'Funcionando',0.36228,0.09436,0.54336,'Neutro'),(209,133,223,'Teste opiniao 123',NULL,NULL,NULL,NULL),(210,132,223,'1)/ 2) Ao voltar para o menu principal no meio da cria',0.08236,0.14259,0.77505,'Neutro'),(211,128,223,'Sem internet',0.30222,0.13119,0.56659,'Neutro'),(212,159,224,'Altas expectativas para o evento desse ano.',0.70473,0.05062,0.24466,'Positivo'),(213,163,224,'Ansioso pelo inicio do evento!',0.72890,0.09435,0.17675,'Positivo'),(214,159,224,'Altas expectativas para o evento desse ano.',0.70473,0.05062,0.24466,'Positivo'),(215,159,224,'Ziviani ir',0.38921,0.02703,0.58375,'Neutro'),(216,159,224,'Ziviani ir',0.38921,0.02703,0.58375,'Neutro'),(217,159,224,'Ainda n',0.35424,0.10801,0.53775,'Neutro'),(218,163,224,'Muito barulho!',0.31305,0.21743,0.46952,'Neutro'),(219,159,224,'Esse app t',0.45042,0.06704,0.48254,'Neutro'),(220,163,224,'Meu c',0.35424,0.10801,0.53775,'Neutro'),(221,159,224,'Coloca Metallica.',0.24815,0.09814,0.65371,'Neutro'),(222,139,224,'Tudo bem organizado e funcionando muito  bem',0.80234,0.02573,0.17194,'Positivo'),(223,159,224,'Toca Ra',0.06788,0.02685,0.90527,'Neutro'),(224,159,224,'Toca Ra',0.06788,0.02685,0.90527,'Neutro'),(225,159,224,'Toca Ra',0.06788,0.02685,0.90527,'Neutro'),(226,159,224,'Toca Ra',0.06788,0.02685,0.90527,'Neutro'),(227,159,224,'Toca Ra',0.06788,0.02685,0.90527,'Neutro'),(228,167,224,'Bem legal o APP, ta quase melhor que o da Campus Party. So falta disponibilidade iOS',0.98675,0.00422,0.00902,'Positivo'),(229,166,224,'At',0.29877,0.10376,0.59747,'Neutro'),(230,159,224,'Ainda acho que deveria tocar Ra',0.08259,0.02542,0.89199,'Neutro'),(231,159,224,'E Queen, nem isso rola?',0.18143,0.07176,0.74681,'Neutro'),(232,159,224,'E Queen, nem isso rola?',0.18143,0.07176,0.74681,'Neutro'),(233,163,224,'Ansiedade aumentou muito depois que eu descobri que o Nivio Ziviani veio dar palestra!!!!',0.91456,0.00470,0.08074,'Positivo'),(234,159,224,'Agora sim vai come',0.25994,0.09027,0.64978,'Neutro'),(235,163,224,'Atrasou o come',0.33751,0.15628,0.50621,'Neutro'),(236,166,224,'Mesmo com 20 minutos de atraso estou super animado pela palestra!',0.87935,0.06172,0.05893,'Positivo'),(237,166,224,'#HoraDoHino',0.29877,0.10376,0.59747,'Neutro'),(238,159,224,'Quero esses brindes.',0.31324,0.04079,0.64597,'Neutro'),(239,159,224,'Quero esses brindes.',0.31324,0.04079,0.64597,'Neutro'),(240,163,224,'Toca Raul',0.13656,0.05401,0.80943,'Neutro'),(241,163,224,'Nacif em todas!   auahsuajsjauzja',0.50618,0.07695,0.41686,'Positivo'),(242,179,224,'Oii Mota',0.18702,0.07397,0.73901,'Neutro'),(243,159,224,'5 anos j',0.35424,0.10801,0.53775,'Neutro'),(244,163,224,'Bora NIVIOOOO!!!!!!',0.57031,0.11278,0.31691,'Positivo'),(245,159,224,'Go N',0.30229,0.06299,0.63473,'Neutro'),(246,166,224,'Boa ilumina',0.66560,0.04079,0.29361,'Positivo'),(247,159,224,'Quero surfar essa onda de aprendizado de m',0.27318,0.05191,0.67491,'Neutro'),(248,128,224,'Bacana',0.59079,0.07694,0.33228,'Positivo'),(249,126,224,'Opini',0.35424,0.10801,0.53775,'Neutro'),(250,159,224,'Criar um rede neural para dizer seu vou formar algum dia.',0.08453,0.00603,0.90944,'Neutro'),(251,159,224,'Quero ver fazer aprendizado com Darksouls. #Ziviani',0.05366,0.00363,0.94272,'Neutro'),(252,159,224,'Quero ver fazer aprendizado com Darksouls. #Ziviani',0.05366,0.00363,0.94272,'Neutro'),(253,159,224,'Quero ver fazer aprendizado com Darksouls. #Ziviani',0.05366,0.00363,0.94272,'Neutro'),(254,159,224,'Quero ver fazer aprendizado com Darksouls. #Ziviani',0.05366,0.00363,0.94272,'Neutro'),(255,159,224,'Quero ver fazer aprendizado com Darksouls. #Ziviani',0.05366,0.00363,0.94272,'Neutro'),(256,159,224,'Quero ver fazer aprendizado com Darksouls. #Ziviani',0.05366,0.00363,0.94272,'Neutro'),(257,159,224,'Quero ver fazer aprendizado com Darksouls. #Ziviani',0.05366,0.00363,0.94272,'Neutro'),(258,159,224,'Quero ver fazer aprendizado com Darksouls. #Ziviani',0.05366,0.00363,0.94272,'Neutro'),(259,159,224,'Quero ver fazer aprendizado com Darksouls. #Ziviani',0.05366,0.00363,0.94272,'Neutro'),(260,159,224,'Thiago Silva #medo #chor',0.13757,0.66101,0.20142,'Negativo'),(261,159,224,'Thiago Silva #medo #chor',0.13757,0.66101,0.20142,'Negativo'),(262,159,224,'Thiago Silva #medo #chor',0.13757,0.66101,0.20142,'Negativo'),(263,159,224,'Deviam utilizar rede neural para traduzir os textos do menino perdido do Acre.',0.00015,0.00003,0.99982,'Neutro'),(264,166,224,'Som um pouco baixo no fundo da sala',0.18084,0.28963,0.52952,'Neutro'),(265,159,224,'Deviam utilizar rede neural para traduzir os textos do menino perdido do Acre.',0.00015,0.00003,0.99982,'Neutro'),(266,159,224,'Deviam utilizar rede neural para traduzir os textos do menino perdido do Acre.',0.00015,0.00003,0.99982,'Neutro'),(267,159,224,'Deviam utilizar rede neural para traduzir os textos do menino perdido do Acre.',0.00015,0.00003,0.99982,'Neutro'),(268,159,224,'Deviam utilizar rede neural para traduzir os textos do menino perdido do Acre.',0.00015,0.00003,0.99982,'Neutro'),(269,159,224,'Deviam utilizar rede neural para traduzir os textos do menino perdido do Acre.',0.00015,0.00003,0.99982,'Neutro'),(270,163,224,'N',0.35424,0.10801,0.53775,'Neutro'),(271,163,224,'Cara foda! #Ziviani',0.69794,0.01011,0.29195,'Positivo'),(272,163,224,'#ZivianiNaUFV',0.29877,0.10376,0.59747,'Neutro'),(273,159,224,'Rede neural  para compor m',0.15210,0.01285,0.83506,'Neutro'),(274,159,224,'Rede neural  para compor m',0.15210,0.01285,0.83506,'Neutro'),(275,139,224,'Otima palestra do professor ziviani',0.78032,0.00804,0.21164,'Positivo'),(276,159,224,'',NULL,NULL,NULL,NULL),(277,159,224,'2099, era das m',0.17104,0.05940,0.76957,'Neutro'),(278,159,224,'2099, era das m',0.17104,0.05940,0.76957,'Neutro'),(279,159,224,'2099, era das m',0.17104,0.05940,0.76957,'Neutro'),(280,159,224,'2099, era das m',0.17104,0.05940,0.76957,'Neutro'),(281,159,224,'2099, era das m',0.17104,0.05940,0.76957,'Neutro'),(282,159,224,'2099, era das m',0.17104,0.05940,0.76957,'Neutro'),(283,166,224,'O tempo de palestra pode ser estendido',0.64585,0.03896,0.31519,'Positivo'),(284,161,224,'Que isso vei loucura minoria seremos',0.25377,0.08573,0.66050,'Neutro'),(285,162,224,'Palestra de abertura muito interessante com um palestrante que domina o assunto!!! Muito bacana esta palestra.',0.99901,0.00033,0.00066,'Positivo'),(286,159,224,'Palestra muito boa do Dr. Ziviani.',0.94757,0.00204,0.05039,'Positivo'),(287,159,224,'Palestra muito boa do Dr. Ziviani.',0.94757,0.00204,0.05039,'Positivo'),(288,159,224,'Palestra muito boa do Dr. Ziviani.',0.94757,0.00204,0.05039,'Positivo'),(289,131,224,'Gostei da palestra do ziviani',0.89716,0.00433,0.09851,'Positivo'),(290,159,224,'',NULL,NULL,NULL,NULL),(291,159,224,'Rede neural se tornou bem mais interessante depois da palestra do Pr. Ziviani.',0.98322,0.00012,0.01667,'Positivo'),(292,159,224,'Rede neural se tornou bem mais interessante depois da palestra do Pr. Ziviani.',0.98322,0.00012,0.01667,'Positivo'),(293,159,224,'Rede neural se tornou bem mais interessante depois da palestra do Pr. Ziviani.',0.98322,0.00012,0.01667,'Positivo'),(294,159,224,'Rede neural se tornou bem mais interessante depois da palestra do Pr. Ziviani.',0.98322,0.00012,0.01667,'Positivo'),(295,159,224,'Rede neural se tornou bem mais interessante depois da palestra do Pr. Ziviani.',0.98322,0.00012,0.01667,'Positivo'),(296,163,224,'-Deus existe?\n-Ainda n',0.29877,0.10376,0.59747,'Neutro'),(297,132,224,'Podia melhor a parte sonora, esta faltando um grave na caixa de som.',0.25559,0.52191,0.22250,'Negativo'),(298,163,224,'Atraso ao iniciar o evento \"mesa redonda\".',0.58825,0.15648,0.25527,'Positivo'),(299,163,224,'Muito quente e muito barulho, al',0.24596,0.39393,0.36010,'Negativo'),(300,159,224,'Hora de falar de interc',0.15005,0.05935,0.79060,'Neutro'),(301,132,224,'O ',0.35424,0.10801,0.53775,'Neutro'),(302,164,224,'A chamada estava horr',0.31397,0.22077,0.46526,'Neutro'),(303,133,224,'Audio dos palestrantes nao presenciais da mesa redonda estavam com eco',0.30144,0.52831,0.17026,'Negativo'),(304,133,224,'O audio aumenta e diminui durante a palestra',0.20444,0.50337,0.29218,'Negativo'),(305,166,224,'A temperatura ambiente nesse hor',0.12037,0.09639,0.78324,'Neutro'),(306,166,224,'A primeira v',0.35424,0.10801,0.53775,'Neutro'),(307,162,224,'Mesa redonda desse ano foi bem mais interessante pelo tema abordado, acho que todos os alunos t',0.99405,0.00176,0.00419,'Positivo'),(308,166,224,'Segunda palestra em rela',0.63915,0.04514,0.31571,'Positivo'),(309,159,224,'',NULL,NULL,NULL,NULL),(310,159,224,'',NULL,NULL,NULL,NULL),(311,159,224,'',NULL,NULL,NULL,NULL),(312,189,224,'Chris ',0.29877,0.10376,0.59747,'Neutro'),(313,133,224,'As cadeiras de plastico no fundo do salao estao muito pr',0.11443,0.06853,0.81704,'Neutro'),(314,162,224,'Se o Gull n',0.29877,0.10376,0.59747,'Neutro'),(315,159,224,'Drogas n',0.29877,0.10376,0.59747,'Neutro'),(316,163,224,'Estrangeiro ',0.29877,0.10376,0.59747,'Neutro'),(317,159,224,'Primeiro dia da SECOM foi sensacional!',0.74477,0.01381,0.24142,'Positivo'),(318,159,224,'Primeiro dia da SECOM foi sensacional!',0.74477,0.01381,0.24142,'Positivo'),(319,159,224,'Primeiro dia da SECOM foi sensacional!',0.74477,0.01381,0.24142,'Positivo'),(320,133,224,'Quem senta atr',0.24028,0.12671,0.63300,'Neutro'),(321,133,224,'A temperatura dentro do sal',0.20745,0.10940,0.68314,'Neutro'),(322,133,224,'Seria interessante, se durante a fala do Augusto e Fredy pudesse aparecer eles em v',0.77677,0.07858,0.14465,'Positivo'),(323,133,224,'Os ventiladores atrapalham a sonoridade para os que sentam atr',0.19164,0.48365,0.32471,'Negativo'),(324,133,224,'Pois os ventiladores fazem muito barulho',0.28276,0.29823,0.41901,'Neutro'),(325,181,224,'Primeiro dia conseguimos ter um bom rendimento de informa',0.77677,0.03362,0.18961,'Positivo'),(326,125,224,'Tudo em  ordem. Ate o momento!',0.60748,0.09235,0.30017,'Positivo'),(327,140,224,'Sobre o app: ao abriR a agenda e programa',0.16435,0.08431,0.75134,'Neutro'),(328,166,224,'Bem organizado a entrada no sal',0.84358,0.04805,0.10838,'Positivo'),(329,159,224,'Como avaliar o evento maratona se durante a maratona n',0.00438,0.00175,0.99388,'Neutro'),(330,159,224,'Como avaliar o evento maratona se durante a maratona n',0.00438,0.00175,0.99388,'Neutro'),(331,159,224,'Como avaliar o evento maratona se durante a maratona n',0.00438,0.00175,0.99388,'Neutro'),(332,159,224,'Como avaliar o evento maratona se durante a maratona n',0.00438,0.00175,0.99388,'Neutro'),(333,159,224,'Como avaliar o evento maratona se durante a maratona n',0.00438,0.00175,0.99388,'Neutro'),(334,163,224,'#Dia2',0.35424,0.10801,0.53775,'Neutro'),(335,159,224,'Como avaliar o evento maratona se durante a maratona n',0.00438,0.00175,0.99388,'Neutro'),(336,166,224,'#AnsiosoDia2',0.35424,0.10801,0.53775,'Neutro'),(337,166,224,'#VamoQueVamo',0.41923,0.10919,0.47158,'Neutro'),(338,163,224,'#VI_SECOM',0.29877,0.10376,0.59747,'Neutro'),(339,166,224,'O hor',0.22408,0.10376,0.67216,'Neutro'),(340,163,224,'Ansiedade pro segundo dia',0.43680,0.07774,0.48545,'Neutro'),(341,163,224,'Cria',0.25994,0.09027,0.64978,'Neutro'),(342,159,224,'Como avaliar o evento maratona se durante a maratona n',0.00438,0.00175,0.99388,'Neutro'),(343,163,224,'Gogo_SECOM',0.29877,0.10376,0.59747,'Neutro'),(344,163,224,'Boraaa!!',0.41923,0.10919,0.47158,'Neutro'),(345,159,224,'Boa oportunidade de conhecer outra empresa de sucesso na SECOM.',0.99013,0.00043,0.00944,'Positivo'),(346,159,224,'Boa oportunidade de conhecer outra empresa de sucesso na SECOM.',0.99013,0.00043,0.00944,'Positivo'),(347,159,224,'Boa oportunidade de conhecer outra empresa de sucesso na SECOM.',0.99013,0.00043,0.00944,'Positivo'),(348,159,224,'Boa oportunidade de conhecer outra empresa de sucesso na SECOM.',0.99013,0.00043,0.00944,'Positivo'),(349,132,224,'N',0.35424,0.10801,0.53775,'Neutro'),(350,159,224,'Quebrando a cara estou eu na faculdade.',0.28314,0.30232,0.41454,'Neutro'),(351,133,224,'Durante o in',0.29877,0.10376,0.59747,'Neutro'),(352,133,224,'Os ventiladores continuam com som mais alto do que o som do palestrante, para quem senta perto do ventilador',0.08039,0.82229,0.09731,'Negativo'),(353,133,224,'O ambiente esta com cheiro de suor',0.24877,0.26562,0.48562,'Neutro'),(354,163,224,'Gostei da camisa do Andr',0.86093,0.03272,0.10635,'Positivo'),(355,159,224,'Quero ver ter consenso em trabalhos em grupo.',0.18143,0.07176,0.74681,'Neutro'),(356,159,224,'Quero ver ter consenso em trabalhos em grupo.',0.18143,0.07176,0.74681,'Neutro'),(357,132,224,'SetApp Empresa J',0.70163,0.02715,0.27123,'Positivo'),(358,159,224,'Preciso inventar um produto e vend',0.16435,0.08431,0.75134,'Neutro'),(359,179,224,'Esse aplicativo ',0.40360,0.11213,0.48427,'Neutro'),(360,159,224,'Altas expectativas para a pr',0.45121,0.10289,0.44590,'Positivo'),(361,163,224,'Atraso para iniciar todos os eventos... :/',0.33111,0.17825,0.49065,'Neutro'),(362,132,224,'SetApp melhor Empresa J',0.93494,0.00867,0.05638,'Positivo'),(363,166,224,'Muito boa a palestra sobre Inova',0.69893,0.07084,0.23024,'Positivo'),(364,155,224,'Aumenta o volume do microfone urgente !!!!',0.24583,0.39858,0.35559,'Negativo'),(365,153,224,'Som t',0.21303,0.14796,0.63901,'Neutro'),(366,162,224,'Volume da terceira palestra est',0.48001,0.05148,0.46851,'Positivo'),(367,133,224,'O audio estava muito baixo, mas ja consertou',0.16839,0.10114,0.73047,'Neutro'),(368,133,224,'#VemPraSetApp',0.29877,0.10376,0.59747,'Neutro'),(369,133,224,'Palestras muito voltadas para o tema de StartUps, empreendedorismo, etc, e pouco voltado a computa',0.04382,0.89650,0.05968,'Negativo'),(370,159,224,'Assunto muito importante hoje em dia. Big Data.',0.70261,0.07786,0.21953,'Positivo'),(371,133,224,'Letras do slide muito pequenas',0.28314,0.30232,0.41454,'Neutro'),(372,133,224,'Ao sentar em um lugar alcan',0.24815,0.09814,0.65371,'Neutro'),(373,133,224,'O lanche estava muito bom, pena que era um s',0.33737,0.03039,0.63224,'Neutro'),(374,133,224,'Gostei da ideia do suco ter um tampa no copo! Muito mais higi',0.87116,0.04127,0.08757,'Positivo'),(375,163,224,'',NULL,NULL,NULL,NULL),(376,163,224,'',NULL,NULL,NULL,NULL),(377,163,224,'Muito calor',0.31305,0.21743,0.46952,'Neutro'),(378,160,224,'',NULL,NULL,NULL,NULL),(379,163,224,'Muito calor...',0.31305,0.21743,0.46952,'Neutro'),(380,195,224,'Muito importante e interessante as palestras.',0.60748,0.09235,0.30017,'Positivo'),(381,132,224,'SetApp',0.53387,0.04837,0.41776,'Positivo'),(382,163,224,'Muito calor',0.31305,0.21743,0.46952,'Neutro'),(383,159,224,'Palestra muito boa de Big Data.',0.95598,0.00742,0.03660,'Positivo'),(384,159,224,'Aguardando o ',0.29877,0.10376,0.59747,'Neutro'),(385,166,224,'Ansioso pelo minicurso',0.79471,0.05388,0.15141,'Positivo'),(386,166,224,'#Come',0.25994,0.09027,0.64978,'Neutro'),(387,166,224,'#AnsiosoPeloMinicurso',0.41923,0.10919,0.47158,'Neutro'),(388,166,224,'Um pouco de atraso',0.36595,0.22240,0.41165,'Neutro'),(389,159,224,'',NULL,NULL,NULL,NULL),(390,159,224,'Mas hoje tem brindes!',0.31324,0.04079,0.64597,'Neutro'),(391,159,224,'Mas hoje tem brindes!',0.31324,0.04079,0.64597,'Neutro'),(392,128,224,'Muito bacana o evento',0.53871,0.06214,0.39914,'Positivo'),(393,133,224,'Evento atrasou',0.59109,0.17002,0.23888,'Positivo'),(394,133,224,'Palestrantes atrasaram',0.29755,0.26152,0.44092,'Neutro'),(395,162,224,'#MESE, melhor minicurso',0.94565,0.01922,0.03513,'Positivo'),(396,126,224,'Os novos question',0.29877,0.10376,0.59747,'Neutro'),(397,159,224,'Hora de brincar de empres',0.42848,0.09533,0.47620,'Neutro'),(398,159,224,'No final das contas do lucro bruto n',0.20322,0.09154,0.70524,'Neutro'),(399,137,224,'Bom',0.59902,0.04160,0.35937,'Positivo'),(400,159,224,'Eu queria uma ferrari, um Rolex, nunca pedi nada demais. Hahah',0.60476,0.06708,0.32816,'Positivo'),(401,159,224,'Buscar pre',0.24815,0.09814,0.65371,'Neutro'),(402,163,224,'Minicurso bombando o/',0.48638,0.10821,0.40541,'Positivo'),(403,159,224,'Nunca ouvi falar da Xiomi',0.08511,0.02875,0.88613,'Neutro'),(404,163,224,'Deveriamos aplicar isso minicuros de metodologias ',0.16435,0.08431,0.75134,'Neutro'),(405,159,224,'Hora de vender caneta. Porque caneta?',0.23237,0.05888,0.70875,'Neutro'),(406,159,224,'Treinar as minhas habilidades empresariais. #VamoTime',0.61085,0.11293,0.27622,'Positivo'),(407,166,224,'Um bom minicurso',0.86986,0.01966,0.11048,'Positivo'),(408,166,224,'Recomendaria este mini-curso para todos que pretendem seguir no ramo de empreendedorismo',0.93038,0.02687,0.04275,'Positivo'),(409,125,224,'O horario que deixaram os alunos almo',0.20775,0.07993,0.71232,'Neutro'),(410,166,224,'Ocorrendo problemas com o projetor no sal',0.21978,0.35635,0.42388,'Neutro'),(411,201,224,'A maratona poderia terminar mais cedo, por causa do hor',0.10832,0.03164,0.86004,'Neutro'),(412,166,224,'O som est',0.12528,0.13213,0.74259,'Neutro'),(413,166,224,'J',0.35424,0.10801,0.53775,'Neutro'),(414,166,224,'J',0.35424,0.10801,0.53775,'Neutro'),(415,166,224,'T',0.35424,0.10801,0.53775,'Neutro'),(416,166,224,'Vamo que vamo simular mais empresas!!',0.61552,0.06395,0.32053,'Positivo'),(417,166,224,'Comentando aqui s',0.28488,0.07420,0.64092,'Neutro'),(418,166,224,'Comentando aqui s',0.28488,0.07420,0.64092,'Neutro'),(419,166,224,'Brinsk... To N',0.35487,0.08421,0.56092,'Neutro'),(420,166,224,'Adorando a Secom',0.59334,0.02200,0.38466,'Positivo'),(421,175,224,'Que se foda todo mundo dessa secom. \nPS: Gustavo Andrade 1',0.18066,0.05152,0.76782,'Neutro'),(422,181,224,'Minicurso 3 muito bom.',0.86986,0.01966,0.11048,'Positivo'),(423,183,224,'Excelente evento, crescendo sempre.',0.77505,0.08569,0.13926,'Positivo'),(424,163,224,'',NULL,NULL,NULL,NULL),(425,179,224,'Melhor evento',0.90153,0.04095,0.05753,'Positivo'),(426,179,224,'Evento bom demais',0.83001,0.03581,0.13418,'Positivo'),(427,179,224,'E o aplicativo ',0.40360,0.11213,0.48427,'Neutro'),(428,163,224,'Atraso no encerramento do evento...',0.53397,0.30613,0.15991,'Positivo'),(429,179,224,'Se eu n',0.35424,0.10801,0.53775,'Neutro'),(430,179,224,'Opinei em tudo',0.29877,0.10376,0.59747,'Neutro'),(431,179,224,'O Mota deve t',0.23005,0.07989,0.69006,'Neutro'),(432,179,224,'Quero pr',0.32130,0.10042,0.57828,'Neutro'),(433,179,224,'Meu n',0.35424,0.10801,0.53775,'Neutro'),(434,163,224,'A',0.35424,0.10801,0.53775,'Neutro'),(435,163,224,'A',0.35424,0.10801,0.53775,'Neutro'),(436,163,224,'A',0.35424,0.10801,0.53775,'Neutro'),(437,163,224,'A',0.35424,0.10801,0.53775,'Neutro'),(438,161,224,'Da hora minicurso 3',0.70392,0.06984,0.22623,'Positivo'),(439,163,224,'Vou GANHEI esse sorteio',0.36854,0.05336,0.57810,'Neutro'),(440,163,224,'Vou ganhar por coment',0.30194,0.03497,0.66309,'Neutro'),(441,174,224,'Muito bom. Mesa redonda inovadora, exatamente o assunto que eu queria ver. Principalmente eu que anseio em fazer p',0.96695,0.01805,0.01500,'Positivo'),(442,159,224,'Sensacional essa SECOM',0.74477,0.01381,0.24142,'Positivo'),(443,159,224,'uma das melhores secom da hist',0.70939,0.01797,0.27263,'Positivo'),(444,159,224,'Virada incr',0.48638,0.10821,0.40541,'Positivo'),(445,163,224,'O pr',0.32130,0.10042,0.57828,'Neutro'),(446,159,224,'Esse mini curso de empreendedorismo deveria ter muito mais vezes, n',0.74341,0.08238,0.17421,'Positivo'),(447,179,224,'Se eu n',0.35424,0.10801,0.53775,'Neutro'),(448,159,224,'Pena que j',0.21841,0.12642,0.65517,'Neutro'),(449,179,224,'Quero pr',0.32130,0.10042,0.57828,'Neutro'),(450,159,224,'Quero brindes!',0.31324,0.04079,0.64597,'Neutro'),(451,162,224,'Muito legal a brincadeira do terceiro minicurso',0.80073,0.05797,0.14131,'Positivo'),(452,159,224,'Quem ganhou a maratona? Resultado n',0.17276,0.07782,0.74942,'Neutro'),(453,159,224,'Para finalizar o dia com chave de ouro, fazer prova de direito',0.72632,0.05735,0.21633,'Positivo'),(454,159,224,'Podemos n',0.29877,0.10376,0.59747,'Neutro'),(455,179,224,'Pr',0.32130,0.10042,0.57828,'Neutro'),(456,179,224,'A',0.35424,0.10801,0.53775,'Neutro'),(457,179,224,'Um fone t',0.25994,0.09027,0.64978,'Neutro'),(458,179,224,'Ou um carregador port',0.24815,0.09814,0.65371,'Neutro'),(459,179,224,'M',0.35424,0.10801,0.53775,'Neutro'),(460,179,224,'Pr',0.32130,0.10042,0.57828,'Neutro'),(461,179,224,'Come',0.25994,0.09027,0.64978,'Neutro'),(462,179,224,'Foi ',0.35424,0.10801,0.53775,'Neutro'),(463,179,224,'Brindes',0.31324,0.04079,0.64597,'Neutro'),(464,163,224,'Melhor SECOM  o/',0.71857,0.01523,0.26620,'Positivo'),(465,179,224,'Brindes',0.31324,0.04079,0.64597,'Neutro'),(466,163,224,'Melhor SECOM de todas!',0.91910,0.00654,0.07436,'Positivo'),(467,179,224,'Brindes por favor',0.31324,0.04079,0.64597,'Neutro'),(468,179,224,'Minha bateria j',0.29877,0.10376,0.59747,'Neutro'),(469,163,224,'#VI SECOM_Melhor',0.41528,0.12319,0.46153,'Neutro'),(470,179,224,'Se eu n',0.35424,0.10801,0.53775,'Neutro'),(471,179,224,'Telefone est',0.18252,0.09625,0.72123,'Neutro'),(472,179,224,'Fabricio com vergonha',0.21329,0.08436,0.70235,'Neutro'),(473,179,224,'Maratona foi foda',0.58871,0.03742,0.37387,'Positivo'),(474,179,224,'Victor n',0.29877,0.10376,0.59747,'Neutro'),(475,179,224,'Queria ser boa para participar da maratona',0.65321,0.01331,0.33348,'Positivo'),(476,179,224,'Vai MADAM',0.29877,0.10376,0.59747,'Neutro'),(477,179,224,'Maratona',0.44344,0.05775,0.49881,'Neutro'),(478,179,224,'C acredita',0.29877,0.10376,0.59747,'Neutro'),(479,179,224,'Eita!',0.25994,0.09027,0.64978,'Neutro'),(480,179,224,'Queria um fone',0.23804,0.05649,0.70547,'Neutro'),(481,179,224,'Eu vou ganhar',0.24395,0.03308,0.72297,'Neutro'),(482,179,224,'Brindes',0.31324,0.04079,0.64597,'Neutro'),(483,179,224,'Mymobiconf',0.41524,0.08652,0.49823,'Neutro'),(484,179,224,'O BD vai cair',0.31397,0.22077,0.46526,'Neutro'),(485,161,224,'Melhor parte decis',0.80780,0.05045,0.14175,'Positivo'),(486,166,224,'Melhor mini-curso',0.93116,0.02215,0.04669,'Positivo'),(487,179,224,'Quero o liquidificador roubaram o meu l',0.24815,0.09814,0.65371,'Neutro'),(488,166,224,'Quero m',0.35424,0.10801,0.53775,'Neutro'),(489,164,224,'Se eu n',0.35424,0.10801,0.53775,'Neutro'),(490,179,224,'Vaai Motaaa',0.48638,0.10821,0.40541,'Positivo'),(491,179,224,'Mota',0.23005,0.07989,0.69006,'Neutro'),(492,179,224,'Ziviani',0.38921,0.02703,0.58375,'Neutro'),(493,179,224,'Brindes',0.31324,0.04079,0.64597,'Neutro'),(494,179,224,'Qualidadeees',0.41923,0.10919,0.47158,'Neutro'),(495,179,224,'No meu celular travou o app',0.32763,0.06325,0.60912,'Neutro'),(496,179,224,'Tem que ser eu',0.35424,0.10801,0.53775,'Neutro'),(497,166,224,'Eu quero brinde!!!',0.41923,0.10919,0.47158,'Neutro'),(498,166,224,'Por favor',0.35424,0.10801,0.53775,'Neutro'),(499,166,224,'Euuuuuuu',0.29877,0.10376,0.59747,'Neutro'),(500,181,224,'Esse programa t',0.29877,0.10376,0.59747,'Neutro'),(501,134,224,'Teste',NULL,NULL,NULL,NULL),(502,134,214,'Aaaa',0.29877,0.10376,0.59747,'Neutro'),(503,134,214,'Teste',NULL,NULL,NULL,NULL),(504,134,214,'Ssss',0.25994,0.09027,0.64978,'Neutro'),(505,134,214,'Ddss',0.29877,0.10376,0.59747,'Neutro'),(506,134,214,'Teste',NULL,NULL,NULL,NULL),(507,134,214,'Ssss',0.25994,0.09027,0.64978,'Neutro'),(508,134,214,'Vdfsd',0.25994,0.09027,0.64978,'Neutro'),(509,134,214,'Vdfsd',0.25994,0.09027,0.64978,'Neutro'),(510,134,214,'Teste',NULL,NULL,NULL,NULL),(511,134,214,'Teste2',0.35424,0.10801,0.53775,'Neutro'),(512,134,214,'Teste2',0.35424,0.10801,0.53775,'Neutro'),(513,134,214,'Teste 3',NULL,NULL,NULL,NULL),(514,134,214,'Teste 4',NULL,NULL,NULL,NULL),(515,134,214,'Teste 4',NULL,NULL,NULL,NULL),(516,134,214,'Teste 5',NULL,NULL,NULL,NULL),(517,134,214,'Teste 6',NULL,NULL,NULL,NULL),(518,125,213,'teste',NULL,NULL,NULL,NULL),(519,212,223,'Teste',NULL,NULL,NULL,NULL),(520,135,234,'É biscoito',0.29877,0.10376,0.59747,'Neutro'),(521,140,234,'Teste',NULL,NULL,NULL,NULL),(522,140,236,'Esse evento está ótimo!!!',0.72890,0.09435,0.17675,'Positivo'),(523,140,235,'Teste',NULL,NULL,NULL,NULL),(524,214,237,'O evento tá bom. O minicurso que eu escolhi tá correndo bem, os cofee-break estão mais gostosos que os do ano passado, e ainda estou no aguardo da maratona e da palestra.',0.99901,0.00036,0.00063,'Positivo'),(525,248,237,'Foi bem , tudo certo , inclusive a excelente motivadora palestra de Márcio hehe',0.96448,0.01560,0.01992,'Positivo'),(527,278,239,'Muito bom o evento, palestras muito boas com bons profissionais qualificados',0.95420,0.01099,0.03481,'Positivo'),(530,182,239,'A camisa tá Show',0.83903,0.04252,0.11845,'Positivo'),(533,132,239,'Uhulllllllll',0.41923,0.10919,0.47158,'Neutro'),(534,294,239,'Que o evento seja mesmo um sucesso!',0.43571,0.08587,0.47843,'Neutro'),(535,202,239,'Evento de ótima qualidade , que tem a funcionalidade de abranger o conhecimento geral.',0.74141,0.06223,0.19636,'Positivo'),(536,132,239,'SetApp',0.53387,0.04837,0.41776,'Positivo'),(537,294,239,'Parabéns aos organizadores',0.48638,0.10821,0.40541,'Positivo'),(538,301,239,'Otimo evento!',0.68264,0.11045,0.20691,'Positivo'),(539,132,239,'Melhor EJ SetApp',0.90170,0.01673,0.08157,'Positivo'),(540,294,239,'Faltou aquele som suave e sentimental do piano',0.08927,0.10432,0.80642,'Neutro'),(541,294,239,'Gostei da blusa de Rei Leão',0.80128,0.05203,0.14669,'Positivo'),(543,286,239,'Não tem para IOS',0.36228,0.09436,0.54336,'Neutro'),(544,294,239,'Obrigada por apresentar sobre o mymobconf!',0.48638,0.10821,0.40541,'Positivo'),(545,132,239,'Essa logo da SetApp é muito topper',0.60342,0.04669,0.34989,'Positivo'),(546,300,239,'Não consegui enviar minhas respostas. Dizia que não tinha respondido todas as questões quando na verdade eu respondi.',0.10043,0.71276,0.18681,'Negativo'),(547,294,239,'Essa agenda é um salva vidas',0.55319,0.10513,0.34168,'Positivo'),(548,163,239,'SetApp arrebenta!',0.60342,0.04669,0.34989,'Positivo'),(549,161,239,'Evento da hr vlw setapp e professores envolvidos',0.77173,0.07312,0.15515,'Positivo'),(550,283,239,'A tela do tutorial deveriam ser exibidas na primeira vez q vc inicia o aplicativo,ou ter um botão na área principal',0.07327,0.17926,0.74747,'Neutro'),(551,130,239,'Para avaliar a cerimônia de abertura, diferente dos outros eventos, o conforto sonoro, térmico e nota não estão inicialmente preenchidos',0.00435,0.01598,0.97967,'Neutro'),(552,163,239,'Q q a setapp fez?',0.29877,0.10376,0.59747,'Neutro'),(553,294,239,'Nao sei nada sobre futebol mesmo...kkk',0.58685,0.08704,0.32611,'Positivo'),(554,163,239,'Go! Go! SETAPP!',0.39378,0.01666,0.58956,'Neutro'),(555,294,239,'Esse cara é o cara',0.70122,0.03900,0.25978,'Positivo'),(556,294,239,'Wow prêmio do Google?? Uaaaa',0.61728,0.10020,0.28252,'Positivo'),(557,294,239,'Marcado vs mestrado. Justo',0.11552,0.05927,0.82521,'Neutro'),(559,271,239,'To achando bem legal!',0.89148,0.02708,0.08144,'Positivo'),(561,294,239,'De pedra para dados. Evoluímos bastante!',0.76050,0.06270,0.17680,'Positivo'),(562,197,239,'Minha opinião é com relação ao tutorial, no inicio da 1a execução, ficou muito extenso.\n\nAcho que ao invés de um tutorial só explicando todo o aplicativo, deveria ter vários tutoriais pequenos quando o usuário acessar uma função especifica. Para isto é necessário que o aplicativo seja bastante intuitivo (o que nesse quesito, o MyMobiConf é bastante já).',0.99605,0.00323,0.00072,'Positivo'),(563,297,239,'Ao votar e voltar a tela inicial e em seguida retornar a atividade, tenho a opção de votar de novo como se eu não tivesse votado antes, parece que o voto não está sendo registrado',0.00060,0.99844,0.00096,'Negativo'),(564,294,239,'Brasileiros não votam em propostas, votam em pessoas',0.09577,0.04913,0.85510,'Neutro'),(565,294,239,'Tem partidos em excesso. Existem tantas ideologias politicas assim?',0.10974,0.06412,0.82614,'Neutro'),(566,294,239,'Desculpe pela tosse. O tempo não ta contribuindo',0.36036,0.29214,0.34750,'Positivo'),(567,294,239,'Stalkeando os deputados',0.24815,0.09814,0.65371,'Neutro'),(568,294,239,'Interessante',0.70114,0.05619,0.24267,'Positivo'),(569,294,239,'Dilma',0.25994,0.09027,0.64978,'Neutro'),(570,294,239,'Como diferenciaram o Brasil politico do Brasil não politico?',0.03209,0.03559,0.93232,'Neutro'),(571,158,239,'O aplicativo recebeu mudanças significativas! Show!',0.77446,0.06545,0.16009,'Positivo'),(572,132,239,'GG Dilma',0.21329,0.08436,0.70235,'Neutro'),(574,132,239,'Vai SetApp!!!!!',0.53387,0.04837,0.41776,'Positivo'),(575,132,239,'Bora xingar muito no Twitter',0.44133,0.23561,0.32306,'Positivo'),(576,307,239,'Uhull a SECOM começou! MyMobiConf pegando fogo. Quero ver a participação da SetApp ein!!!',0.96973,0.00166,0.02861,'Positivo'),(577,132,239,'Pior que tá não fica',0.38773,0.27168,0.34059,'Positivo'),(578,294,239,'Nunca ouvi falar de PMB',0.08511,0.02875,0.88613,'Neutro'),(579,294,239,'Partidos que nunca nem ouvi falar....',0.06968,0.02354,0.90678,'Neutro'),(580,307,239,'Aonde eu vejo a opinião alheia? Quero ver quem da SetApp tá brincando.',0.37555,0.03423,0.59023,'Neutro'),(581,158,239,'A camiseta ficou bem melhor, incluindo o tamanho!',0.95125,0.01807,0.03068,'Positivo'),(582,307,239,'Será que alguém da SetApp vai ganhar brindes?',0.45865,0.00829,0.53306,'Neutro'),(583,294,239,'Parece marcas de supermercado.',0.24815,0.09814,0.65371,'Neutro'),(584,294,239,'2 é pouco. Mas 30 é de mais',0.23005,0.07989,0.69006,'Neutro'),(585,307,239,'Acho que a SetApp deveria criar um partido. Bora galera? Imagina PAS = Partido Acadêmico da SetApp',0.95883,0.00273,0.03844,'Positivo'),(586,158,239,'A Setapp é foda!',0.67294,0.02976,0.29730,'Positivo'),(587,135,239,'Eu sou daltônico, não vou ver diferença entre verde e vermelho afff',0.24409,0.25757,0.49835,'Neutro'),(588,294,239,'Transparência!',0.41923,0.10919,0.47158,'Neutro'),(589,307,239,'Ih gente cadê o link para o Site do Evento, vambora galera.',0.09733,0.02323,0.87943,'Neutro'),(590,294,239,'Bolsonaro e o outro são perfeitamente opostos',0.13146,0.07681,0.79173,'Neutro'),(592,307,239,'Ué já acabou a inscrição da Maratona de Programação? Já lotou todas as vagas? Queria participar. :(',0.02511,0.03748,0.93741,'Neutro'),(593,294,239,'To gostando da palestra',0.79630,0.02882,0.17488,'Positivo'),(594,307,239,'Cadê a rede de internet do evento? Liga pra SetApp pra ver se o Brandão consegue para vocês.',0.22310,0.33659,0.44031,'Neutro'),(595,294,239,'Muito informativa',0.41923,0.10919,0.47158,'Neutro'),(596,294,239,'Deputados brasileiros nos vetores ideologicos parecem confetes',0.08634,0.05745,0.85621,'Neutro'),(597,294,239,'Colorful',0.29877,0.10376,0.59747,'Neutro'),(598,166,239,'Doido de mais',0.47432,0.09883,0.42684,'Positivo'),(599,166,239,'Vai tudo pro PT',0.26551,0.07876,0.65573,'Neutro'),(600,166,239,'Palestra louca!!',0.75142,0.03980,0.20878,'Positivo'),(601,166,239,'Quero ver chegar no tema: FUTEBOL',0.69893,0.07084,0.23024,'Positivo'),(602,294,239,'O cara é um problema. E ciência da computação resolve problemas. Vamos resolver esse cara então',0.96512,0.00814,0.02673,'Positivo'),(603,166,239,'Será que vou ganhar prêmios?',0.19768,0.03053,0.77179,'Neutro'),(604,166,239,'PROFESSOR DANIEL, estou opinando mas estou prestando devida atenção na Palestra',0.53408,0.02439,0.44153,'Positivo'),(605,166,239,'Camisa está super confortável',0.75582,0.05745,0.18673,'Positivo'),(606,166,239,'Nunca vi tanto gargicos assim na vida... #MedoDeGrafos',0.27303,0.33202,0.39494,'Neutro'),(607,166,239,'Bom... Imagino que se vê gráficos na matéria de Grafos...',0.28464,0.03788,0.67748,'Neutro'),(608,166,239,'DELTA??? MEU DEUS, NEM LEMBRO DE BASKARA MAIS!!',0.13146,0.07681,0.79173,'Neutro'),(609,166,239,'Por favor MARCOS MOTTA, não me xinge pelas opiniões',0.30332,0.04668,0.65000,'Neutro'),(610,166,239,'Tô só querendo \"testar\" o app',0.29222,0.08916,0.61861,'Neutro'),(611,166,239,'Jahaahahahha',0.29877,0.10376,0.59747,'Neutro'),(612,166,239,'Melhor que TWITTER E WPP esse myMobiConf',0.87779,0.03200,0.09022,'Positivo'),(613,291,239,'A palestra de abertura não tem nada a ver com o nosso curso de CDC. Sei que é importante discutir política mas não no nosso único evento anual de computação.',0.02587,0.93482,0.03931,'Negativo'),(614,166,239,'Quais serão os primeiros #ancioso',0.48638,0.10821,0.40541,'Positivo'),(615,166,239,'Melhor APP!!!!',0.83139,0.02967,0.13895,'Positivo'),(616,166,239,'Nuuuuuuu qnts dados!!! Meu deuss',0.60582,0.06556,0.32862,'Positivo'),(617,166,239,'Internet TOP',0.60975,0.08222,0.30803,'Positivo'),(618,166,239,'Quantos dados para absorver',0.33779,0.07608,0.58613,'Neutro'),(619,166,239,'Mas estou adorando a palestra',0.58685,0.08704,0.32611,'Positivo'),(620,166,239,'Bemmm cômico um partido militar junto com um socialista hahahahah',0.77677,0.07858,0.14465,'Positivo'),(621,166,239,'A Net caiu... E disse que qnd tiver Net vai enviar...',0.09248,0.67536,0.23216,'Negativo'),(622,302,239,'SetApo é foda!',0.56747,0.07214,0.36039,'Positivo'),(623,302,239,'<3 SetApp <3',0.53387,0.04837,0.41776,'Positivo'),(624,166,239,'Espero que a msg seja realmente enviada',0.13831,0.08081,0.78088,'Neutro'),(625,166,239,'Tô com várias pgt',0.24949,0.10114,0.64937,'Neutro'),(626,166,239,'Mas tô com vergonha',0.15034,0.10703,0.74262,'Neutro'),(627,166,239,'Boa pgt veterano',0.80314,0.02394,0.17292,'Positivo'),(628,166,239,'Boa resposta palestrante',0.79678,0.03167,0.17155,'Positivo'),(629,166,239,'Adriele, melhor fotografa',0.84504,0.04508,0.10988,'Positivo'),(630,166,239,'Professores tirando fotinha hahaha',0.61728,0.10020,0.28252,'Positivo'),(631,166,239,'Faz pose aí Daniel hahahaha',0.60592,0.06141,0.33267,'Positivo'),(632,294,239,'O palestrante fala bem',0.79067,0.04686,0.16247,'Positivo'),(633,166,239,'Daniel todo no traje social, da hora',0.50618,0.07695,0.41686,'Positivo'),(634,166,239,'Começando a sentir calor',0.38846,0.29163,0.31991,'Positivo'),(635,166,239,'Mas nada preocupante',0.29877,0.10376,0.59747,'Neutro'),(636,294,239,'Fala de LOL o povo acorda',0.17634,0.06785,0.75580,'Neutro'),(637,166,239,'Minha mão já está sussa de tanto pegar no celular....\nCalmaa nada de malícia gente hahahah',0.50235,0.05077,0.44688,'Positivo'),(638,166,239,'Aeeee futebol agoraa',0.65000,0.08235,0.26765,'Positivo'),(639,166,239,'Que específico!!',0.29877,0.10376,0.59747,'Neutro'),(640,166,239,'Norueguês???',0.29877,0.10376,0.59747,'Neutro'),(641,166,239,'Tô com medo de que não esteja enviando minhas msg',0.10828,0.47404,0.41768,'Negativo'),(642,166,239,'Eu ouvi aposta??? Jajaha',0.35247,0.06698,0.58055,'Neutro'),(643,166,239,'Poker??',0.31896,0.08307,0.59797,'Neutro'),(644,166,239,'Vamos jogar um poker?? Quem anima??',0.53543,0.04966,0.41491,'Positivo'),(645,166,239,'Vixee ele gaguejou bastante agora',0.45466,0.26006,0.28528,'Positivo'),(646,166,239,'Gaguejou novamente',0.29755,0.26152,0.44092,'Neutro'),(647,166,239,'Nuuuu o flash me chegou agora',0.13836,0.07098,0.79066,'Neutro'),(648,166,239,'O bom de ficar opinando eh que não dá sono',0.37118,0.03470,0.59413,'Neutro'),(649,166,239,'E tbm faz vc ficar prestando a atenção na Palestra',0.24261,0.08072,0.67667,'Neutro'),(650,166,239,'Vms indentificar !!!! UHULLL',0.43762,0.04752,0.51486,'Neutro'),(651,166,239,'Empate naoo!!!',0.24815,0.09814,0.65371,'Neutro'),(652,166,239,'Aí eh sem graça',0.28600,0.12066,0.59334,'Neutro'),(653,166,239,'Marcos motta lindooooo',0.49593,0.05026,0.45380,'Positivo'),(654,166,239,'Vixeee esqueci que ele pode ver quem enviou',0.17276,0.07782,0.74942,'Neutro'),(655,166,239,'Na brotheragen msm',0.24815,0.09814,0.65371,'Neutro'),(656,166,239,'Melhor app',0.83139,0.02967,0.13895,'Positivo'),(657,166,239,'#Qual a diferença???',0.24815,0.09814,0.65371,'Neutro'),(658,166,239,'Vms apostar!!!!',0.30826,0.03919,0.65255,'Neutro'),(659,166,239,'Como identificar boas equipes...',0.55222,0.08395,0.36382,'Positivo'),(660,166,239,'Quero sorvete',0.25994,0.09027,0.64978,'Neutro'),(661,166,239,'Queira sorvete',0.17798,0.05279,0.76923,'Neutro'),(662,166,239,'Será que o lanche vai tá bom??',0.59251,0.03737,0.37012,'Positivo'),(663,166,239,'OLOUCOOOOOOOOOOOOOO99',0.35424,0.10801,0.53775,'Neutro'),(664,166,239,'Calouro mitando',0.54206,0.09648,0.36146,'Positivo'),(665,166,239,'Esse aí tem coragem ahhHahahahah',0.48638,0.10821,0.40541,'Positivo'),(666,166,239,'Será que tô comentando muito???',0.16724,0.08930,0.74346,'Neutro'),(667,166,239,'Variância???',0.25994,0.09027,0.64978,'Neutro'),(668,166,239,'Nunca ouvi falar',0.10870,0.03224,0.85906,'Neutro'),(669,166,239,'Camisa top',0.83892,0.03393,0.12714,'Positivo'),(670,166,239,'Camisa 1000 grqu',0.71233,0.06768,0.21999,'Positivo'),(671,166,239,'30 equipes',0.23472,0.06963,0.69565,'Neutro'),(672,294,239,'Ah é aquele trem de regularidade ne',0.20775,0.07993,0.71232,'Neutro'),(673,166,239,'Vários termos técnicos',0.24815,0.09814,0.65371,'Neutro'),(674,166,239,'0.2 eh aleatório?',0.19983,0.07201,0.72816,'Neutro'),(675,166,239,'Eu não sej',0.25994,0.09027,0.64978,'Neutro'),(676,166,239,'Sei*',0.35424,0.10801,0.53775,'Neutro'),(677,166,239,'Variância real',0.21329,0.08436,0.70235,'Neutro'),(678,166,239,'Negativos??',0.33751,0.15628,0.50621,'Neutro'),(679,294,239,'Quanto mais prox de 0 mais regular.E quanto mais regular maior a probabilidade da tal equipe ganhar',0.06634,0.06703,0.86663,'Neutro'),(680,166,239,'Olá Marcos Motta',0.49593,0.05026,0.45380,'Positivo'),(681,166,239,'Afffff',0.33751,0.15628,0.50621,'Neutro'),(682,166,239,'Pensei que comentar dava vantagem',0.13541,0.05210,0.81249,'Neutro'),(683,166,239,'Triste com essa notícia',0.26937,0.33146,0.39917,'Neutro'),(684,166,239,'Queira ganhar algo',0.20797,0.03701,0.75502,'Neutro'),(685,166,239,'Que pena',0.21841,0.12642,0.65517,'Neutro'),(686,166,239,'Muito triste',0.30210,0.24480,0.45310,'Neutro'),(687,166,239,'Será que eu vou parar de comentar?',0.16466,0.03179,0.80356,'Neutro'),(688,166,239,'Veremos no próximo capítulo',0.24815,0.09814,0.65371,'Neutro'),(689,166,239,'Que campeonato louco esse',0.48638,0.10821,0.40541,'Positivo'),(690,166,239,'Vlw MARCOS',0.53776,0.06381,0.39844,'Positivo'),(691,166,239,'Ele acabou de me mostrar o tanto que eu comentei ahahahha',0.67668,0.09382,0.22949,'Positivo'),(692,166,239,'Às vezes eu escrevo errado...',0.20745,0.10940,0.68314,'Neutro'),(693,166,239,'Me desculpa gente',0.36578,0.06510,0.56912,'Neutro'),(694,166,239,'Será que vou ser mencionado com relação ao número de comentários no final da SECOM???',0.31450,0.01152,0.67397,'Neutro'),(695,166,239,'Seria dahora minerar esses dados de opinião',0.52032,0.05631,0.42337,'Positivo'),(696,166,239,'Tô começando a ter fome',0.20470,0.34577,0.44953,'Neutro'),(697,166,239,'Mais de 120 comentários em menos de 30 min eu acho',0.10259,0.02158,0.87583,'Neutro'),(698,166,239,'Almocei cedo...',0.29877,0.10376,0.59747,'Neutro'),(699,166,239,'U Hu lll',0.48638,0.10821,0.40541,'Positivo'),(700,166,239,'Mas quero continuar comentando',0.34608,0.07699,0.57693,'Neutro'),(701,166,239,'Esses números estão me dando sono',0.30629,0.24528,0.44843,'Neutro'),(702,166,239,'MAIOR DE MINAS',0.41923,0.10919,0.47158,'Neutro'),(703,166,239,'CRUZEIROOOOO',0.41923,0.10919,0.47158,'Neutro'),(704,166,239,'Nação AZUL',0.48638,0.10821,0.40541,'Positivo'),(705,166,239,'As eu gosto de apostar mano',0.24672,0.11113,0.64215,'Neutro'),(706,166,239,'Que pena que eh aleatória assim...',0.14151,0.08499,0.77349,'Neutro'),(707,166,239,'Falando em apostas...',0.24815,0.09814,0.65371,'Neutro'),(708,158,239,'Muito boa essa primeira palestra! #ForaPT',0.89422,0.00952,0.09626,'Positivo'),(709,166,239,'Quem quer jogar POKR???',0.30558,0.09065,0.60377,'Neutro'),(710,166,239,'VMS JOHAR POKER DANIEL',0.22012,0.02178,0.75810,'Neutro'),(711,125,239,'Até agora tudo tranquilo!',0.41923,0.10919,0.47158,'Neutro'),(712,294,239,'Fome',0.32482,0.18800,0.48718,'Neutro'),(713,166,239,'Não palestra',0.69591,0.04316,0.26094,'Positivo'),(714,166,239,'Não cheguei a dormir',0.24815,0.09814,0.65371,'Neutro'),(715,294,239,'Serenata de amor',0.22811,0.06767,0.70422,'Neutro'),(716,130,239,'Essa palestra do Pedro foi um espetáculo. Primeira vez que não me deu sono na abertura da Secom',0.94384,0.00431,0.05185,'Positivo'),(717,166,239,'SERENATA DE AMOR????',0.22811,0.06767,0.70422,'Neutro'),(718,166,239,'Deputados gastando com o amor',0.25377,0.08573,0.66050,'Neutro'),(719,166,239,'Gaste com o amor galera',0.55051,0.04650,0.40299,'Positivo'),(720,166,239,'O amor precisa da sua atenção',0.39023,0.07416,0.53561,'Neutro'),(721,166,239,'Deixa eles gente',0.24979,0.05928,0.69094,'Neutro'),(722,171,239,'#ForaPT',0.36228,0.09436,0.54336,'Neutro'),(723,166,239,'Principalmente financeira ahhahahhahahah',0.60748,0.09235,0.30017,'Positivo'),(724,166,239,'Bate palma galera',0.61219,0.05171,0.33611,'Positivo'),(725,294,239,'Aproveite o doce!',0.48638,0.10821,0.40541,'Positivo'),(726,166,239,'Alguém quer leitinho??? Altasbirras',0.55222,0.08395,0.36382,'Positivo'),(727,166,239,'Vou usar meu 3g pra comentar',0.15927,0.02460,0.81613,'Neutro'),(728,166,239,'Tô com fomeee',0.20355,0.19321,0.60324,'Neutro'),(729,166,239,'Abraço Rodrigo RUUU',0.55222,0.08395,0.36382,'Positivo'),(730,166,239,'Abraço não, abre',0.30558,0.09065,0.60377,'Neutro'),(731,166,239,'Escrevi errado',0.20016,0.14074,0.65911,'Neutro'),(732,166,239,'O servidor vai ficar aberto até o final do evento',0.15285,0.06099,0.78615,'Neutro'),(733,166,239,'Vou comentar durante a noite',0.24700,0.05582,0.69717,'Neutro'),(734,166,239,'Vou pagar alguém pra comentar pra mim ahahhah',0.24395,0.01462,0.74143,'Neutro'),(735,166,239,'QUERO CUME',0.29877,0.10376,0.59747,'Neutro'),(736,166,239,'BACO FOI FEITA PRA COMER',0.06706,0.02752,0.90541,'Neutro'),(737,166,239,'BACO não, BOCA',0.21329,0.08436,0.70235,'Neutro'),(738,166,239,'Será que eu tô sozinho nessa??',0.17657,0.12570,0.69773,'Neutro'),(739,166,239,'Queira se o que mais comentou',0.21034,0.06239,0.72727,'Neutro'),(740,166,239,'Quero ser o que**',0.35424,0.10801,0.53775,'Neutro'),(741,166,239,'Que chatice, escrevi errado sempre',0.18793,0.20066,0.61142,'Neutro'),(742,166,239,'Mas pelo menos posso comentar corrigindo',0.21034,0.06239,0.72727,'Neutro'),(743,166,239,'Aí consigo mais comentários ahahhaha',0.46723,0.07103,0.46174,'Positivo'),(744,166,239,'Queria ficar mandando caracteres avulso',0.13426,0.04707,0.81867,'Neutro'),(745,166,239,'Tipo assim:',0.35424,0.10801,0.53775,'Neutro'),(746,166,239,'Sbhssb',0.29877,0.10376,0.59747,'Neutro'),(747,166,239,'Bshshsjsbsh',0.29877,0.10376,0.59747,'Neutro'),(748,166,239,'Hwhauajan',0.29877,0.10376,0.59747,'Neutro'),(749,166,239,'Hshshahab',0.29877,0.10376,0.59747,'Neutro'),(750,136,239,'Palestra bacana!',0.85807,0.02273,0.11921,'Positivo'),(751,306,239,'Palestra mto interessante.',0.92827,0.01292,0.05881,'Positivo'),(752,166,239,'Mas acho que seria injusto',0.24979,0.05928,0.69094,'Neutro'),(753,166,239,'Mas como não conta nada a minha opinião',0.23441,0.07919,0.68639,'Neutro'),(754,166,239,'Hshshsja',0.29877,0.10376,0.59747,'Neutro'),(755,294,239,'Espero que sejam pontuais no coffee break!',0.54822,0.09492,0.35685,'Positivo'),(756,166,239,'Hsshabn',0.29877,0.10376,0.59747,'Neutro'),(757,166,239,'Hahshahsh',0.29877,0.10376,0.59747,'Neutro'),(758,166,239,'Hajahahb',0.29877,0.10376,0.59747,'Neutro'),(759,166,239,'Babsnamam',0.29877,0.10376,0.59747,'Neutro'),(760,166,239,'Jsjsjaan',0.29877,0.10376,0.59747,'Neutro'),(761,166,239,'Iwjsjsbehejejken',0.29877,0.10376,0.59747,'Neutro'),(762,166,239,'COMER COMERR',0.13656,0.05401,0.80943,'Neutro'),(763,166,239,'Comer comer',0.06788,0.02685,0.90527,'Neutro'),(764,166,239,'Para poder crescer',0.29877,0.10376,0.59747,'Neutro'),(765,294,239,'15h open the R.U',0.14550,0.06554,0.78896,'Neutro'),(766,166,239,'Qual foi desse lanche??',0.27716,0.05775,0.66510,'Neutro'),(767,166,239,'Demorando pacass',0.31397,0.22077,0.46526,'Neutro'),(768,166,239,'Queira comer',0.11018,0.03268,0.85714,'Neutro'),(769,166,239,'Queria não, quero!!!',0.39815,0.07086,0.53099,'Neutro'),(770,163,239,'Deveríamos fazer uma análise do Presidente da Setapp também, prq ver se ele deve ser sair  hahahaha',0.87826,0.02060,0.10113,'Positivo'),(771,294,239,'7 minutos de atraso....',0.39593,0.27404,0.33002,'Positivo'),(772,307,239,'Show Uhul',0.62366,0.07929,0.29705,'Positivo'),(773,294,239,'A coxinha ta gostosa, porém pequena e gordurosa',0.15620,0.06929,0.77451,'Neutro'),(774,201,239,'Disseram que ia ter café no lanche...',0.15319,0.05894,0.78787,'Neutro'),(775,294,239,'E fria',0.29877,0.10376,0.59747,'Neutro'),(776,201,239,'Quero cafeeeeeee',0.29877,0.10376,0.59747,'Neutro'),(777,201,239,'Mas mesmo sem café, tá mt gostoso o lanche!',0.46790,0.08073,0.45137,'Positivo'),(778,294,239,'É o suco do R.U?',0.18143,0.07176,0.74681,'Neutro'),(779,202,239,'Aplicativo com certa frequência apresenta uma falha no carregamento da programação do evento.',0.25342,0.67037,0.07621,'Negativo'),(780,307,239,'Poxa faltou o Café no lanche. Mas pelo menos sobrou suco.',0.06185,0.04004,0.89811,'Neutro'),(781,301,239,'A aba Programacao demora a carregar.',0.28314,0.30232,0.41454,'Neutro'),(782,271,239,'Esta tendo um erro na pagina de perceiros',0.24583,0.39858,0.35559,'Negativo'),(783,307,239,'Fiquei sabendo que a SetApp vai fornecer o café no próximo break.',0.18724,0.05621,0.75655,'Neutro'),(784,130,239,'Mesa redonda sobre o q fazer após a graduação... Pq não fizeram uma mesa redonda sobre como sobreviver a graduação?',0.00714,0.00486,0.98800,'Neutro'),(785,132,239,'Aí Simm presida da SetApp',0.66855,0.04419,0.28726,'Positivo'),(786,201,239,'Na hora de avaliar uma atividade, o botão remover atividade fica no lugar onde estaria o botão salvar, se ele existisse. Isso confunde um pouco e eu cheguei clicar em remover atividade sem querer.',0.00007,0.99978,0.00015,'Negativo'),(787,302,239,'Assunto interessante na Mesa Redonda!',0.96289,0.01140,0.02571,'Positivo'),(788,171,239,'SetApp é a porta para o mercado de Trabalho !!',0.69669,0.04032,0.26299,'Positivo'),(789,163,239,'Setapp ajudando os formados!',0.66855,0.04419,0.28726,'Positivo'),(790,163,239,'Devíamos analisar o comportamento do presidente da SETAPP tbm pra ver se ele é da direito ou esquerda...',0.15735,0.01816,0.82449,'Neutro'),(791,278,239,'Melhor palestra ever kkkk',0.95880,0.01040,0.03080,'Positivo'),(793,158,239,'Ótimo tema para a mesa redonda!',0.53701,0.06974,0.39325,'Positivo'),(794,125,239,'Me diverti com a real história do Bragança!',0.56415,0.09158,0.34427,'Positivo'),(795,158,239,'Poderia ter um cafezinho no coffe break',0.25777,0.07935,0.66288,'Neutro'),(796,307,239,'A Secom tá Top UHull!!!',0.94664,0.00435,0.04902,'Positivo'),(797,163,239,'Quando vc faz as avaliações e sai da aplicação, quando volta a sua avalição some e vc tem que fazer novamente...',0.01249,0.94376,0.04375,'Negativo'),(798,305,239,'Muito show! Palestras incríveis com profissionais qualificados do mercado e do meio acadêmico. Recomendo XD',0.95941,0.01844,0.02215,'Positivo'),(799,125,239,'Adorei os comentários do Rodrigo!',0.55222,0.08395,0.36382,'Positivo'),(800,125,239,'Treta!',0.32482,0.18800,0.48718,'Neutro'),(801,125,239,'Treta!',0.32482,0.18800,0.48718,'Neutro'),(802,166,239,'Essa secom rendeu de mais',0.59334,0.02200,0.38466,'Positivo'),(803,166,239,'Melhores comentários',0.45263,0.06445,0.48292,'Neutro'),(804,166,239,'Cada tapa',0.29877,0.10376,0.59747,'Neutro'),(805,166,239,'Amnah NGM VAI TÁ FELIZ',0.31044,0.33032,0.35924,'Neutro'),(806,171,239,'Liga o ventilador !!!!!!!!!!',0.24815,0.09814,0.65371,'Neutro'),(807,166,239,'MESA REDONDA FOI TOP',0.94304,0.01931,0.03765,'Positivo'),(808,166,239,'NAVIF VAI CASTIGAR HAHAHAHAHA',0.49663,0.09438,0.40899,'Positivo'),(809,302,239,'#MelhorMesaRedonda',0.41923,0.10919,0.47158,'Neutro'),(810,302,239,'#FPGA>>>>>>>>',0.25739,0.06704,0.67557,'Neutro'),(811,166,239,'NACIF VAI CASTIGAR',0.32523,0.07236,0.60242,'Neutro'),(812,171,239,'#FPGA>all',0.29877,0.10376,0.59747,'Neutro'),(813,302,239,'#TeamKaio',0.31896,0.08307,0.59797,'Neutro'),(814,161,239,'Mesa redonda, muito bomm!!!!!!',0.85755,0.04829,0.09416,'Positivo'),(815,166,239,'Fugiu do assunto',0.35487,0.08421,0.56092,'Neutro'),(816,171,239,'#teamKaio',0.31896,0.08307,0.59797,'Neutro'),(817,166,239,'Diploma na mão',0.48377,0.08610,0.43012,'Positivo'),(818,302,239,'#TeamKaio #Felicidade',0.38289,0.08518,0.53192,'Neutro'),(819,166,239,'Isso que eu quero...',0.41923,0.10919,0.47158,'Neutro'),(820,158,239,'#FPGA está em ascensão!',0.31572,0.07024,0.61404,'Neutro'),(821,166,239,'Tô arrotando coxinha',0.12022,0.09748,0.78230,'Neutro'),(822,166,239,'Esse pessoal do mestrado não parece muito feliz',0.25297,0.25322,0.49381,'Neutro'),(823,166,239,'Que triste',0.30210,0.24480,0.45310,'Neutro'),(824,158,239,'Felicidade > Se matar de estudar',0.55319,0.10513,0.34168,'Positivo'),(825,166,239,'Nunca vou brincar com FPGA',0.20812,0.03013,0.76175,'Neutro'),(826,130,239,'Achei a galera do mercado mais feliz q a galera do mestrado... Chicote de patrão dói menos q chicote de orientador?',0.01686,0.02296,0.96018,'Neutro'),(827,166,239,'FPGA NEVERRRR',0.21034,0.06239,0.72727,'Neutro'),(828,158,239,'#SeguirOCoração',0.41923,0.10919,0.47158,'Neutro'),(829,302,239,'#SeguirOCoracao',0.41923,0.10919,0.47158,'Neutro'),(830,166,239,'MIL DESCULPAS NACIF, MAS FPGA NEVER',0.14464,0.04174,0.81363,'Neutro'),(831,171,239,'TP 2 de OC vai ser em GO ? =)',0.14360,0.03881,0.81759,'Neutro'),(832,166,239,'MALSBAI GALERA DO HARDWARE',0.34658,0.05204,0.60138,'Neutro'),(833,166,239,'Mals aí***',0.29877,0.10376,0.59747,'Neutro'),(834,302,239,'#TPemGo',0.29877,0.10376,0.59747,'Neutro'),(835,302,239,'TP de OC em Go',0.14360,0.03881,0.81759,'Neutro'),(836,302,239,'\"Depois que você sai da prova, você sabe fazer a prova\" - Bragança, Lucas',0.11572,0.06761,0.81667,'Neutro'),(837,166,239,'BOA PGT PEDRO, VULGO HAYLANDER ( não sei como escreve)',0.92171,0.01370,0.06459,'Positivo'),(838,166,239,'Quero comer de novo',0.17104,0.05940,0.76957,'Neutro'),(839,166,239,'Go, a nova linguagem',0.20349,0.05500,0.74151,'Neutro'),(840,166,239,'Linguagem topppp',0.48638,0.10821,0.40541,'Positivo'),(841,166,239,'E os comentários estão como?',0.36228,0.09436,0.54336,'Neutro'),(842,166,239,'Ou a palavra \"bolsa\"???',0.18143,0.07176,0.74681,'Neutro'),(843,166,239,'Boas pgt hj na mesa redonda',0.91460,0.02004,0.06536,'Positivo'),(844,166,239,'Ouvi a palavra \"bolsa\"?',0.10558,0.03567,0.85875,'Neutro'),(845,166,239,'Mestrado ou mercado??',0.26551,0.07876,0.65573,'Neutro'),(846,166,239,'Quero um trabalho bem de boa',0.90080,0.01655,0.08265,'Positivo'),(847,166,239,'Sla',0.29877,0.10376,0.59747,'Neutro'),(848,166,239,'Ganhando 10 mil tá bom',0.76877,0.03106,0.20017,'Positivo'),(849,166,239,'Falou muito',0.36228,0.09436,0.54336,'Neutro'),(850,166,239,'Mas falou bonito',0.42848,0.09533,0.47620,'Neutro'),(851,166,239,'Hahahaha',0.51987,0.09027,0.38986,'Positivo'),(852,166,239,'Qnts comentários terei hj??',0.29867,0.04541,0.65592,'Neutro'),(853,200,239,'Settapp ta bem em',0.51321,0.08119,0.40560,'Positivo'),(854,294,239,'Tem que planejar o futuro ne!',0.49663,0.09438,0.40899,'Positivo'),(855,294,239,'\"Tem mercado para os dois perfis...\" Amém',0.49663,0.09438,0.40899,'Positivo'),(856,200,239,'SettApp',0.41524,0.08652,0.49823,'Neutro'),(857,294,239,'Se for pro mercado a gente começa por baixo, mas fica muito tempo ou consegue subir rapidamente?',0.03970,0.02667,0.93364,'Neutro'),(858,294,239,'Que cara atarefado, fico pensando como ele conseguiu',0.28756,0.06301,0.64943,'Neutro'),(859,294,239,'Belas dicas',0.48638,0.10821,0.40541,'Positivo'),(860,294,239,'Dou-lhe uma, duas...hahaha',0.48638,0.10821,0.40541,'Positivo'),(861,166,239,'Já acabou o a mesa redonda??',0.13900,0.04696,0.81404,'Neutro'),(862,294,239,'Atualizar o LinkedIn...',0.24815,0.09814,0.65371,'Neutro'),(863,294,239,'A única resposta certa é o não',0.15561,0.39422,0.45017,'Neutro'),(864,294,239,'Ser confiante mas não arrogante. Gostei',0.75582,0.05745,0.18673,'Positivo'),(865,294,239,'Otimista sempre ; p',0.41923,0.10919,0.47158,'Neutro'),(866,294,239,'One of the hardest ,but not definitive, decision.',0.04278,0.03693,0.92029,'Neutro'),(867,269,239,'Mesa redonda com discussões muito interessantes',0.88538,0.04258,0.07204,'Positivo'),(868,165,239,'Acho que o botão de voltar não devia ter o \"Voltar\" escrito. E na tela principal, acho que o botão de menu deveria ficar do lada esquerdo, mas só questão de convenção. Mas, de toda forma, o aplicativo tá funcionando muito bem.',0.00073,0.99834,0.00093,'Negativo'),(869,161,239,'Maratona boa em !!',0.73907,0.01934,0.24158,'Positivo'),(870,125,239,'Essa provinha da maratona... Tava mais fácil do que ano passado.',0.75371,0.04180,0.20449,'Positivo'),(871,297,239,'Motinha, é possível dar uma nota para a atividade que ainda não ta aberta, eu consegui dar 5 estrelas pra todas as atividades',0.02782,0.03738,0.93480,'Neutro'),(872,166,239,'Eh que começe a secommmmmm',0.42451,0.08605,0.48944,'Neutro'),(873,166,239,'Vms laaa',0.25050,0.04246,0.70704,'Neutro'),(874,166,239,'Vms que vms',0.24409,0.01773,0.73818,'Neutro'),(875,166,239,'Quero ver mais palestras',0.55816,0.08307,0.35877,'Positivo'),(876,166,239,'Mais tretas',0.29877,0.10376,0.59747,'Neutro'),(877,166,239,'Mais comentários',0.33243,0.06927,0.59830,'Neutro'),(878,307,239,'As músicas estão top UHull!!!',0.87195,0.03013,0.09792,'Positivo'),(879,166,239,'Mais tudooook',0.41923,0.10919,0.47158,'Neutro'),(880,166,239,'Quero ver o pai quebrar',0.24815,0.09814,0.65371,'Neutro'),(881,166,239,'A internet tá caindo muito',0.38116,0.20031,0.41853,'Neutro'),(882,166,239,'Vms que vms',0.24409,0.01773,0.73818,'Neutro'),(883,166,239,'Quero opinar',0.36595,0.22240,0.41165,'Neutro'),(884,166,239,'Quero sentir o aroma do conhecimento',0.58934,0.11946,0.29120,'Positivo'),(885,166,239,'Bjsss genteeee',0.54206,0.09648,0.36146,'Positivo'),(886,166,239,'Já deu 13',0.29662,0.11732,0.58606,'Neutro'),(887,166,239,'Vmmss GALERAAAA',0.48638,0.10821,0.40541,'Positivo'),(888,166,239,'QUANTS COMENTSRIOS MARCOS MOTTA????',0.30332,0.04668,0.65000,'Neutro'),(889,166,239,'Ahahhahaha',0.41923,0.10919,0.47158,'Neutro'),(890,166,239,'Secom',0.52129,0.02263,0.45608,'Positivo'),(891,166,239,'Secom',0.52129,0.02263,0.45608,'Positivo'),(892,166,239,'Secom',0.52129,0.02263,0.45608,'Positivo'),(893,166,239,'Secom',0.52129,0.02263,0.45608,'Positivo'),(894,166,239,'Secom',0.52129,0.02263,0.45608,'Positivo'),(895,166,239,'Secom',0.52129,0.02263,0.45608,'Positivo'),(896,166,239,'Secom',0.52129,0.02263,0.45608,'Positivo'),(897,166,239,'Secom',0.52129,0.02263,0.45608,'Positivo'),(898,166,239,'Secm',0.25235,0.11685,0.63080,'Neutro'),(899,166,239,'Secm',0.25235,0.11685,0.63080,'Neutro'),(900,166,239,'Scom',0.29877,0.10376,0.59747,'Neutro'),(901,166,239,'Secom',0.52129,0.02263,0.45608,'Positivo'),(902,166,239,'Bjsss pessoalll',0.54206,0.09648,0.36146,'Positivo'),(903,166,239,'Opaaa',0.18703,0.06495,0.74802,'Neutro'),(904,166,239,'Hahahahahah',0.41923,0.10919,0.47158,'Neutro'),(905,166,239,'Pessoal tiltando ja',0.21259,0.09576,0.69165,'Neutro'),(906,166,239,'Secom gentee',0.45414,0.02245,0.52341,'Neutro'),(907,166,239,'Vmss galera',0.37598,0.02974,0.59428,'Neutro'),(908,166,239,'Música top',0.72254,0.05845,0.21900,'Positivo'),(909,166,239,'Melhor djjj',0.80780,0.05045,0.14175,'Positivo'),(910,166,239,'O Gustavo não olha pra mim',0.17217,0.05300,0.77483,'Neutro'),(911,166,239,'Que pena',0.21841,0.12642,0.65517,'Neutro'),(912,166,239,'Opaaaa',0.29877,0.10376,0.59747,'Neutro'),(913,166,239,'Vmss galera',0.37598,0.02974,0.59428,'Neutro'),(914,166,239,'Quero flodar isso aqui',0.25994,0.09027,0.64978,'Neutro'),(915,166,239,'Opaaa',0.18703,0.06495,0.74802,'Neutro'),(916,166,239,'Ato',0.29877,0.10376,0.59747,'Neutro'),(917,166,239,'Eu comecei por causa dos pontso',0.17276,0.07782,0.74942,'Neutro'),(918,200,239,'Essa playlist ta zika',0.68517,0.07407,0.24075,'Positivo'),(919,166,239,'Sinto mitando',0.54206,0.09648,0.36146,'Positivo'),(920,166,239,'Eu tô mitsndo',0.26619,0.14213,0.59168,'Neutro'),(921,166,239,'Hello',0.23005,0.07989,0.69006,'Neutro'),(922,200,239,'Settapp representando aqui',0.48377,0.08610,0.43012,'Positivo'),(923,166,239,'Vm flodar',0.18143,0.07176,0.74681,'Neutro'),(924,166,239,'Upo',0.29877,0.10376,0.59747,'Neutro'),(925,166,239,'Upppp',0.29877,0.10376,0.59747,'Neutro'),(926,166,239,'Opaaa',0.18703,0.06495,0.74802,'Neutro'),(927,166,239,'Hello',0.23005,0.07989,0.69006,'Neutro'),(928,166,239,'Viva galera',0.54354,0.05374,0.40272,'Positivo'),(929,166,239,'Vm que vamo',0.31123,0.07386,0.61492,'Neutro'),(930,166,239,'Tô c medo',0.17059,0.32385,0.50556,'Neutro'),(931,166,239,'Sobre a paralisação',0.29877,0.10376,0.59747,'Neutro'),(932,166,239,'Nuuuu',0.25994,0.09027,0.64978,'Neutro'),(933,166,239,'12 horas pra baixar',0.27098,0.17360,0.55542,'Neutro'),(934,166,239,'Um negócio aqui',0.36228,0.09436,0.54336,'Neutro'),(935,166,239,'Com a Net do campus',0.23291,0.15353,0.61356,'Neutro'),(936,166,239,'Muita coisa',0.36228,0.09436,0.54336,'Neutro'),(937,166,239,'Vmssss',0.29877,0.10376,0.59747,'Neutro'),(938,166,239,'Vmsss',0.18703,0.06495,0.74802,'Neutro'),(939,166,239,'Vmsss',0.18703,0.06495,0.74802,'Neutro'),(940,166,239,'Vmsss',0.18703,0.06495,0.74802,'Neutro'),(941,166,239,'Vmsss',0.18703,0.06495,0.74802,'Neutro'),(942,166,239,'Vmsss',0.18703,0.06495,0.74802,'Neutro'),(943,166,239,'Vmss',0.27716,0.05775,0.66510,'Neutro'),(944,166,239,'Vmss',0.27716,0.05775,0.66510,'Neutro'),(945,166,239,'Vmss',0.27716,0.05775,0.66510,'Neutro'),(946,166,239,'Vmss',0.27716,0.05775,0.66510,'Neutro'),(947,166,239,'Vmss',0.27716,0.05775,0.66510,'Neutro'),(948,166,239,'Vnsss',0.29877,0.10376,0.59747,'Neutro'),(949,166,239,'Vnss',0.29877,0.10376,0.59747,'Neutro'),(950,166,239,'Quero Secom',0.52129,0.02263,0.45608,'Positivo'),(951,166,239,'Queira Secom',0.39219,0.01454,0.59327,'Neutro'),(952,166,239,'Que comece a secom',0.59334,0.02200,0.38466,'Positivo'),(953,166,239,'Vms galera',0.40522,0.02290,0.57188,'Neutro'),(954,166,239,'Vms pessoal',0.30428,0.05158,0.64414,'Neutro'),(955,166,239,'Hellooooo',0.41923,0.10919,0.47158,'Neutro'),(956,166,239,'Como vcs estão galera',0.40833,0.05383,0.53784,'Neutro'),(957,166,239,'Simbora',0.41923,0.10919,0.47158,'Neutro'),(958,166,239,'Simboraaa',0.41923,0.10919,0.47158,'Neutro'),(959,166,239,'VB msss',0.24815,0.09814,0.65371,'Neutro'),(960,166,239,'Opaaa',0.18703,0.06495,0.74802,'Neutro'),(961,166,239,'Opaaa',0.18703,0.06495,0.74802,'Neutro'),(962,166,239,'Hello',0.23005,0.07989,0.69006,'Neutro'),(963,166,239,'Opass',0.29877,0.10376,0.59747,'Neutro'),(964,166,239,'Opsass',0.29877,0.10376,0.59747,'Neutro'),(965,166,239,'Olaa',0.29877,0.10376,0.59747,'Neutro'),(966,166,239,'Tudo bem com vc?',0.70619,0.07350,0.22031,'Positivo'),(967,166,239,'Qual seu nome',0.35424,0.10801,0.53775,'Neutro'),(968,166,239,'Vc está jóia??',0.47028,0.11160,0.41812,'Positivo'),(969,166,239,'Eu tô jóia',0.31198,0.13326,0.55476,'Neutro'),(970,166,239,'E sua mão?',0.41524,0.08652,0.49823,'Neutro'),(971,166,239,'Esta machucada até hj?',0.26551,0.07876,0.65573,'Neutro'),(972,166,239,'Está demorando a se curar',0.31397,0.22077,0.46526,'Neutro'),(973,166,239,'Já esperimentou ir no médico?',0.24815,0.09814,0.65371,'Neutro'),(974,166,239,'Vai que eh sério',0.24495,0.07750,0.67755,'Neutro'),(975,166,239,'Eh bom se preocupar',0.59917,0.03239,0.36844,'Positivo'),(976,166,239,'Vms ver se vai mandar isso tudo...',0.25050,0.04246,0.70704,'Neutro'),(977,166,239,'Mandou??',0.29877,0.10376,0.59747,'Neutro'),(978,158,239,'Aew Sambatech',0.48638,0.10821,0.40541,'Positivo'),(979,158,239,'Samba Vídeos > Youtube',0.65923,0.08018,0.26059,'Positivo'),(980,302,239,'Samba Vídeos>>>>> All',0.65923,0.08018,0.26059,'Positivo'),(981,166,239,'Começando bem a palestra',0.84057,0.06228,0.09716,'Positivo'),(982,166,239,'Doido de maiss',0.54206,0.09648,0.36146,'Positivo'),(983,166,239,'Tá bem bacana',0.90870,0.02828,0.06302,'Positivo'),(984,166,239,'Negócio é experiência do usuário',0.49663,0.09438,0.40899,'Positivo'),(985,158,239,'Qual a diferença entre o SambaTech e o Hotmart?',0.20322,0.09154,0.70524,'Neutro'),(986,200,239,'Muito bom a palestra',0.74855,0.02961,0.22185,'Positivo'),(987,163,239,'Nós vamos.vender nosso produtos na SETAPP. vamos SetApp!!!!',0.88134,0.00845,0.11021,'Positivo'),(988,307,239,'Engenharia de software é top!!! #VivaOScrum',0.83605,0.05264,0.11131,'Positivo'),(989,136,239,'Palestra 1 - bem cansativa',0.90475,0.02554,0.06972,'Positivo'),(990,307,239,'Uhull, supertop essa palestra.',0.88844,0.02010,0.09146,'Positivo'),(991,158,239,'Muito bom essa caneta de brinde da Avenue pode!',0.74012,0.02189,0.23799,'Positivo'),(992,163,239,'Rola a SETAPP fazer camiseta para o SELO?',0.25315,0.03955,0.70730,'Neutro'),(993,294,239,'Palestra 2. Interesting...!',0.75142,0.03980,0.20878,'Positivo'),(994,158,239,'Me contrata Avenue Code!',0.60748,0.09235,0.30017,'Positivo'),(995,295,239,'Bom saber que as disciplinas de engenharia de software estão bem de acordo com o q o mercado está pedindo no momento',0.97971,0.00962,0.01066,'Positivo'),(996,158,239,'Processos Ágeis vs Processos Prescritivos',0.07492,0.04378,0.88130,'Neutro'),(997,162,239,'Não estou conseguindo adicionar um minicurso a minha programação, oq eu faço?',0.43270,0.39483,0.17247,'Positivo'),(998,158,239,'O Salão Nobre não comporta mais a SECOM',0.19872,0.32220,0.47908,'Neutro'),(999,125,239,'Mano, que desânimo! Parece que tô assistindo aula de engenharia',0.15904,0.48165,0.35931,'Negativo'),(1000,125,239,'Pelo menos o palestrante é gato.',0.38747,0.10217,0.51037,'Neutro'),(1001,200,239,'Setapp confirma',0.46860,0.04835,0.48305,'Neutro'),(1002,305,239,'Hoje o dia foi show!!!! Coxinha TOP no lanche',0.76721,0.03095,0.20185,'Positivo'),(1003,136,239,'Nas próximas palestras tentar trazer pessoas do ramo de inteligência artificial',0.82073,0.05202,0.12725,'Positivo'),(1004,307,239,'Oo, não tem a avaliação do ambiente na hora dos minicursos. Pede pra SetApp dar um jeito nesse big aí.',0.33394,0.49930,0.16676,'Negativo'),(1005,315,239,'divertido',0.47432,0.09883,0.42684,'Positivo'),(1006,182,239,'Tá daóra, mas quero premiação',0.34759,0.10960,0.54281,'Neutro'),(1007,182,239,'Sugestão: poderia muito ter uma secom com palestras e mini cursos na área de projeto e desenvolvimento de jogos',0.91416,0.03599,0.04985,'Positivo'),(1008,200,239,'Playlist zika',0.59671,0.08496,0.31832,'Positivo'),(1009,158,239,'Falta o café no coffe break',0.32630,0.19598,0.47772,'Neutro'),(1010,158,239,'Brandão Hack',0.24815,0.09814,0.65371,'Neutro'),(1011,125,239,'Minicurso de pentest foi muito divertido!!!',0.83396,0.04830,0.11774,'Positivo'),(1012,305,239,'Hoje o dia está muito parecido com um sabado! Perfeito para ver palestras e fazer minicursos XD',0.94729,0.02210,0.03061,'Positivo'),(1013,307,239,'Uhull SetApp em peso no evento.',0.92728,0.01904,0.05368,'Positivo'),(1014,307,239,'O MyMobiConf foi com certeza o melhor app criado pelo Marcos.',0.84975,0.02629,0.12396,'Positivo'),(1015,307,239,'Só acho que as imagens dos botões estão um pouco achatados.',0.16372,0.05039,0.78589,'Neutro'),(1016,307,239,'Tô triste que a SetApp não mandou o café para o lanche.',0.19605,0.34730,0.45664,'Neutro'),(1017,307,239,'Poxa Brandão, cadê o café?',0.15295,0.23249,0.61456,'Neutro'),(1018,183,239,'Excelente evento e lanches!',0.60748,0.09235,0.30017,'Positivo'),(1019,130,239,'Eu só quero ganhar sorteio',0.30745,0.05472,0.63783,'Neutro'),(1020,130,239,'Já fiz meu aplicativo... Posso vender, ficar rico e ser feliz?',0.64887,0.09336,0.25778,'Positivo'),(1021,307,239,'Votem.no Tô perdido, soluções tecnológicas.',0.05077,0.05340,0.89583,'Neutro'),(1022,295,239,'Tô Perdido Soluções Tecnológicas...',0.06529,0.06029,0.87442,'Neutro'),(1023,310,239,'Muito interessante e participativo.',0.54206,0.09648,0.36146,'Positivo'),(1024,161,239,'Melhor coffe break  de TDS os anos !!!!!',0.91293,0.02527,0.06180,'Positivo'),(1025,161,239,'Minicurso muita informção',0.76471,0.05536,0.17993,'Positivo'),(1026,130,239,'Jurados, escolham minha equipe',0.17276,0.07782,0.74942,'Neutro'),(1027,307,239,'Eita gente, cadê o resto do povo.',0.07237,0.03383,0.89380,'Neutro'),(1028,307,239,'Vamos ver se algum time da SetApp ganhou essa Secom!!!',0.90292,0.00354,0.09354,'Positivo'),(1029,295,239,'Pra não perder o costume, todo ano o curso do salão nobre é o último a terminar....',0.05404,0.06376,0.88220,'Neutro'),(1030,158,239,'Quero brindes!',0.31324,0.04079,0.64597,'Neutro'),(1031,295,239,'Bora acabar',0.57031,0.11278,0.31691,'Positivo'),(1032,136,239,'Melhor Secom',0.87192,0.00908,0.11900,'Positivo'),(1033,130,239,'Bora sortear os brindes',0.54366,0.04592,0.41042,'Positivo'),(1034,163,239,'MARATONA COM QUALIDADE SETAPP!',0.68366,0.02259,0.29375,'Positivo'),(1035,295,239,'Melhor video',0.80780,0.05045,0.14175,'Positivo'),(1036,276,239,'.',0.35424,0.10801,0.53775,'Neutro'),(1038,325,238,'O evento está muito bom',0.83001,0.03581,0.13418,'Positivo'),(1039,199,238,'Não sou capaz de opinar',0.25271,0.46643,0.28086,'Negativo'),(1043,199,238,'Não sou capaz de opina',0.25719,0.36168,0.38112,'Neutro'),(1044,199,238,'Não sou capaz de opinar',0.25271,0.46643,0.28086,'Negativo'),(1045,199,238,'Horas\n',0.35424,0.10801,0.53775,'Neutro'),(1046,199,238,'Testando\n',NULL,NULL,NULL,NULL),(1047,199,238,'Agora vai',0.35424,0.10801,0.53775,'Neutro'),(1048,199,238,'Ou não',0.35424,0.10801,0.53775,'Neutro'),(1049,199,238,'Tentativa 5',0.17104,0.05940,0.76957,'Neutro'),(1050,199,238,'Tentativa 6',0.17104,0.05940,0.76957,'Neutro'),(1051,199,238,'Tentativa 7',0.17104,0.05940,0.76957,'Neutro'),(1052,199,238,'Tentativa 8',0.17104,0.05940,0.76957,'Neutro'),(1053,199,238,'Tentativa 9',0.17104,0.05940,0.76957,'Neutro'),(1054,199,238,'Tentativa 10',0.17415,0.05166,0.77419,'Neutro'),(1055,199,238,'Teste 11',NULL,NULL,NULL,NULL),(1056,321,238,'Não sou capaz de opinar',0.25271,0.46643,0.28086,'Negativo'),(1057,321,238,'Teste 1',NULL,NULL,NULL,NULL),(1058,321,238,'Teste 2',NULL,NULL,NULL,NULL),(1060,199,239,'Não sou capaz de opinar',0.25271,0.46643,0.28086,'Negativo'),(1061,199,239,'Mas sou capaz de testar',NULL,NULL,NULL,NULL),(1062,199,239,'Enviou?',0.25994,0.09027,0.64978,'Neutro'),(1063,199,239,'Atualizando...',0.25994,0.09027,0.64978,'Neutro'),(1064,199,239,'Atualizando...',0.25994,0.09027,0.64978,'Neutro'),(1065,199,238,'Teste 12',NULL,NULL,NULL,NULL),(1066,199,238,'Lorem ipsum dolor sit amet etc etc etc etc ansdkasjfdf fafbj,m f v q',0.00002,0.00002,0.99996,'Neutro'),(1067,199,238,'Lorem ipsum dolor sit amet Lorem ipsum dolor sit amet Lorem ipsum dolor sit amet Lorem ipsum dolor sit amet Lorem ipsum dolor sit amet Lorem ipsum dolor sit amet Lorem ipsum dolor sit amet',0.00000,0.00000,1.00000,'Neutro'),(1068,321,234,'É bolacha',0.25994,0.09027,0.64978,'Neutro'),(1069,199,234,'Gostei demais',0.64345,0.06704,0.28952,'Positivo'),(1070,199,234,'É bolacha!',0.25994,0.09027,0.64978,'Neutro'),(1071,199,238,'bla bla',0.21574,0.46456,0.31969,'Negativo'),(1072,199,238,'oopa',0.29877,0.10376,0.59747,'Neutro'),(1073,199,238,'testee',0.29877,0.10376,0.59747,'Neutro'),(1074,199,238,'ue',0.29877,0.10376,0.59747,'Neutro'),(1075,199,234,'tentando',0.29877,0.10376,0.59747,'Neutro'),(1076,199,234,'e la vamos nos',0.43506,0.07375,0.49119,'Neutro'),(1077,199,234,'ih nao deu',0.28546,0.15054,0.56400,'Neutro'),(1078,199,234,'gostei',0.64345,0.06704,0.28952,'Positivo'),(1079,199,234,'sem rede',0.29211,0.05072,0.65717,'Neutro'),(1080,199,238,'teste\n',NULL,NULL,NULL,NULL),(1081,199,234,'teste 2',NULL,NULL,NULL,NULL),(1082,199,234,'Lorem ipsum dolor sit amet consectetur adispicin elit ',0.00040,0.00026,0.99934,'Neutro'),(1083,199,234,'Nunc nec interdum libero. Vivamus non lacinia neque. Integer vitae leo mauris. Proim tempus dui et metus molestie',0.00453,0.01435,0.98112,'Neutro'),(1084,199,234,'teeeelaaaa',0.29877,0.10376,0.59747,'Neutro'),(1085,199,238,'bla bla',0.21574,0.46456,0.31969,'Negativo'),(1086,199,238,'mais mensagens',0.29877,0.10376,0.59747,'Neutro'),(1087,199,238,'asda',0.29877,0.10376,0.59747,'Neutro'),(1088,199,238,'aaaaa',0.29877,0.10376,0.59747,'Neutro'),(1089,199,234,'teste',NULL,NULL,NULL,NULL),(1090,199,234,'ttt\n\n\nt\ntt\n\na\ns\ns\n\ns\n\ns',0.35424,0.10801,0.53775,'Neutro'),(1091,199,234,'jajs\n\na\na\na',0.35424,0.10801,0.53775,'Neutro'),(1092,199,234,'amskkaskamakm\n\n\n\nh\n',0.35424,0.10801,0.53775,'Neutro'),(1093,199,234,'ajsnmssm',0.29877,0.10376,0.59747,'Neutro'),(1094,199,234,'bsbsns',0.29877,0.10376,0.59747,'Neutro'),(1095,199,234,'vzbz\n\n\nj',0.35424,0.10801,0.53775,'Neutro'),(1096,321,239,'blabsjaa',0.29877,0.10376,0.59747,'Neutro'),(1097,321,239,'ajsjsjdjshdjejaj',0.29877,0.10376,0.59747,'Neutro'),(1098,321,239,'ujuyg',0.29877,0.10376,0.59747,'Neutro'),(1099,321,234,'akdks',0.29877,0.10376,0.59747,'Neutro'),(1100,321,234,'jdjs\n\n\ns\ns\ns\ns\ns',0.35424,0.10801,0.53775,'Neutro'),(1101,321,234,'ahajsns\ns\ns\ns\ns\nss',0.35424,0.10801,0.53775,'Neutro'),(1102,321,234,'ajsnsns',0.29877,0.10376,0.59747,'Neutro'),(1103,321,234,'\n\n\n\n',NULL,NULL,NULL,NULL),(1104,321,234,'',NULL,NULL,NULL,NULL),(1105,321,234,'',NULL,NULL,NULL,NULL),(1106,199,239,'a',0.35424,0.10801,0.53775,'Neutro'),(1107,199,239,'k',0.35424,0.10801,0.53775,'Neutro'),(1108,199,239,'a',0.35424,0.10801,0.53775,'Neutro'),(1109,199,239,'a\n\nb',0.35424,0.10801,0.53775,'Neutro'),(1110,199,239,'a\n\n\n\n\n\n\n\n\n\n\n\nf',0.35424,0.10801,0.53775,'Neutro'),(1111,199,239,'a\n\n\n\nb',0.35424,0.10801,0.53775,'Neutro'),(1112,140,238,'Teste',NULL,NULL,NULL,NULL),(1113,140,239,'Etfd',0.29877,0.10376,0.59747,'Neutro'),(1114,140,239,'Teste',NULL,NULL,NULL,NULL),(1115,140,239,'Teste',NULL,NULL,NULL,NULL),(1116,338,242,'Aprendendo bastante com os problemas expostos nas palestras.',0.87960,0.04248,0.07793,'Positivo'),(1117,321,242,'A primeira palestra foi sensacional!',0.85807,0.02273,0.11921,'Positivo'),(1118,321,242,'Muito boa a experiência com desenvolvimento mobile trazida nas apresentações',0.81307,0.06580,0.12113,'Positivo'),(1119,321,242,'Poderiam mostrar mais frameworks na próxima edição...',0.61728,0.10020,0.28252,'Positivo');
/*!40000 ALTER TABLE `opiniao` ENABLE KEYS */;
UNLOCK TABLES;

--
-- Table structure for table `participante`
--

DROP TABLE IF EXISTS `participante`;
/*!40101 SET @saved_cs_client     = @@character_set_client */;
/*!40101 SET character_set_client = utf8 */;
CREATE TABLE `participante` (
  `ID` int(11) NOT NULL AUTO_INCREMENT,
  `Nome` char(50) NOT NULL,
  `senha` varchar(30) DEFAULT NULL,
  `FOTO_ID` tinyint(3) DEFAULT NULL,
  `INSTITUICAO` char(50) DEFAULT NULL,
  `EMAIL` char(50) NOT NULL,
  `ID_TIPO_INSCRICAO` int(11) DEFAULT NULL,
  `ID_EVENTO` int(11) DEFAULT NULL,
  PRIMARY KEY (`ID`),
  KEY `FOTO_ID` (`FOTO_ID`),
  KEY `ID_TIPO_INSCRICAO` (`ID_TIPO_INSCRICAO`),
  KEY `ID_EVENTO` (`ID_EVENTO`)
) ENGINE=InnoDB AUTO_INCREMENT=341 DEFAULT CHARSET=latin1;
/*!40101 SET character_set_client = @saved_cs_client */;

--
-- Dumping data for table `participante`
--

LOCK TABLES `participante` WRITE;
/*!40000 ALTER TABLE `participante` DISABLE KEYS */;
INSERT INTO `participante` VALUES (124,'Teste',NULL,NULL,NULL,'testequest@test.com',NULL,NULL),(125,'Wandella Maia',NULL,NULL,NULL,'wandellamaia@yahoo.com.br',NULL,239),(126,'Kristtopher',NULL,NULL,NULL,'kristtopher@gmail.com',NULL,NULL),(127,'Marcos Assis Silva','123456',NULL,NULL,'mva_020@hotmail.com',NULL,241),(128,'Marcos Vinicius',NULL,NULL,NULL,'marcosvlk15@gmail.com',NULL,NULL),(129,'Cíntia Costa','123456',NULL,NULL,'cintiasrsc@yahoo.com.br',NULL,NULL),(130,'Cintia Costa',NULL,NULL,NULL,'cintiacosta82@gmail.com',NULL,239),(131,'Gabriel Gonçalves','123456',NULL,NULL,'gabrielgoncalvesfreitas@hotmail.com',NULL,NULL),(132,'Edson Noboru Hamakami',NULL,NULL,NULL,'edson.hamakami@ufv.br',NULL,NULL),(133,'Douglas Pereira',NULL,NULL,NULL,'douglascruzpereira@gmail.com',NULL,NULL),(134,'Arth Mota','123456',NULL,NULL,'mvsmota@hotmail.com',NULL,NULL),(135,'Marcos Mota','123456',NULL,NULL,'mvsmota@live.com',NULL,238),(136,'Samuel Silva',NULL,NULL,NULL,'samus355@gmail.com',NULL,NULL),(137,'Juliana Rezende',NULL,NULL,NULL,'julianarsba@gmail.com',NULL,NULL),(138,'Lucas Soares Gomes',NULL,NULL,NULL,'lucas.s.gomes@ufv.br',NULL,NULL),(139,'Thiago Carvalho','123456',NULL,NULL,'thiago.augustocarvalho@gmail.com',NULL,NULL),(140,'Thais',NULL,NULL,NULL,'thaisrmb@gmail.com',NULL,239),(141,'Augusto César','123456',NULL,NULL,'augsto.c.s@gmail.com',NULL,NULL),(142,'Wandella Maia',NULL,NULL,NULL,'wandellamaiao@gmail.com.br',NULL,213),(143,'Maria',NULL,NULL,NULL,'wandellamaiao@gmail.com',NULL,NULL),(144,'marina',NULL,NULL,NULL,'marina@yahoo.com.br',NULL,NULL),(145,'Maria',NULL,NULL,NULL,'maria@yahoo.com.br',NULL,NULL),(146,'Maria',NULL,NULL,NULL,'maria@yahgoo.com.br',NULL,NULL),(147,'Cássio Bernardes','123456',NULL,NULL,'cassio_0566@hotmail.com',NULL,NULL),(148,'Pedro Arthur','123456',NULL,NULL,'pedroarls@outlook.com',NULL,239),(149,'Marcos Amaral',NULL,NULL,NULL,'marcos.1997.mcs@gmail.com',NULL,NULL),(150,'Luis Diniz','123456',NULL,NULL,'dinnizluis@gmail.com',NULL,NULL),(151,'Chaubert',NULL,NULL,NULL,'chaubertf@yahoo.com.br',NULL,NULL),(152,'Vitor Hugo','123456',NULL,NULL,'sup.vsox@hotmail.com',NULL,NULL),(153,'Josué Barbosa Ávalos',NULL,NULL,NULL,'josuebarbosa107@gmail.com',NULL,NULL),(154,'Leonardo Alves',NULL,NULL,NULL,'leonardo.j.santos@ufv.br',NULL,NULL),(155,'Vinícius Kodama Reis',NULL,NULL,NULL,'viniciuskodamareis@gmail.com',NULL,NULL),(156,'Vinícius Kodama Reis',NULL,NULL,NULL,'viniciuskodamareis@gmail.com',NULL,NULL),(157,'Valdiney',NULL,NULL,NULL,'melhordebao@gmail.com',NULL,NULL),(158,'Thomas Chang','123456',NULL,NULL,'thomas.sonobe@gmail.com',NULL,NULL),(159,'José Nunes','123456',NULL,NULL,'josejnra@hotmail.com',NULL,NULL),(160,'Luan Henrique Silva Alves',NULL,NULL,NULL,'Luan.h.alves@ufv.br',NULL,239),(161,'Lucas Takeshi Moreira Chang',NULL,NULL,NULL,'lucas.chang@hotmail.com',NULL,239),(162,'Matheus Da Silva Alves','123456',NULL,NULL,'bu.matheus@hotmail.com',NULL,NULL),(163,'Gabriel Silva Oliveira',NULL,NULL,NULL,'gabriel.oliveira2@ufv.br',NULL,NULL),(164,'Yuri Maia','123456',NULL,NULL,'yurimaiasfernandes@gmail.com',NULL,NULL),(165,'Caio Fernandes','123456',NULL,NULL,'caiovr13@live.com',NULL,NULL),(166,'Gustavo Luz','123456',NULL,NULL,'henriqueglfs@hotmail.com',NULL,NULL),(167,'Pedro Henrique Delasalle Silva Ribeiro',NULL,NULL,NULL,'pedrodelasalle12@gmail.com',NULL,NULL),(168,'Vinícius Ribeiro','123456',NULL,NULL,'viniciustadeu39@gmail.com',NULL,NULL),(169,'Aislan Almeida','123456',NULL,NULL,'aislan.rodrigo@gmail.com',NULL,NULL),(170,'Gustavo Viegas',NULL,NULL,NULL,'webviegas@gmail.com',NULL,NULL),(171,'Paulo Brandao','123456',NULL,NULL,'brandao.pro@gmail.com',NULL,NULL),(172,'Vinicius Teixeira','123456',NULL,NULL,'viniteixeirap@hotmail.com',NULL,NULL),(173,'Geovani Aguilar Paixão',NULL,NULL,NULL,'geovani.aguilar10@gmail.com',NULL,NULL),(174,'Victor Guerra Veloso',NULL,NULL,NULL,'victorgvbh@gmail.com',NULL,NULL),(175,'ghalmeida18@gmail.com',NULL,NULL,NULL,'',NULL,223),(176,'Adriano Marques Martins',NULL,NULL,NULL,'adriano_mqsmts@outlook.com.br',NULL,NULL),(177,'Thiago',NULL,NULL,NULL,'Tiporamatipo@gmail.com',NULL,NULL),(178,'Pedro Macedo','123456',NULL,NULL,'pedrohmrl@hotmail.com',NULL,NULL),(179,'Athena Fernandes Sarantôpoulos',NULL,NULL,NULL,'athena.fernandes@ufv.br',NULL,NULL),(180,'Maria Dalila Vieira',NULL,NULL,NULL,'mdadavivi@gmail.com',NULL,NULL),(181,'Mario S.',NULL,NULL,NULL,'marionbxcz@gmail.com',NULL,239),(182,'Thiago',NULL,NULL,NULL,'thiago.pura@hotmail.com',NULL,NULL),(183,'RUAN EVANGELISTA FORMIGONI',NULL,NULL,NULL,'formigoni@outlook.com',NULL,NULL),(184,'Lucas Henrique','123456',NULL,NULL,'lucashenrique358@hotmail.com',NULL,NULL),(185,'Daniel Freitas Martins',NULL,NULL,NULL,'mdanielfm@yahoo.com.br',NULL,NULL),(186,'Taís Batista',NULL,NULL,NULL,'taisbsantos1@gmail.com',NULL,NULL),(187,'Angelo Bernar Tessaro Morelo','123456',NULL,NULL,'ambert.l@gmail.com',NULL,NULL),(188,'Gláucia',NULL,NULL,NULL,'bragaesilva@gmail.com',NULL,NULL),(189,'Israel Schutzmann',NULL,NULL,NULL,'israel.ribeiro2009@yahoo.com.ar',NULL,NULL),(190,'André Elias','123456',NULL,NULL,'dedekpo08@hotmail.com',NULL,NULL),(191,'Wagner Soares','123456',NULL,NULL,'wagnersoares79@hotmail.com',NULL,NULL),(192,'Paulo Mota','123456',NULL,NULL,'motapaulo@live.com',NULL,NULL),(193,'Neto José','123456',NULL,NULL,'www.neto.sephiroth@hotmail.com',NULL,NULL),(194,'Luis Viana','123456',NULL,NULL,'luisviana-power2013@hotmail.com',NULL,NULL),(195,'Jhoranne',NULL,NULL,NULL,'jhoranneg@gmail.com',NULL,NULL),(196,'Jhoranne',NULL,NULL,NULL,'jhoranneg@gmail.com',NULL,NULL),(197,'Pedro Mariano','123456',NULL,NULL,'p.mariano95@yahoo.com.br',NULL,NULL),(198,'Leonardo Henrique',NULL,NULL,NULL,'sellionrb@outlook.com',NULL,NULL),(199,'Henrique Santana',NULL,NULL,NULL,'henriquessantana314@gmail.com',NULL,234),(200,'Arthur Souza','123456',NULL,NULL,'arthurei10@hotmail.com',NULL,NULL),(201,'Luiz Eugênio',NULL,NULL,NULL,'luceueugenio@hotmail.com',NULL,NULL),(202,'Joao',NULL,NULL,NULL,'joaoarthurvale@gmail.com',NULL,239),(203,'Davi',NULL,NULL,NULL,'davimirandacosta@gmail.com',NULL,NULL),(204,'wandella maia',NULL,NULL,NULL,'wandellamaia@yahoo.om.br',NULL,213),(205,'Carlos',NULL,NULL,NULL,'crcost@gmail.com',NULL,NULL),(206,'Fabricio',NULL,NULL,NULL,'fabricio.asilva@ufv.br',NULL,NULL),(207,'Douglas Rodrigues',NULL,NULL,NULL,'dougsrodrigues@outlook.com',NULL,NULL),(208,'testabanco',NULL,NULL,NULL,'testabanco@teste.com.br',NULL,NULL),(209,'testando',NULL,NULL,NULL,'teste@yahoo.com.br',NULL,223),(210,'Nesped',NULL,NULL,NULL,'nesped.ufv@gmail.com',NULL,223),(211,'maria',NULL,NULL,NULL,'mariaelisabeth@gmail.com',NULL,223),(212,'Eu',NULL,NULL,NULL,'eu@eu.com',NULL,231),(213,'Caio Augusto',NULL,NULL,NULL,'caioshing1@hotmail.com',NULL,NULL),(214,'Danniel Henrique','123456',NULL,NULL,'danniel.hcvieira@gmail.com',NULL,NULL),(215,'MÃ¡rcia Sabrina','123456',NULL,NULL,'marcia.sabrina1@hotmail.com',NULL,NULL),(216,'Fulano Silva',NULL,NULL,NULL,'ful@ano.com',NULL,NULL),(217,'Ciclano Souza',NULL,NULL,NULL,'cicl@ano.com',NULL,NULL),(218,'Beltrano Santos',NULL,NULL,NULL,'beltr@ano.com',NULL,NULL),(221,'Tester',NULL,NULL,NULL,'teste@pp.com',NULL,NULL),(222,'Shait Junior','123456',NULL,NULL,'shait.junior@outlook.com',NULL,NULL),(223,'Matheus Moreira Diniz','123456',NULL,NULL,'matheus.diniz20@hotmail.com',NULL,NULL),(224,'Jhonnata Roger','123456',NULL,NULL,'jhonnata.roger@hotmail.com',NULL,NULL),(225,'cleber',NULL,NULL,NULL,'cleberneves@gmail.com',NULL,NULL),(226,'teteca',NULL,NULL,NULL,'teteca@gmail.com',NULL,239),(227,'teste',NULL,NULL,NULL,'testeall@gmail.com',NULL,NULL),(230,'Barbara Souza',NULL,NULL,NULL,'babiholiveira2907@gmail.com',NULL,NULL),(234,'Neto Jose',NULL,NULL,NULL,'zenetoshl@gmail.com',NULL,NULL),(235,'Luiz Carlos',NULL,NULL,NULL,'lcfs2202@gmail.com',NULL,NULL),(236,'Ianne Flaviano',NULL,NULL,NULL,'Iannecarolina.jfs@gmail.com',NULL,NULL),(237,'Elida Antunes',NULL,NULL,NULL,'elidaemantunes@gmail.com',NULL,NULL),(238,'Gabriel Santana',NULL,NULL,NULL,'gabrielssantana@hotmail.com',NULL,NULL),(239,'João Vitor',NULL,NULL,NULL,'joaovitoralvares@hotmail.com',NULL,NULL),(241,'Nathan Parreiras Diniz',NULL,NULL,NULL,'nathanp.diniz@gmail.com',NULL,NULL),(242,'Wandéla',NULL,NULL,NULL,'wandelamaia@yahoo.com.br',NULL,NULL),(243,'Ana Luisa',NULL,NULL,NULL,'ana.luisa.sousa.araujo@gmail.com',NULL,NULL),(244,'Felipe',NULL,NULL,NULL,'felipe.penido@yahoo.com.br',NULL,NULL),(245,'Gustavo Braga',NULL,NULL,NULL,'gubragarabelo@gmail.com',NULL,NULL),(246,'Otavio',NULL,NULL,NULL,'otavio_santosg@hotmail.com',NULL,NULL),(247,'Gabriel Fernandes',NULL,NULL,NULL,'gfernandes694@gmail.com',NULL,237),(248,'Ryan Victor','123456',NULL,NULL,'ryanvictor6@gmail.com',NULL,NULL),(249,'Patrick Hernandez','123456',NULL,NULL,'patrickejoao@yahoo.com',NULL,NULL),(250,'Luana Palhares',NULL,NULL,NULL,'luanaribeiropalhares@gmail.com',NULL,NULL),(251,'Daniel Santos','123456',NULL,NULL,'extremeline100@hotmail.com',NULL,NULL),(252,'Laura Vasconcelos',NULL,NULL,NULL,'laura.pessoa@ufv.br',NULL,NULL),(253,'Rayany',NULL,NULL,NULL,'rayanykarolynydasilva@gmail.com',NULL,NULL),(254,'Layon Martins',NULL,NULL,NULL,'layonmartins2016@gmail.com',NULL,NULL),(255,'Lara',NULL,NULL,NULL,'larasantanna8@gmail.com',NULL,NULL),(256,'Milene Aguiar','123456',NULL,NULL,'miih-yaya@hotmail.com',NULL,NULL),(257,'Renan Parreiras Diniz',NULL,NULL,NULL,'renanparreirasdiniz@gmail.com',NULL,NULL),(258,'Luizin top',NULL,NULL,NULL,'luizottavio49@gmail.com',NULL,NULL),(259,'Leandro de Lima Barros Bernardes',NULL,NULL,NULL,'leandro.l.bernardes@gmail.com',NULL,NULL),(260,'Gabriel Heleno','123456',NULL,NULL,'cabecaoplayer@gmail.com',NULL,237),(261,'Marco Túlio Duarte',NULL,NULL,NULL,'duartem763@gmail.com',NULL,NULL),(262,'Luiz Filipe','123456',NULL,NULL,'luizmope@gmail.com',NULL,NULL),(263,'Igor',NULL,NULL,NULL,'igorotoni2011@gmail.com',NULL,NULL),(264,'Vinicius Henrique','123456',NULL,NULL,'vini44212@gmail.com',NULL,NULL),(265,'Marcus Mendes','123456',NULL,NULL,'marcus_hsm@yahoo.com.br',NULL,NULL),(266,'Ronan',NULL,NULL,NULL,'ronanmdutra@gmail.com',NULL,NULL),(267,'Rafaela Nere','123456',NULL,NULL,'rafaelaluizaan@gmail.com',NULL,NULL),(268,'Lucas Khaled Brugger',NULL,NULL,NULL,'khaledbrugger3@gmail.com',NULL,NULL),(269,'Vinícius Gabriel',NULL,NULL,NULL,'viniig1709@gmail.com',NULL,238),(270,'Ruhan',NULL,NULL,NULL,'ruhanbribeiro@gmail.com',NULL,NULL),(271,'Isabella Ramos','123456',NULL,NULL,'bellahmenezes@gmail.com',NULL,NULL),(272,'Camila',NULL,NULL,NULL,'camilasantanna4@gmail.com',NULL,NULL),(273,'Isabella Rezende Magalhães',NULL,NULL,NULL,'isabella.magalhaes13@gmail.com',NULL,NULL),(274,'Estela',NULL,NULL,NULL,'telalinda.2011@gmail.com',NULL,239),(275,'Hillison',NULL,NULL,NULL,'hillisoncleik@gmail.com',NULL,NULL),(276,'Vinicius Rangel','123456',NULL,NULL,'vinicius.l.rangel@gmail.com',NULL,NULL),(277,'RaissaPapini',NULL,NULL,NULL,'raissapapini04@gmail.com',NULL,241),(278,'João Marcos',NULL,NULL,NULL,'raitocan@gmail.com',NULL,239),(279,'Usuario',NULL,NULL,NULL,'usuario@usuario.com',NULL,NULL),(280,'Victor hugo',NULL,NULL,NULL,'victor.h.santos@ufv.br',NULL,NULL),(281,'Josué Campos','123456',NULL,NULL,'josuenunes19@hotmail.com.br',NULL,NULL),(282,'Pablo Ferreira','123456',NULL,NULL,'pabloferreirajc@gmail.com',NULL,NULL),(283,'Yuri Dimitre',NULL,NULL,NULL,'yuri.d.d.faria@gmail.com',NULL,NULL),(284,'Guilherme Aguiar',NULL,NULL,NULL,'guilherme.aguiar@ufv.br',NULL,NULL),(285,'Alberto Elias Do Amaral Júnior',NULL,NULL,NULL,'albertoelias.amaral@gmail.com',NULL,NULL),(286,'Guilherme Corrêa Souza',NULL,NULL,NULL,'guilhermecorreasouza@gmail.com',NULL,NULL),(287,'Marcos Tulio',NULL,NULL,NULL,'marcos.t@ufv.br',NULL,NULL),(288,'Filipe Fonseca','123456',NULL,NULL,'filipe.fl4@hotmail.com',NULL,NULL),(289,'Arthur De Bellis','123456',NULL,NULL,'arthur.bellis@hotmail.com',NULL,NULL),(290,'David Petterson Oliveira','123456',NULL,NULL,'davidpetterson2000@gmail.com',NULL,NULL),(291,'Mário Sérgio Araujo Cabral',NULL,NULL,NULL,'mariobnxcz@gmail.com',NULL,239),(292,'Arthur Marciano','123456',NULL,NULL,'arthur.marciano@hotmail.com',NULL,NULL),(293,'Vinícius Azevedo','123456',NULL,NULL,'victorvinicius1404@hotmail.com',NULL,NULL),(294,'Ruane',NULL,NULL,NULL,'ruane.lobato@ufv.br',NULL,NULL),(295,'Samuel Jhonata',NULL,NULL,NULL,'samueljhonatast@hotmail.com',NULL,239),(296,'Ricardo',NULL,NULL,NULL,'ricardo.spinola9@gmail.com',NULL,NULL),(297,'Chaubert da Silva Ferreira',NULL,NULL,NULL,'chaubertf@gmail.com',NULL,NULL),(298,'Gláucia Braga Silva','123456',NULL,NULL,'gbragaesilva@hotmail.com',NULL,NULL),(299,'Ricardo',NULL,NULL,NULL,'ricardo.spinola@ufv.br',NULL,239),(300,'Taianne Valerie','123456',NULL,NULL,'taianne10@hotmail.com',NULL,NULL),(301,'Naiara',NULL,NULL,NULL,'naiaracristiane88@gmail.com',NULL,239),(302,'Lucas Soares','123456',NULL,NULL,'lucasoaresgomes@hotmail.com',NULL,NULL),(303,'Lucas Ranieri',NULL,NULL,NULL,'Lucas.ranieri@ufv.br',NULL,NULL),(304,'saulo',NULL,NULL,NULL,'saulo.miranda19@gmail.com',NULL,NULL),(305,'Lucas Duarte',NULL,NULL,NULL,'lucas.f.duarte@ufv.br',NULL,NULL),(306,'Vinícius Simim Ribeiro',NULL,NULL,NULL,'viniciussimim@gmail.com',NULL,NULL),(307,'Lucas Carvalho de Oliveira',NULL,NULL,NULL,'lcdo2395@gmail.com',NULL,NULL),(308,'Josué Barbosa','123456',NULL,NULL,'josue-barbosa10@hotmail.com',NULL,NULL),(309,'Pablo Miranda Batista',NULL,NULL,NULL,'pablolico.19@gmail.com',NULL,239),(310,'Samuel Pedro Campos Sena',NULL,NULL,NULL,'samuel.sena@ufv.br',NULL,NULL),(311,'Jonathan Lopes Justino de Souza',NULL,NULL,NULL,'jonathanljs0@gmail.com',NULL,NULL),(312,'João Leal',NULL,NULL,NULL,'joaoherlane21@gmail.com',NULL,NULL),(313,'Cássio Bernardes','123456',NULL,NULL,'cassiohsb@outlook.com',NULL,NULL),(314,'Adriano',NULL,NULL,NULL,'adrianobitts@gmail.com',NULL,NULL),(315,'Vinícius Júlio','123456',NULL,NULL,'viniciohaner@rocketmail.com',NULL,NULL),(316,'Maria Theresa',NULL,NULL,NULL,'mariatheresahenriques@gmail.com',NULL,NULL),(317,'Yuri',NULL,NULL,NULL,'yurifariag@gmail.com',NULL,NULL),(318,'Paulo Henrique Pimentel','123456',NULL,NULL,'paulohenrique.pimentel@gmail.com',NULL,NULL),(319,'Arthur Sales','123456',NULL,NULL,'arthur.sales12@hotmail.com',NULL,NULL),(320,'Italo Josep',NULL,NULL,NULL,'italojosep@gmail.com',NULL,NULL),(321,'Henrique Santana','123456',NULL,NULL,'henrigames2011@hotmail.com',NULL,NULL),(322,'Leonel Fonseca Ivo','123456',NULL,NULL,'leonelfivo@taskmail.com.br',NULL,NULL),(323,'Simões Viana','123456',NULL,NULL,'carviaveiculos.marina@hotmail.com',NULL,NULL),(324,'Nirley',NULL,NULL,NULL,'nirleydutra@uol.com.br',NULL,238),(325,'Wanderson Souza','123456',NULL,NULL,'wandefs@yahoo.com.br',NULL,NULL),(326,'',NULL,NULL,NULL,'leonardojunio25@hotmail.con',NULL,NULL),(327,'Heverton Souza','123456',NULL,NULL,'heverton_1313@hotmail.com',NULL,NULL),(328,'José Wesley',NULL,NULL,NULL,'jwesley@outlook.com.br',NULL,NULL),(329,'Márcia Rodrigues','123456',NULL,NULL,'marciagatinha78@live.com',NULL,NULL),(330,'Luciana',NULL,NULL,NULL,'lunovaserrana@hotmail.com',NULL,NULL),(331,'Adriana',NULL,NULL,NULL,'adrianaabittencourt@hotmail.com',NULL,NULL),(332,'Lucas Carvalho','123456',NULL,NULL,'lucas.to@live.com',NULL,NULL),(333,'Pedro Oliveira',NULL,NULL,NULL,'pholiveira1998@hotmail.com',NULL,NULL),(334,'Thais Suelen','123456',NULL,NULL,'taizona17@hotmail.com',NULL,NULL),(335,'Thais Suelen',NULL,NULL,NULL,'thaismarques407@gmail.com',NULL,NULL),(336,'Adriele',NULL,NULL,NULL,'adrieledutra48@gmail.com',NULL,NULL),(337,'Henrique Santana',NULL,NULL,NULL,'henriquessantana@gmail.com',NULL,NULL),(338,'John Smith',NULL,NULL,NULL,'henriquessantana314@hotmail.com',NULL,NULL),(339,'Caio Augusto Moreira Campos',NULL,NULL,NULL,'caioamcampos@gmail.com',NULL,NULL),(340,'Ianne Flaviano','123456',NULL,NULL,'iannecarolina.jfs@hotmail.com',NULL,NULL);
/*!40000 ALTER TABLE `participante` ENABLE KEYS */;
UNLOCK TABLES;

--
-- Table structure for table `patrocinador`
--

DROP TABLE IF EXISTS `patrocinador`;
/*!40101 SET @saved_cs_client     = @@character_set_client */;
/*!40101 SET character_set_client = utf8 */;
CREATE TABLE `patrocinador` (
  `ID` int(11) NOT NULL AUTO_INCREMENT,
  `Nome` varchar(500) NOT NULL,
  `url` varchar(500) NOT NULL,
  `urlImagem` varchar(500) NOT NULL,
  `prioridade` int(11) NOT NULL,
  `ID_EVENTO` int(11) NOT NULL,
  PRIMARY KEY (`ID`),
  KEY `ID_EVENTO` (`ID_EVENTO`)
) ENGINE=InnoDB AUTO_INCREMENT=41 DEFAULT CHARSET=utf8;
/*!40101 SET character_set_client = @saved_cs_client */;

--
-- Dumping data for table `patrocinador`
--

LOCK TABLES `patrocinador` WRITE;
/*!40000 ALTER TABLE `patrocinador` DISABLE KEYS */;
INSERT INTO `patrocinador` VALUES (1,'LSoft','http://www.lsoft.com.br','http://eventos.caf.ufv.br/semanadacomputacao2016/wp-content/uploads/Lsoft.png',4,213),(2,'Funarbe','http://www.funarbe.org.br','http://www.comotrabalhar.org/wp-content/uploads/2016/04/trabalhe-conosco-funarbe.jpg',5,213),(3,'Centev/UFV','http://www.centev.ufv.br/','http://eventos.caf.ufv.br/semanadacomputacao2016/wp-content/uploads/centev.png',1,213),(4,'Nvidia','http://www.nvidia.com.br','http://eventos.caf.ufv.br/semanadacomputacao2016/wp-content/uploads/nvidia.png',6,213),(5,'Intel','http://www.intel.com','http://www.enterprisetech.com/wp-content/uploads/2015/01/logo_intel.jpg',5,213),(6,'AGL Informatica','https://www.facebook.com/AGL-Informatica-1484959465141435','http://eventos.caf.ufv.br/semanadacomputacao2016/wp-content/uploads/LogoAGL.png',1,213),(7,'InfoTec','','http://eventos.caf.ufv.br/semanadacomputacao2016/wp-content/uploads/Logo.jpg',1,213),(8,'Master Midia','https://www.facebook.com/mastermidia/','http://eventos.caf.ufv.br/semanadacomputacao2016/wp-content/uploads/Logo-Master-Midia-Curvas.png',1,213),(9,'Leo\'s Hotel','https://www.facebook.com/Leos-Hotel-117061088402295','http://eventos.caf.ufv.br/semanadacomputacao2016/wp-content/uploads/logo-leos-hotel-preta1.png',0,213),(10,'Damasco Supermercados','https://www.facebook.com/supermercadosdamasco','http://eventos.caf.ufv.br/semanadacomputacao2016/wp-content/uploads/logo-atual-smart.jpg',0,213),(11,'Donizete Taxi','','http://eventos.caf.ufv.br/semanadacomputacao2016/wp-content/uploads/2.jpg',1,213),(12,'Departamento de Informatica UFV','http://www.dpi.ufv.br','http://eventos.caf.ufv.br/semanadacomputacao2016/wp-content/uploads/%C3%ADndice.png',1,213),(13,'Florestal Restaurante','','http://eventos.caf.ufv.br/semanadacomputacao2016/wp-content/uploads/Florestal.png',1,213),(14,'Pizza Minas','https://www.facebook.com/PIZZA-MINAS-Florestal-984638008322993','http://eventos.caf.ufv.br/semanadacomputacao2016/wp-content/uploads/pizza_minas.png',1,213),(15,'DiPanas Bar','https://www.facebook.com/dipanasbar','https://fbcdn-sphotos-d-a.akamaihd.net/hphotos-ak-xpa1/v/t1.0-9/188980_618661544817725_257696698_n.jpg?oh=a082cca490fc7e18a16850e9eb3d3e31&oe=57DB2664&__gda__=1470838408_1bf85ec7718b24b2351984c24c560692',4,213),(16,'Up Celulares','https://www.facebook.com/upcelularesmg','https://scontent-gru2-1.xx.fbcdn.net/v/t1.0-9/fr/cp0/e15/q65/923123_419505028194885_1624443228_n.jpg?efg=eyJpIjoidCJ9&oh=f01b75eff6b6c6935b5745832a1f80d9&oe=57AE4E83',2,213),(17,'Funarbe','https://www.funarbe.org.br/','http://eventos.caf.ufv.br/secomjr/wp-content/uploads/637x325.jpg',1,237),(20,'FERTILIZA','https://www.adubosfertiliza.com.br/','https://static.wixstatic.com/media/fecf5f_ebc25a0c02d544e1b086ab9bccf6ebfd~mv2.png/v1/fill/w_250,h_80,al_c,usm_0.66_1.00_0.01/fecf5f_ebc25a0c02d544e1b086ab9bccf6ebfd~mv2.png',0,238),(21,'i9XP','https://www.i9xp.com.br/','http://eventos.caf.ufv.br/semanadacomputacao2018/wp-content/uploads/I9xp-Logo.png',1000,239),(22,'LSoft','www.lsoft.com.br','http://eventos.caf.ufv.br/semanadacomputacao2018/wp-content/uploads/2017-Anuncio-LSoft.png',900,239),(23,'Funarbe - Fundação Arthur Bernardes','www.funarbe.com.br','http://eventos.caf.ufv.br/semanadacomputacao2018/wp-content/uploads/Logotipo-Funarbe.png',900,239),(24,'Beto Turismo','','http://eventos.caf.ufv.br/semanadacomputacao2018/wp-content/uploads/BETO-TURISMO-PRONTO.png',500,239),(25,'Clubinho Disco Show','','http://eventos.caf.ufv.br/semanadacomputacao2017/wp-content/uploads/logo-clubinho.png',500,239),(26,'Loja Arnaldo','','http://eventos.caf.ufv.br/semanadacomputacao2018/wp-content/uploads/LOGO-LOJA-ARNALDO-CORELX7.jpg',500,239),(27,'Red and Blue - Inglês para todos','','http://eventos.caf.ufv.br/semanadacomputacao2018/wp-content/uploads/RedEBlue.jpeg',500,239),(28,'Auto Escola Florestal','','http://eventos.caf.ufv.br/semanadacomputacao2018/wp-content/uploads/logo-auto-escola.jpeg',500,239),(29,'Pará Cópias','','http://eventos.caf.ufv.br/semanadacomputacao2018/wp-content/uploads/logo-para-copias.jpg',500,239),(30,'EletroZema','','http://eventos.caf.ufv.br/semanadacomputacao2018/wp-content/uploads/Zema1.png',100,239),(31,'Pantanal Rações e Moda Country','http://www.pantanalmodacountry.com/contact.html','http://www.semanadoprodutor.caf.ufv.br/wp-content/uploads/WhatsApp-Image-2018-05-16-at-14.46.25-1024x512.jpeg',1,238),(32,'Foco Solução & Engenharia','https://foco-solucao-e-engenharia.business.site/','http://www.semanadoprodutor.caf.ufv.br/wp-content/uploads/LOGO-2.jpg',2,238),(33,'Aymoré','http://www.aymore.com.br/','https://http2.mlstatic.com/biscoito-salpet-aymore-pacote-200-g-D_NQ_NP_824371-MLB25854244603_082017-O.jpg',0,234),(34,'Casa do Biscoito','http://www.casadobiscoito.com.br/','https://pbs.twimg.com/profile_images/1163291033/fachada_loja_andr_-1.jpg',3,234),(35,'OKE Software','https://oke.pl/','https://2018.mobiconf.org/wp-content/uploads/2018/07/logo_oke_software-1.jpg',0,242),(36,'Ibis','https://www.accorhotels.com/pl/hotel-7161-ibis-krakow-stare-miasto/index.shtml#origin=ibis','https://2018.mobiconf.org/wp-content/uploads/2018/04/Ibis-Hotels-Krakow-Mobiconf-300x251.png',2,242),(37,'No Fluff Jobs','https://nofluffjobs.com/','https://2018.mobiconf.org/wp-content/uploads/2018/07/No-Fluff-Jobs-mobiconf-mobile-experts.png',1,242),(38,'JetBrains','https://www.jetbrains.com/','https://2018.mobiconf.org/wp-content/uploads/2018/05/Mobiconf-Jet-Brains-Mobile-conference-android-iOS-300x250.png',3,242),(39,'Netfarm','http://www.netfarm.it/','https://2018.mobiconf.org/wp-content/uploads/2018/06/Mobiconf-Netfarm-mobile-conference-iOS-Android-300x61.png',3,242),(40,'TP-Link','https://www.tp-link.com/pl/','https://2018.mobiconf.org/wp-content/uploads/2018/07/TP-link-mobiconf-mobile-conference-300x162.jpg',3,242);
/*!40000 ALTER TABLE `patrocinador` ENABLE KEYS */;
UNLOCK TABLES;

--
-- Table structure for table `pergunta`
--

DROP TABLE IF EXISTS `pergunta`;
/*!40101 SET @saved_cs_client     = @@character_set_client */;
/*!40101 SET character_set_client = utf8 */;
CREATE TABLE `pergunta` (
  `ID` int(11) NOT NULL AUTO_INCREMENT,
  `pergunta` varchar(350) NOT NULL,
  `ID_QUESTIONARIO` int(11) NOT NULL,
  PRIMARY KEY (`ID`),
  KEY `ID_QUESTIONARIO` (`ID_QUESTIONARIO`)
) ENGINE=InnoDB AUTO_INCREMENT=520 DEFAULT CHARSET=latin1;
/*!40101 SET character_set_client = @saved_cs_client */;

--
-- Dumping data for table `pergunta`
--

LOCK TABLES `pergunta` WRITE;
/*!40000 ALTER TABLE `pergunta` DISABLE KEYS */;
INSERT INTO `pergunta` VALUES (7,'O que você achou da palestra?',4),(8,'Você recomendaria a palestra para um amigo?',4),(9,'Em relação a duração da palestra, você achou:',4),(10,'Em relação ao palestrante, você considera que foi:',4),(13,'O que você achou, em geral, da V SECOM?',5),(14,'O que você achou do lanche oferecido?',5),(17,'De qual palestra você mais gostou?',5),(18,'De qual minicurso você mais gostou?',5),(19,'O que você achou do valor investido para participar do evento?',5),(20,'Para os próximos anos, qual área você gostaria de ver uma palestra?',5),(21,'O que você achou da palestra?',8),(22,'Você recomendaria a palestra para um amigo?',8),(23,'Em relação a duração da palestra, você achou:',8),(24,'Em relação ao palestrante, você considera que foi:',8),(25,'O que você achou da palestra?',9),(26,'Você recomendaria a palestra para um amigo?',9),(27,'Em relação a duração da palestra, você achou:',9),(28,'Em relação ao palestrante, você considera que foi:',9),(29,'O que você achou do minicurso?',10),(30,'Você recomendaria o minicurso para um amigo?',10),(31,'Em relação a duração do minicurso, você achou:	',10),(32,'Em relação ao minicursista, você considera que foi:',10),(33,'O que você achou do minicurso?',11),(34,'Você recomendaria o minicurso para um amigo?',11),(35,'Em relação a duração do minicurso, você achou:	',11),(36,'Em relação ao minicursista, você considera que foi:',11),(37,'O que você achou do minicurso?',12),(38,'Você recomendaria o minicurso para um amigo?',12),(39,'Em relação a duração do minicurso, você achou:	',12),(40,'Em relação ao minicursista, você considera que foi:',12),(41,'O que você achou da mesa redonda?',6),(42,'Você a recomendaria a um amigo?',6),(43,'Em relação a duração da mesa redonda, você achou:',6),(44,'O que você achou do WIT - Women in Information Technology?',14),(45,'O que você achou do COMPUTEC – Seminário de Computação e Mercado?',15),(46,'O que você achou do WEI – Workshop sobre Educação em Computação?',16),(47,'O que você achou do CTD – Concurso de Teses e Dissertações?',17),(48,'O que você achou do CTIC – Concurso de Trabalhos de Iniciação Científica',18),(54,'O que você achou do SECOMU – Seminário de Computação na Universidade?',19),(55,'O que você achou do SEMISH – Seminário Integrado de Software e Hardware?',20),(56,'O que você achou do Cloudscape Brazil?',21),(58,'O que você achou do WCN – Workshop on Cloud Networks?',22),(59,'O que você achou do ENComIF?',23),(60,'O que você achou do DesafiE!?',24),(61,'O que você achou do BraSNAM?',25),(62,'O que você achou do WCAMA?',27),(63,'O que você achou do SBCUP – Simpósio Brasileiro de Computação Ubíqua e Pervasiva?',28),(64,'O que você achou do BreSci?',29),(65,'O que você achou do SBSC – Simpósio Brasileiro de Sistemas Colaborativos?',32),(66,'O que você achou do Wperformance?',33),(67,'O que você achou do WIM – Workshop de Informática Médica?',34),(68,'O que você achou do Jantar de Confraternização?',13),(69,'Divulgação do Evento',36),(70,'Programação do Evento',36),(71,'Organização do Evento',36),(72,'Tema(s) abordado(s)',36),(73,'Conhecimento do(s) ministrante(s) em relação ao(s) tema(s) da(s) atividade(s)',36),(74,'Adequação das intalações a realização do evento',36),(75,'Você indicaria a outras pessoas a participação neste evento?',36),(82,'O que você achou da palestra?',39),(83,'Você recomendaria a palestra para um amigo?',39),(84,'Em relação ao palestrante, o que você achou?',39),(85,'O que você achou da palestra?',40),(86,'Você recomendaria a palestra para um amigo?',40),(87,'Em relação ao palestrante, o que você achou?',40),(88,'O que você achou da palestra?',41),(89,'Você recomendaria a palestra para um amigo?',41),(90,'Em relação ao palestrante, o que você achou?',41),(91,'Qual é a sua opinião geral sobre o aplicativo?',42),(92,'Em uma escala de 1 a 5 indique o seu grau de dificuldade na utilização do aplicativo em questão? Sendo 5 o mais difícil.',42),(93,'Qual sua opinião sobre a facilidade de aprendizagem de uso do aplicativo?',42),(94,'Qual sua opinião em relação ao aplicativo considerando a rapidez do acesso as informações?',42),(95,'Com relação a clareza e objetividade, como você classifica o aplicativo?',42),(96,'De forma geral, como você avalia sua satisfação ao utilizar o aplicativo?',42),(97,'Quão necessário você classifica o aplicativo?',42),(98,'Na prática você usaria o aplicativo em um evento?',42),(99,'O que você achou da palestra?',43),(100,'Você recomendaria a palestra para um amigo?',43),(101,'Em relação a duração da palestra, você achou:',43),(102,'Em relação ao palestrante, você considera que foi:',43),(103,'O que você achou da palestra?',45),(104,'Você recomendaria a palestra para um amigo?',45),(105,'Em relação a duração da palestra, você achou:',45),(106,'Em relação ao palestrante, você considera que foi:',45),(107,'O que você achou da palestra?',46),(108,'Você recomendaria a palestra para um amigo?',46),(109,'Em relação a duração da palestra, você achou:',46),(110,'Em relação ao palestrante, você considera que foi:',46),(111,'O que você achou da mesa redonda?',44),(112,'Você recomendaria a mesa redonda para um amigo?',44),(113,'Em relação a duração da mesa redonda, você achou:',44),(114,'Em relação ao palestrante, você considera que foi:',44),(115,'O que você achou do minicurso?',47),(116,'Você recomendaria o minicurso para um amigo?',47),(117,'Em relação a duração do minicurso, você achou:',47),(118,'Em relação ao minicursista, você considera que foi:',47),(119,'O que você achou do minicurso?',48),(120,'Você recomendaria o minicurso para um amigo?',48),(121,'Em relação a duração do minicurso, você achou:',48),(122,'Em relação ao minicursista, você considera que foi:',48),(123,'O que você achou do minicurso?',49),(124,'Você recomendaria o minicurso para um amigo?',49),(125,'Em relação a duração do minicurso, você achou:',49),(126,'Em relação ao minicursista, você considera que foi:',49),(127,'O que você achou, em geral, da VI SECOM?',50),(128,'O que você achou do lanche oferecido?',50),(129,'De qual palestra você mais gostou?',50),(130,'De qual minicurso você mais gostou?',50),(131,'O que você achou do valor investido para participar do evento?',50),(132,'Para os próximos anos, qual área você gostaria de ver uma palestra?',50),(133,'Qual é a sua opinião geral sobre o aplicativo?',51),(134,'Em uma escala de 1 a 5 indique o seu grau de dificuldade na utilização do aplicativo em questão? Sendo 5 o mais difícil.',51),(135,'Qual sua opinião sobre a facilidade de aprendizagem de uso do aplicativo?',51),(136,'Qual sua opinião em relação ao aplicativo considerando a rapidez do acesso as informações?',51),(137,'Com relação a clareza e objetividade, como você classifica o aplicativo?',51),(138,'De forma geral, como você classificaria o aplicativo?',51),(139,'Qu?o necess?rio voc? classifica o aplicativo?',51),(140,'Na prática você usaria o aplicativo em um evento?',51),(141,'O que você achou da palestra?',52),(142,'Você recomendaria a palestra para um amigo?',52),(143,'Em relação ao palestrante, o que você achou?',52),(146,'Alguma Dúvida',55),(150,'Você conseguiu experimentar sabores variados?',57),(151,'Como você classifica a qualidade geral dos biscoitos e/ou bolachas oferecidos?',57),(152,'Você sentiu que houve uma maioria em relação a algum tipo, de forma que a outra parte ficou escassa?',57),(157,'Você sofreu ou presenciou algum tipo de preconceito por opiniões divergentes dentro do evento?',60),(158,'Você recomendaria uma edição futura do evento para seus amigos, colegas de trabalho, familia, etc?',60),(160,'Como soube do aplicativo MyMobiConf?',62),(161,'Como foi sua experiência ao baixar e instalar o MyMobiConf?',62),(162,'Qual foi sua primeira impressão ao tentar utilizar o aplicativo?',62),(163,'Você tem utilizado o aplicativo durante o evento com frequência?',62),(164,'Qual funcionalidade você mais tem utilizado?',62),(165,'Você passou por algum tipo de problema ao usar o aplicativo?',62),(166,'Na prática, você considera que esse aplicativou ajudou, de alguma forma, a melhorar sua experiência durante o evento?',62),(317,'O que você achou da palestra?',99),(318,'Você recomendaria a palestra para um amigo?',99),(319,'Em relação a duração da palestra, você achou:',99),(320,'Em relação ao palestrante, você considera que foi:',99),(321,'O que você achou da palestra?',100),(322,'Você recomendaria a palestra para um amigo?',100),(323,'Em relação a duração da palestra, você achou:',100),(324,'Em relação ao palestrante, você considera que foi:',100),(325,'O que você achou da palestra?',101),(326,'Você recomendaria a palestra para um amigo?',101),(327,'Em relação a duração da palestra, você achou:',101),(328,'Em relação ao palestrante, você considera que foi:',101),(329,'O que você achou da palestra?',102),(330,'Você recomendaria a palestra para um amigo?',102),(331,'Em relação a duração da palestra, você achou:',102),(332,'Em relação ao palestrante, você considera que foi:',102),(333,'O que você achou do minicurso? ',103),(334,'Você recomendaria o minicurso para um amigo? ',103),(335,'Em relação a duração do minicurso, você achou: ',103),(336,'Em relação ao minicursista, você considera que foi: ',103),(337,'O que você achou do minicurso? ',104),(338,'Você recomendaria o minicurso para um amigo? ',104),(339,'Em relação a duração do minicurso, você achou: ',104),(340,'Em relação ao minicursista, você considera que foi: ',104),(341,'O que você achou do minicurso? ',105),(342,'Você recomendaria o minicurso para um amigo? ',105),(343,'Em relação a duração do minicurso, você achou: ',105),(344,'Em relação ao minicursista, você considera que foi: ',105),(345,'O que você achou, em geral, da VII SECOM?',106),(346,'O que você achou do lanche oferecido? ',106),(347,'De qual palestra você mais gostou?',106),(348,'O que você achou do valor investido para participar do evento?',106),(349,'Para os próximos anos, qual área você gostaria de ver uma palestra?',106),(350,'Como soube do aplicativo MyMobiConf?',107),(351,'Como foi sua experiência ao baixar e instalar o MyMobiConf?',107),(352,'Qual foi sua primeira impressão ao tentar utilizar o aplicativo?',107),(353,'Você tem utilizado o aplicativo durante o evento com frequência?',107),(354,'Qual funcionalidade você mais tem utilizado?',107),(355,'Você passou por algum tipo de problema ao usar o aplicativo?',107),(356,'Na prática, você considera que esse aplicativou ajudou, de alguma forma, a melhorar sua experiência durante o evento?',107),(357,'O MATERIAL DISPONIBILIZADO PARA A AULA PRÁTICA DO CURSO FOI ADEQUADO?',108),(358,'O CURSO ATENDEU SUAS EXPECTATIVAS? ',108),(359,'VOCÊ SE JULGA CAPACITADO PARA REPRODUZIR OS ENSINAMENTOS VISTOS NO CURSO?',108),(360,'VOCÊ RECOMENDARIA A ALGUÉM FAZER UM CURSO COMO ESTE?',108),(361,'O MATERIAL DISPONIBILIZADO PARA A AULA PRÁTICA DO CURSO FOI ADEQUADA?  ',109),(362,' O CURSO ATENDEU SUAS EXPECTATIVAS? ',109),(363,'VOCÊ SE JULGA CAPACITADO PARA REPRODUZIR OS ENSINAMENTOS VISTOS NO CURSO?',109),(364,'VOCÊ RECOMENDARIA A ALGUÉM FAZER UM CURSO COMO ESTE?',109),(365,'QUAL SUA OPINIÃO SOBRE O DIA DE CAMPO? ',110),(366,'QUAL SUA OPINIÃO SOBRE O DIA DE CAMPO? ',111),(367,'O QUE VOCÊ ACHO DO CONTEÚDO DO MINI CURSO E DA ABORDAGEM?',112),(372,'O QUE VOCÊ ACHO DO CONTEÚDO DO MINI CURSO E DA ABORDAGEM?',114),(373,'O QUE VOCÊ ACHO DO CONTEÚDO DA PALESTRA E DA ABORDAGEM?',115),(374,'O QUE VOCÊ ACHO DO CONTEÚDO DO MINI CURSO E DA ABORDAGEM?',116),(375,'O QUE VOCÊ ACHO DO CONTEÚDO DO MINI CURSO E DA ABORDAGEM?',117),(376,'O QUE VOCÊ ACHO DO CONTEÚDO DO MINI CURSO E DA ABORDAGEM?',118),(377,'O QUE VOCÊ ACHO DO CONTEÚDO DO MINI CURSO E DA ABORDAGEM?',119),(378,'O QUE VOCÊ ACHO DO CONTEÚDO DO MINI CURSO E DA ABORDAGEM?',120),(379,'O QUE VOCÊ ACHO DO CONTEÚDO DO MINI CURSO E DA ABORDAGEM?',121),(380,'O MATERIAL DISPONIBILIZADO PARA A AULA PRÁTICA DO CURSO FOI ADEQUADA?  ',122),(381,' O CURSO ATENDEU SUAS EXPECTATIVAS? ',122),(382,'VOCÊ SE JULGA CAPACITADO PARA REPRODUZIR OS ENSINAMENTOS VISTOS NO CURSO?',122),(383,'VOCÊ RECOMENDARIA A ALGUÉM FAZER UM CURSO COMO ESTE?',122),(384,'O MATERIAL DISPONIBILIZADO PARA A AULA PRÁTICA DO CURSO FOI ADEQUADA?  ',123),(385,' O CURSO ATENDEU SUAS EXPECTATIVAS? ',123),(386,'VOCÊ SE JULGA CAPACITADO PARA REPRODUZIR OS ENSINAMENTOS VISTOS NO CURSO?',123),(387,'VOCÊ RECOMENDARIA A ALGUÉM FAZER UM CURSO COMO ESTE?',123),(388,'O MATERIAL DISPONIBILIZADO PARA A AULA PRÁTICA DO CURSO FOI ADEQUADA?  ',124),(389,'O CURSO ATENDEU SUAS EXPECTATIVAS? ',124),(390,'VOCÊ SE JULGA CAPACITADO PARA REPRODUZIR OS ENSINAMENTOS VISTOS NO CURSO?',124),(391,'VOCÊ RECOMENDARIA A ALGUÉM FAZER UM CURSO COMO ESTE?',124),(392,'O MATERIAL DISPONIBILIZADO PARA A AULA PRÁTICA DO CURSO FOI ADEQUADA?  ',125),(393,'COMO VOCÊ AVALIA O TRABALHO DO INSTRUTOR?',125),(394,'O CURSO ATENDEU SUAS EXPECTATIVAS?',125),(395,'VOCÊ SE JULGA CAPACITADO PARA REPRODUZIR OS ENSINAMENTOS VISTOS NO CURSO?',125),(396,'VOCÊ RECOMENDARIA A ALGUÉM FAZER UM CURSO COMO ESTE?',125),(397,'O MATERIAL DISPONIBILIZADO PARA A AULA PRÁTICA DO CURSO FOI ADEQUADA?  ',126),(398,'O CURSO ATENDEU SUAS EXPECTATIVAS?',126),(399,'VOCÊ SE JULGA CAPACITADO PARA REPRODUZIR OS ENSINAMENTOS VISTOS NO CURSO?',126),(400,'COMO AVALIA O TRABALHO DO INSTRUTOR?',126),(401,'VOCÊ RECOMENDARIA A ALGUÉM FAZER UM CURSO COMO ESTE?',126),(402,'O MATERIAL DISPONIBILIZADO PARA A AULA PRÁTICA DO CURSO FOI ADEQUADA?  ',127),(403,'O CURSO ATENDEU SUAS EXPECTATIVAS?',127),(404,'VOCÊ SE JULGA CAPACITADO PARA REPRODUZIR OS ENSINAMENTOS VISTOS NO CURSO?',127),(405,'COMO VOCÊ AVALIA O TRABALHO DO INSTRUTOR?',127),(406,'VOCÊ RECOMENDARIA A ALGUÉM FAZER UM CURSO COMO ESTE?',127),(407,'O MATERIAL DISPONIBILIZADO PARA A AULA PRÁTICA DO CURSO FOI ADEQUADA?  ',128),(408,'O CURSO ATENDEU SUAS EXPECTATIVAS? ',128),(409,'VOCÊ SE JULGA CAPACITADO PARA REPRODUZIR OS ENSINAMENTOS VISTOS NO CURSO?',128),(410,'VOCÊ RECOMENDARIA A ALGUÉM FAZER UM CURSO COMO ESTE?',128),(411,'O MATERIAL DISPONIBILIZADO PARA A AULA PRÁTICA DO CURSO FOI ADEQUADA?  ',129),(412,'O CURSO ATENDEU SUAS EXPECTATIVAS?',129),(413,'VOCÊ SE JULGA CAPACITADO PARA REPRODUZIR OS ENSINAMENTOS VISTOS NO CURSO?',129),(414,'COMO VOCÊ AVALIA O TRABALHO DO INSTRUTOR?',129),(415,'VOCÊ RECOMENDARIA A ALGUÉM FAZER UM CURSO COMO ESTE?',129),(416,'O MATERIAL DISPONIBILIZADO PARA A AULA PRÁTICA DO CURSO FOI ADEQUADA?  ',130),(417,'O CURSO ATENDEU SUAS EXPECTATIVAS?',130),(418,'VOCÊ SE JULGA CAPACITADO PARA REPRODUZIR OS ENSINAMENTOS VISTOS NO CURSO?',130),(419,'COMO VOCÊ AVALIA O TRABALHO DO INSTRUTOR?',130),(420,'VOCÊ RECOMENDARIA A ALGUÉM FAZER UM CURSO COMO ESTE?',130),(421,'O MATERIAL DISPONIBILIZADO PARA A AULA PRÁTICA DO CURSO FOI ADEQUADA?  ',131),(422,'O CURSO ATENDEU SUAS EXPECTATIVAS?',131),(423,'VOCÊ SE JULGA CAPACITADO PARA REPRODUZIR OS ENSINAMENTOS VISTOS NO CURSO?',131),(424,'COMO VOCÊ AVALIA O TRABALHO DO INSTRUTOR?',131),(425,'VOCÊ RECOMENDARIA A ALGUÉM FAZER UM CURSO COMO ESTE?',131),(426,'O MATERIAL DISPONIBILIZADO PARA A AULA PRÁTICA DO CURSO FOI ADEQUADA?  ',132),(427,'O CURSO ATENDEU SUAS EXPECTATIVAS?',132),(428,'VOCÊ SE JULGA CAPACITADO PARA REPRODUZIR OS ENSINAMENTOS VISTOS NO CURSO?',132),(429,'COMO VOCÊ AVALIA O TRABALHO DO INSTRUTOR?',132),(430,'VOCÊ RECOMENDARIA A ALGUÉM FAZER UM CURSO COMO ESTE?',132),(435,'O MATERIAL DISPONIBILIZADO PARA A AULA PRÁTICA DO CURSO FOI ADEQUADA?  ',134),(436,'O CURSO ATENDEU SUAS EXPECTATIVAS?',134),(437,'VOCÊ SE JULGA CAPACITADO PARA REPRODUZIR OS ENSINAMENTOS VISTOS NO CURSO?',134),(438,'COMO VOCÊ AVALIA O TRABALHO DO INSTRUTOR?',134),(439,'VOCÊ RECOMENDARIA A ALGUÉM FAZER UM CURSO COMO ESTE?',134),(440,'O MATERIAL DISPONIBILIZADO PARA A AULA PRÁTICA DO CURSO FOI ADEQUADA?  ',135),(441,'O CURSO ATENDEU SUAS EXPECTATIVAS?',135),(442,'VOCÊ SE JULGA CAPACITADO PARA REPRODUZIR OS ENSINAMENTOS VISTOS NO CURSO?',135),(443,'COMO VOCÊ AVALIA O TRABALHO DO INSTRUTOR?',135),(444,'VOCÊ RECOMENDARIA A ALGUÉM FAZER UM CURSO COMO ESTE?',135),(445,'O MATERIAL DISPONIBILIZADO PARA A AULA PRÁTICA DO CURSO FOI ADEQUADA?  ',136),(446,' O CURSO ATENDEU SUAS EXPECTATIVAS? ',136),(447,'VOCÊ SE JULGA CAPACITADO PARA REPRODUZIR OS ENSINAMENTOS VISTOS NO CURSO?',136),(448,'VOCÊ RECOMENDARIA A ALGUÉM FAZER UM CURSO COMO ESTE?',136),(449,'O MATERIAL DISPONIBILIZADO PARA A AULA PRÁTICA DO CURSO FOI ADEQUADA?  ',137),(450,' O CURSO ATENDEU SUAS EXPECTATIVAS? ',137),(451,'VOCÊ SE JULGA CAPACITADO PARA REPRODUZIR OS ENSINAMENTOS VISTOS NO CURSO?',137),(452,'VOCÊ RECOMENDARIA A ALGUÉM FAZER UM CURSO COMO ESTE?',137),(453,'O MATERIAL DISPONIBILIZADO PARA A AULA PRÁTICA DO CURSO FOI ADEQUADA?  ',138),(454,'O CURSO ATENDEU SUAS EXPECTATIVAS?',138),(455,'VOCÊ SE JULGA CAPACITADO PARA REPRODUZIR OS ENSINAMENTOS VISTOS NO CURSO?',138),(456,'COMO VOCÊ AVALIA O TRABALHO DO INSTRUTOR?',138),(457,'VOCÊ RECOMENDARIA A ALGUÉM FAZER UM CURSO COMO ESTE?',138),(458,'O MATERIAL DISPONIBILIZADO PARA A AULA PRÁTICA DO CURSO FOI ADEQUADA?  ',139),(459,'O CURSO ATENDEU SUAS EXPECTATIVAS?',139),(460,'VOCÊ SE JULGA CAPACITADO PARA REPRODUZIR OS ENSINAMENTOS VISTOS NO CURSO?',139),(461,'COMO VOCÊ AVALIA O TRABALHO DO INSTRUTOR?',139),(462,'VOCÊ RECOMENDARIA A ALGUÉM FAZER UM CURSO COMO ESTE?',139),(463,'O MATERIAL DISPONIBILIZADO PARA A AULA PRÁTICA DO CURSO FOI ADEQUADO?',140),(464,'O CURSO ATENDEU SUAS EXPECTATIVAS?',140),(465,'VOCÊ SE JULGA CAPACITADO PARA REPRODUZIR OS ENSINAMENTOS VISTOS NO CURSO?',140),(466,'COMO VOCÊ AVALIA O TRABALHO DO INSTRUTOR?',140),(467,'VOCÊ RECOMENDARIA A ALGUÉM FAZER UM CURSO COMO ESTE?',140),(468,'O MATERIAL DISPONIBILIZADO PARA A AULA PRÁTICA DO CURSO FOI ADEQUADA?  ',141),(469,' O CURSO ATENDEU SUAS EXPECTATIVAS? ',141),(470,'VOCÊ SE JULGA CAPACITADO PARA REPRODUZIR OS ENSINAMENTOS VISTOS NO CURSO?',141),(471,'VOCÊ RECOMENDARIA A ALGUÉM FAZER UM CURSO COMO ESTE?',141),(472,'O MATERIAL DISPONIBILIZADO PARA A AULA PRÁTICA DO CURSO FOI ADEQUADA?  ',142),(473,' O CURSO ATENDEU SUAS EXPECTATIVAS? ',142),(474,'VOCÊ SE JULGA CAPACITADO PARA REPRODUZIR OS ENSINAMENTOS VISTOS NO CURSO?',142),(475,'VOCÊ RECOMENDARIA A ALGUÉM FAZER UM CURSO COMO ESTE?',142),(476,'O MATERIAL DISPONIBILIZADO PARA A AULA PRÁTICA DO CURSO FOI ADEQUADA?  ',143),(477,'O CURSO ATENDEU SUAS EXPECTATIVAS? ',143),(478,'VOCÊ SE JULGA CAPACITADO PARA REPRODUZIR OS ENSINAMENTOS VISTOS NO CURSO?',143),(479,'VOCÊ RECOMENDARIA A ALGUÉM FAZER UM CURSO COMO ESTE?',143),(480,'O MATERIAL DISPONIBILIZADO PARA A AULA PRÁTICA DO CURSO FOI ADEQUADA?  ',144),(481,'O CURSO ATENDEU SUAS EXPECTATIVAS? ',144),(482,'VOCÊ SE JULGA CAPACITADO PARA REPRODUZIR OS ENSINAMENTOS VISTOS NO CURSO?',144),(483,'VOCÊ RECOMENDARIA A ALGUÉM FAZER UM CURSO COMO ESTE?',144),(484,'O MATERIAL DISPONIBILIZADO PARA A AULA PRÁTICA DO CURSO FOI ADEQUADA?  ',145),(485,' O CURSO ATENDEU SUAS EXPECTATIVAS? ',145),(486,'VOCÊ SE JULGA CAPACITADO PARA REPRODUZIR OS ENSINAMENTOS VISTOS NO CURSO?',145),(487,'VOCÊ RECOMENDARIA A ALGUÉM FAZER UM CURSO COMO ESTE?',145),(488,'O MATERIAL DISPONIBILIZADO PARA A AULA PRÁTICA DO CURSO FOI ADEQUADA?',146),(489,'O CURSO ATENDEU SUAS EXPECTATIVAS?',146),(490,' VOCÊ SE JULGA CAPACITADO PARA REPRODUZIR OS ENSINAMENTOS VISTOS NO CURSO?',146),(491,'COMO VOCÊ AVALIA O TRABALHO DO INSTRUTOR?',146),(492,'VOCÊ RECOMENDARIA A ALGUÉM FAZER UM CURSO COMO ESTE?',146),(493,'O MATERIAL DISPONIBILIZADO PARA A AULA PRÁTICA DO CURSO FOI ADEQUADA?',147),(494,'O CURSO ATENDEU SUAS EXPECTATIVAS?',147),(495,'VOCÊ SE JULGA CAPACITADO PARA REPRODUZIR OS ENSINAMENTOS VISTOS NO CURSO?',147),(496,'COMO VOCÊ AVALIA O TRABALHO DO INSTRUTOR?',147),(497,'VOCÊ RECOMENDARIA A ALGUÉM FAZER UM CURSO COMO ESTE?',147),(498,'O MATERIAL DISPONIBILIZADO PARA A AULA PRÁTICA DO CURSO FOI ADEQUADA?',148),(499,'O CURSO ATENDEU SUAS EXPECTATIVAS?',148),(500,'VOCÊ SE JULGA CAPACITADO PARA REPRODUZIR OS ENSINAMENTOS VISTOS NO CURSO?',148),(501,'COMO VOCÊ AVALIA  O TRABALHO DO INSTRUTOR?',148),(502,'VOCÊ RECOMENDARIA A ALGUÉM FAZER UM CURSO COMO ESTE?',148),(503,'O MATERIAL DISPONIBILIZADO PARA A AULA PRÁTICA DO CURSO FOI ADEQUADA?',149),(504,'O CURSO ATENDEU SUAS EXPECTATIVAS?',149),(505,'VOCÊ SE JULGA CAPACITADO PARA REPRODUZIR OS ENSINAMENTOS VISTOS NO CURSO?',149),(506,'VOCÊ RECOMENDARIA A ALGUÉM FAZER UM CURSO COMO ESTE?',149),(507,'O MATERIAL DISPONIBILIZADO PARA A AULA PRÁTICA DO CURSO FOI ADEQUADA?  ',150),(508,' O CURSO ATENDEU SUAS EXPECTATIVAS? ',150),(509,'VOCÊ SE JULGA CAPACITADO PARA REPRODUZIR OS ENSINAMENTOS VISTOS NO CURSO?',150),(510,'VOCÊ RECOMENDARIA A ALGUÉM FAZER UM CURSO COMO ESTE?',150),(511,'Como você classificaria o atendimento da recepção?',151),(512,'Suas credenciais vieram corretas?',151),(513,'Numa escala de 1 a 10, que nota você daria para as informações dadas e contidas no crachá?',151),(514,'Você passou quanto do tempo do evento interessado em pelo menos uma das apresentações?',152),(515,'Você já conhecia o Flutter?',153),(516,'Você diria que aprendeu algo novo sobre Flutter?',153),(517,'Suas expectativas quanto a esta atividade foi cumprida?',154),(518,'Você recomendaria este mincurso a algum amigo da área?',154),(519,'Esta palestra ajudou a ilustrar as diversas funções da biblioteca padrão para essa linguagem?',155);
/*!40000 ALTER TABLE `pergunta` ENABLE KEYS */;
UNLOCK TABLES;

--
-- Table structure for table `questionario`
--

DROP TABLE IF EXISTS `questionario`;
/*!40101 SET @saved_cs_client     = @@character_set_client */;
/*!40101 SET character_set_client = utf8 */;
CREATE TABLE `questionario` (
  `ID` int(11) NOT NULL AUTO_INCREMENT,
  `ID_EVENTO` int(11) NOT NULL,
  `ID_ATIVIDADE` int(11) DEFAULT NULL,
  `nome` varchar(300) NOT NULL,
  `disponivel` int(11) NOT NULL DEFAULT '0',
  PRIMARY KEY (`ID`),
  KEY `ID_EVENTO` (`ID_EVENTO`),
  KEY `ID_ATIVIDADE` (`ID_ATIVIDADE`)
) ENGINE=InnoDB AUTO_INCREMENT=156 DEFAULT CHARSET=latin1;
/*!40101 SET character_set_client = @saved_cs_client */;

--
-- Dumping data for table `questionario`
--

LOCK TABLES `questionario` WRITE;
/*!40000 ALTER TABLE `questionario` DISABLE KEYS */;
INSERT INTO `questionario` VALUES (4,213,37,'Questionário de opinião',1),(5,213,NULL,'Questionario V SECOM',1),(6,213,38,'Questionário de opinião',1),(8,213,40,'Questionário de opinião',1),(9,213,41,'Questionário de opinião',1),(10,213,42,'Questionário de opinião',1),(11,213,43,'Questionário de opinião',1),(12,213,44,'Questionário de opinião',1),(13,218,NULL,'Questionário de opinião',1),(14,215,NULL,'WIT',1),(15,215,NULL,'COMPUTEC',1),(16,215,NULL,'WEI',1),(17,218,NULL,'CTD',1),(18,218,NULL,'CTIC',1),(19,218,NULL,'SECOMU',1),(20,218,NULL,'SEMISH',1),(21,215,NULL,'Cloudspace',1),(22,215,NULL,'WCN',1),(23,215,NULL,'ENCompIF',1),(24,218,NULL,'DesafIE!',1),(25,215,NULL,'BraSNAM',1),(26,215,NULL,'Failcon Brazil',1),(27,215,NULL,'WCAMA',1),(28,218,NULL,'SBCUP',1),(29,215,NULL,'BreSci',1),(32,218,NULL,'SBSC',1),(33,218,NULL,'WPerformance',1),(34,215,NULL,'WIM',1),(36,221,NULL,'Questionário INOVAR',1),(39,223,534,'Questionário Quarta Manhã',1),(40,223,535,'Questionário Quinta Manhã',1),(41,223,536,'Questionário Sexta Manhã',1),(42,223,527,'Questionário de Avaliação',1),(43,224,543,'Questionário de opinião',1),(44,224,544,'Questionário de opinião',1),(45,224,546,'Questionário de opinião',1),(46,224,547,'Questionário de opinião',1),(47,224,548,'Questionário de opinião',1),(48,224,550,'Questionário de opinião',1),(49,224,552,'Questionário de opinião',1),(50,224,NULL,'Questionario VI SECOM',1),(51,224,NULL,'Questionário de Avaliação do App',1),(52,223,538,'Questionário Segunda Manhã 2',1),(55,223,223,'Teste Thais',1),(57,234,569,'Sabores e Qualidade',1),(60,234,NULL,'Inclusão e Respeito',1),(62,237,NULL,'Questionário MyMobiConf',1),(99,239,606,'Questionário de Opinião',1),(100,239,607,'Questionário de Opinião',1),(101,239,608,'Questionário de Opinião',1),(102,239,610,'Questionário de Opinião',1),(103,239,611,'Questionário de Opinião',1),(104,239,612,'Questionário de Opinião',1),(105,239,613,'Questionário de Opinião',1),(106,239,NULL,'Questionário sobre a VII SECOM',1),(107,239,NULL,'Questionário MyMobiConf',1),(108,238,591,'AVALIAÇÃO- RESPONDA CORRESPONDENDO OS NÚMERO ONDE  5- EXCELENTE,  4 - MUITO BOM, 3-BOM, 2-REGULAR E 1-RUIM',1),(109,238,596,'AVALIAÇÃO- RESPONDA CORRESPONDENDO OS NÚMERO ONDE  5- EXCELENTE,  4 - MUITO BOM, 3-BOM, 2-REGULAR E 1-RUIM',1),(110,238,642,'AVALIAÇÃO- RESPONDA CORRESPONDENDO OS NÚMERO ONDE  5- EXCELENTE,  4 - MUITO BOM, 3-BOM, 2-REGULAR E 1-RUIM',1),(111,238,662,'AVALIAÇÃO- RESPONDA CORRESPONDENDO OS NÚMERO ONDE  5- EXCELENTE,  4 - MUITO BOM, 3-BOM, 2-REGULAR E 1-RUIM',1),(112,238,632,'AVALIAÇÃO- RESPONDA CORRESPONDENDO OS NÚMERO ONDE  5- EXCELENTE,  4 - MUITO BOM, 3-BOM, 2-REGULAR E 1-RUIM',1),(114,238,638,'AVALIAÇÃO- RESPONDA CORRESPONDENDO OS NÚMERO ONDE  5- EXCELENTE,  4 - MUITO BOM, 3-BOM, 2-REGULAR E 1-RUIM',1),(115,238,656,'AVALIAÇÃO- RESPONDA CORRESPONDENDO OS NÚMERO ONDE  5- EXCELENTE,  4 - MUITO BOM, 3-BOM, 2-REGULAR E 1-RUIM',1),(116,238,641,'AVALIAÇÃO- RESPONDA CORRESPONDENDO OS NÚMERO ONDE  5- EXCELENTE,  4 - MUITO BOM, 3-BOM, 2-REGULAR E 1-RUIM',1),(117,238,648,'AVALIAÇÃO- RESPONDA CORRESPONDENDO OS NÚMERO ONDE  5- EXCELENTE,  4 - MUITO BOM, 3-BOM, 2-REGULAR E 1-RUIM',1),(118,238,649,'AVALIAÇÃO- RESPONDA CORRESPONDENDO OS NÚMERO ONDE  5- EXCELENTE,  4 - MUITO BOM, 3-BOM, 2-REGULAR E 1-RUIM',1),(119,238,650,'AVALIAÇÃO- RESPONDA CORRESPONDENDO OS NÚMERO ONDE  5- EXCELENTE,  4 - MUITO BOM, 3-BOM, 2-REGULAR E 1-RUIM',1),(120,238,651,'AVALIAÇÃO- RESPONDA CORRESPONDENDO OS NÚMERO ONDE  5- EXCELENTE,  4 - MUITO BOM, 3-BOM, 2-REGULAR E 1-RUIM',1),(121,238,652,'AVALIAÇÃO- RESPONDA CORRESPONDENDO OS NÚMERO ONDE  5- EXCELENTE,  4 - MUITO BOM, 3-BOM, 2-REGULAR E 1-RUIM',1),(122,238,597,'AVALIAÇÃO- RESPONDA CORRESPONDENDO OS NÚMERO ONDE  5- EXCELENTE,  4 - MUITO BOM, 3-BOM, 2-REGULAR E 1-RUIM',1),(123,238,604,'AVALIAÇÃO- RESPONDA CORRESPONDENDO OS NÚMEROS ONDE  5- EXCELENTE,  4 - MUITO BOM, 3-BOM, 2-REGULAR E 1-RUIM',1),(124,238,594,'AVALIAÇÃO- RESPONDA CORRESPONDENDO OS NÚMEROS ONDE  5- EXCELENTE,  4 - MUITO BOM, 3-BOM, 2-REGULAR E 1-RUIM',1),(125,238,615,'AVALIAÇÃO- RESPONDA CORRESPONDENDO OS NÚMEROS ONDE  5- EXCELENTE,  4 - MUITO BOM, 3-BOM, 2-REGULAR E 1-RUIM',1),(126,238,616,'AVALIAÇÃO- RESPONDA CORRESPONDENDO OS NÚMEROS ONDE  5- EXCELENTE,  4 - MUITO BOM, 3-BOM, 2-REGULAR E 1-RUIM',1),(127,238,617,'AVALIAÇÃO- RESPONDA CORRESPONDENDO OS NÚMEROS ONDE  5- EXCELENTE,  4 - MUITO BOM, 3-BOM, 2-REGULAR E 1-RUIM',1),(128,238,593,'AVALIAÇÃO- RESPONDA CORRESPONDENDO OS NÚMEROS ONDE  5- EXCELENTE,  4 - MUITO BOM, 3-BOM, 2-REGULAR E 1-RUIM',1),(129,238,619,'AVALIAÇÃO- RESPONDA CORRESPONDENDO OS NÚMEROS ONDE  5- EXCELENTE,  4 - MUITO BOM, 3-BOM, 2-REGULAR E 1-RUIM',1),(130,238,620,'AVALIAÇÃO- RESPONDA CORRESPONDENDO OS NÚMEROS ONDE  5- EXCELENTE,  4 - MUITO BOM, 3-BOM, 2-REGULAR E 1-RUIM',1),(131,238,621,'AVALIAÇÃO- RESPONDA CORRESPONDENDO OS NÚMEROS ONDE  5- EXCELENTE,  4 - MUITO BOM, 3-BOM, 2-REGULAR E 1-RUIM',1),(132,238,623,'AVALIAÇÃO- RESPONDA CORRESPONDENDO OS NÚMEROS ONDE  5- EXCELENTE,  4 - MUITO BOM, 3-BOM, 2-REGULAR E 1-RUIM',1),(134,238,628,'AVALIAÇÃO- RESPONDA CORRESPONDENDO OS NÚMEROS ONDE  5- EXCELENTE,  4 - MUITO BOM, 3-BOM, 2-REGULAR E 1-RUIM',1),(135,238,630,'AVALIAÇÃO- RESPONDA CORRESPONDENDO OS NÚMEROS ONDE  5- EXCELENTE,  4 - MUITO BOM, 3-BOM, 2-REGULAR E 1-RUIM',1),(136,238,602,'AVALIAÇÃO- RESPONDA CORRESPONDENDO OS NÚMEROS ONDE  5- EXCELENTE,  4 - MUITO BOM, 3-BOM, 2-REGULAR E 1-RUIM',1),(137,238,598,'AVALIAÇÃO- RESPONDA CORRESPONDENDO OS NÚMEROS ONDE  5- EXCELENTE,  4 - MUITO BOM, 3-BOM, 2-REGULAR E 1-RUIM',1),(138,238,624,'AVALIAÇÃO- RESPONDA CORRESPONDENDO OS NÚMEROS ONDE  5- EXCELENTE,  4 - MUITO BOM, 3-BOM, 2-REGULAR E 1-RUIM',1),(139,238,618,'AVALIAÇÃO- RESPONDA CORRESPONDENDO OS NÚMEROS ONDE  5- EXCELENTE,  4 - MUITO BOM, 3-BOM, 2-REGULAR E 1-RUIM',1),(140,238,605,'AVALIAÇÃO- RESPONDA CORRESPONDENDO OS NÚMEROS ONDE  5- EXCELENTE,  4 - MUITO BOM, 3-BOM, 2-REGULAR E 1-RUIM',1),(141,238,600,'AVALIAÇÃO- RESPONDA CORRESPONDENDO OS NÚMEROS ONDE  5- EXCELENTE,  4 - MUITO BOM, 3-BOM, 2-REGULAR E 1-RUIM',1),(142,238,603,'AVALIAÇÃO- RESPONDA CORRESPONDENDO OS NÚMEROS ONDE  5- EXCELENTE,  4 - MUITO BOM, 3-BOM, 2-REGULAR E 1-RUIM',1),(143,238,592,'AVALIAÇÃO- RESPONDA CORRESPONDENDO OS NÚMEROS ONDE  5- EXCELENTE,  4 - MUITO BOM, 3-BOM, 2-REGULAR E 1-RUIM',1),(144,238,595,'AVALIAÇÃO- RESPONDA CORRESPONDENDO OS NÚMEROS ONDE  5- EXCELENTE,  4 - MUITO BOM, 3-BOM, 2-REGULAR E 1-RUIM',1),(145,238,599,'AVALIAÇÃO- RESPONDA CORRESPONDENDO OS NÚMEROS ONDE  5- EXCELENTE,  4 - MUITO BOM, 3-BOM, 2-REGULAR E 1-RUIM',1),(146,238,590,'AVALIAÇÃO- RESPONDA CORRESPONDENDO OS NÚMEROS ONDE  5- EXCELENTE,  4 - MUITO BOM, 3-BOM, 2-REGULAR E 1-RUIM',1),(147,238,589,'AVALIAÇÃO- RESPONDA CORRESPONDENDO OS NÚMEROS ONDE  5- EXCELENTE,  4 - MUITO BOM, 3-BOM, 2-REGULAR E 1-RUIM',1),(148,238,588,'AVALIAÇÃO- RESPONDA CORRESPONDENDO OS NÚMEROS ONDE  5- EXCELENTE,  4 - MUITO BOM, 3-BOM, 2-REGULAR E 1-RUIM',1),(149,238,587,'AVALIAÇÃO- RESPONDA CORRESPONDENDO OS NÚMEROS ONDE  5- EXCELENTE,  4 - MUITO BOM, 3-BOM, 2-REGULAR E 1-RUIM',1),(150,238,601,'AVALIAÇÃO- RESPONDA CORRESPONDENDO OS NÚMEROS ONDE  5- EXCELENTE,  4 - MUITO BOM, 3-BOM, 2-REGULAR E 1-RUIM',1),(151,234,567,'Feedback Recepção',1),(152,242,NULL,'Avaliação Geral',1),(153,242,664,'Feedback da Keynote Flutter',1),(154,242,665,'Feedback Multi-Threading',1),(155,242,666,'Feedback Biblioteca Padrão',1);
/*!40000 ALTER TABLE `questionario` ENABLE KEYS */;
UNLOCK TABLES;

--
-- Table structure for table `resposta`
--

DROP TABLE IF EXISTS `resposta`;
/*!40101 SET @saved_cs_client     = @@character_set_client */;
/*!40101 SET character_set_client = utf8 */;
CREATE TABLE `resposta` (
  `ID` int(11) NOT NULL AUTO_INCREMENT,
  `resposta` varchar(150) NOT NULL,
  `ID_PERGUNTA` int(11) NOT NULL,
  PRIMARY KEY (`ID`),
  KEY `ID_PERGUNTA` (`ID_PERGUNTA`)
) ENGINE=InnoDB AUTO_INCREMENT=2190 DEFAULT CHARSET=latin1;
/*!40101 SET character_set_client = @saved_cs_client */;

--
-- Dumping data for table `resposta`
--

LOCK TABLES `resposta` WRITE;
/*!40000 ALTER TABLE `resposta` DISABLE KEYS */;
INSERT INTO `resposta` VALUES (14,'Excelente',7),(15,'Muito bom',7),(16,'Bom',7),(17,'Regular',7),(18,'Péssimo',7),(19,'Sim',8),(20,'Não',8),(21,'Pouco tempo, poderia ter tido mais conte',9),(22,'O tempo foi suficiente para o conte',9),(23,'Muito tempo, ficou cansativo',9),(24,'Excelente',10),(25,'Muito bom',10),(26,'Bom',10),(27,'Regular',10),(28,'Péssimo',10),(29,'Excelente',13),(30,'Muito bom',13),(31,'Bom',13),(32,'Regular',13),(33,'Péssimo',13),(34,'Excelente',14),(35,'Muito bom',14),(36,'Bom',14),(37,'Regular',14),(38,'Péssimo',14),(39,'Cerim',17),(40,'Por que n',17),(41,'Marketing orientado a dados',17),(46,'Programa',18),(47,'Cria',18),(48,'Introdu',18),(49,'Excelente',21),(50,'Muito bom',21),(51,'Bom',21),(52,'Regular',21),(53,'Péssimo',21),(54,'Excelente',25),(55,'Muito bom',25),(56,'Bom',25),(57,'Regular',25),(58,'Péssimo',25),(59,'Excelente',29),(60,'Muito bom',29),(61,'Bom',29),(62,'Regular',29),(63,'Péssimo',29),(64,'Excelente',33),(65,'Muito bom',33),(66,'Bom',33),(67,'Regular',33),(68,'Péssimo',33),(69,'Excelente',37),(70,'Muito bom',37),(71,'Bom',37),(72,'Regular',37),(73,'Péssimo',37),(74,'Sim',22),(75,'Não',22),(76,'Sim',26),(77,'Não',26),(78,'Sim',30),(79,'Não',30),(80,'Sim',34),(81,'Não',34),(82,'Sim',38),(83,'Não',38),(84,'Pouco tempo, poderia ter tido mais conte',23),(85,'O tempo foi suficiente para o conte',23),(86,'Muito tempo, ficou cansativo',23),(87,'Pouco tempo, poderia ter tido mais conte',27),(88,'O tempo foi suficiente para o conte',27),(89,'Muito tempo, ficou cansativo',27),(90,'Pouco tempo, poderia ter tido mais conte',31),(91,'O tempo foi suficiente para o conte',31),(92,'Muito tempo, ficou cansativo',31),(93,'Pouco tempo, poderia ter tido mais conte',35),(94,'O tempo foi suficiente para o conte',35),(95,'Muito tempo, ficou cansativo',35),(96,'Pouco tempo, poderia ter tido mais conte',39),(97,'O tempo foi suficiente para o conte',39),(98,'Muito tempo, ficou cansativo',39),(99,'Excelente',24),(100,'Muito bom',24),(101,'Bom',24),(102,'Regular',24),(103,'Péssimo',24),(104,'Excelente',28),(105,'Muito bom',28),(106,'Bom',28),(107,'Regular',28),(108,'Péssimo',28),(109,'Excelente',32),(110,'Muito bom',32),(111,'Bom',32),(112,'Regular',32),(113,'Péssimo',32),(114,'Excelente',36),(115,'Muito bom',36),(116,'Bom',36),(117,'Regular',36),(118,'Péssimo',36),(119,'Excelente',40),(120,'Muito bom',40),(121,'Bom',40),(122,'Regular',40),(123,'Péssimo',40),(124,'Muito caro',19),(125,'Caro',19),(126,'Razo',19),(127,'Barato',19),(128,'Muito barato',19),(136,'Redes',20),(137,'Engenharia de Software',20),(138,'Intelig',20),(139,'Processamento de Imagens',20),(140,'Outro',20),(141,'Excelente',41),(142,'Muito bom',41),(143,'Bom',41),(144,'Regular',41),(145,'Péssimo',41),(146,'Sim',42),(147,'Não',42),(148,'Pouco tempo, poderia ter tido mais conte',43),(149,'O tempo foi suficiente para o conte',43),(150,'Muito tempo, ficou cansativo',43),(151,'Excelente',44),(152,'Muito bom',44),(153,'Bom',44),(154,'Regular',44),(155,'Péssimo',44),(156,'Excelente',45),(157,'Muito bom',45),(158,'Bom',45),(159,'Regular',45),(160,'Péssimo',45),(161,'Excelente',46),(162,'Muito bom',46),(163,'Bom',46),(164,'Regular',46),(165,'Péssimo',46),(166,'Excelente',47),(167,'Muito bom',47),(168,'Bom',47),(169,'Regular',47),(170,'Péssimo',47),(171,'Excelente',48),(172,'Muito bom',48),(173,'Bom',48),(174,'Regular',48),(175,'Péssimo',48),(201,'Excelente',54),(202,'Muito bom',54),(203,'Bom',54),(204,'Regular',54),(205,'Péssimo',54),(206,'Excelente',55),(207,'Muito bom',55),(208,'Bom',55),(209,'Regular',55),(210,'Péssimo',55),(211,'Excelente',56),(212,'Muito bom',56),(213,'Bom',56),(214,'Regular',56),(215,'Péssimo',56),(221,'Excelente',58),(222,'Muito bom',58),(223,'Bom',58),(224,'Regular',58),(225,'Péssimo',58),(226,'Excelente',59),(227,'Muito bom',59),(228,'Bom',59),(229,'Regular',59),(230,'Péssimo',59),(231,'Excelente',60),(232,'Muito bom',60),(233,'Bom',60),(234,'Regular',60),(235,'Péssimo',60),(236,'Excelente',61),(237,'Muito bom',61),(238,'Bom',61),(239,'Regular',61),(240,'Péssimo',61),(241,'Excelente',62),(242,'Muito bom',62),(243,'Bom',62),(244,'Regular',62),(245,'Péssimo',62),(246,'Excelente',63),(247,'Muito bom',63),(248,'Bom',63),(249,'Regular',63),(250,'Péssimo',63),(251,'Excelente',64),(252,'Muito bom',64),(253,'Bom',64),(254,'Regular',64),(255,'Péssimo',64),(256,'Excelente',65),(257,'Muito bom',65),(258,'Bom',65),(259,'Regular',65),(260,'Péssimo',65),(261,'Excelente',66),(262,'Muito bom',66),(263,'Bom',66),(264,'Regular',66),(265,'Péssimo',66),(266,'Excelente',67),(267,'Muito bom',67),(268,'Bom',67),(269,'Regular',67),(270,'Péssimo',67),(271,'Excelente',68),(272,'Muito bom',68),(273,'Bom',68),(274,'Regular',68),(275,'Péssimo',68),(276,'Excelente',69),(277,'Bom',69),(278,'M',69),(279,'Fraco',69),(280,'Péssimo',69),(281,'Não',69),(282,'Excelente',70),(283,'Bom',70),(284,'M',70),(285,'Fraco',70),(286,'Péssimo',70),(287,'Não',70),(288,'Excelente',71),(289,'Bom',71),(290,'M',71),(291,'Fraco',71),(292,'Péssimo',71),(293,'Não',71),(294,'Excelente',72),(295,'Bom',72),(296,'M',72),(297,'Fraco',72),(298,'Péssimo',72),(299,'Não',72),(300,'Excelente',73),(301,'Bom',73),(302,'M',73),(303,'Fraco',73),(304,'Péssimo',73),(305,'Não',73),(306,'Excelente',74),(307,'Bom',74),(308,'M',74),(309,'Fraco',74),(310,'Péssimo',74),(311,'Não',74),(312,'Sim',75),(313,'Não',75),(324,'Excelente',82),(325,'Muito bom',82),(326,'Regular',82),(327,'Ruim',82),(328,'Péssimo',82),(329,'Excelente',85),(330,'Muito bom',85),(331,'Regular',85),(332,'Ruim',85),(333,'Péssimo',85),(334,'Excelente',88),(335,'Muito bom',88),(336,'Regular',88),(337,'Ruim',88),(338,'Péssimo',88),(349,'Excelente',84),(350,'Muito bom',84),(351,'Regular',84),(352,'Ruim',84),(353,'Péssimo',84),(354,'Excelente',87),(355,'Muito bom',87),(356,'Regular',87),(357,'Ruim',87),(358,'Péssimo',87),(359,'Excelente',90),(360,'Muito bom',90),(361,'Regular',90),(362,'Ruim',90),(363,'Péssimo',90),(368,'Sim',83),(369,'Não',83),(370,'Sim',86),(373,'Não',86),(374,'Sim',89),(375,'Não',89),(376,'Ruim',91),(377,'Razo',91),(378,'Bom',91),(379,'Muito Bom',91),(380,'Excelente',91),(381,'1',92),(382,'2',92),(383,'3',92),(384,'4',92),(385,'5',92),(386,'Ruim',93),(387,'Razo',93),(388,'Bom',93),(389,'Muito Bom',93),(390,'Excelente',93),(391,'Ruim',94),(392,'Razo',94),(393,'Bom',94),(394,'Muito Bom',94),(395,'Excelente',94),(396,'Ruim',95),(397,'Razo',95),(398,'Bom',95),(399,'Muito Bom',95),(400,'Excelente',95),(401,'Ruim',96),(402,'Razo',96),(403,'Bom',96),(404,'Muito Bom',96),(405,'Excelente',96),(406,'Muito necess',97),(407,'Pouco necess',97),(408,'Não',97),(409,'Não',98),(410,'Sim',98),(411,'Excelente',99),(412,'Muito bom',99),(413,'Bom',99),(414,'Regular',99),(415,'Péssimo',99),(416,'Sim',100),(417,'Não',100),(418,'Pouco tempo, poderia ter tido mais conte',101),(419,'O tempo foi suficiente para o conte',101),(420,'Muito tempo, ficou cansativo',101),(421,'Excelente',102),(422,'Muito bom',102),(423,'Bom',102),(424,'Regular',102),(425,'Péssimo',102),(426,'Excelente',103),(427,'Muito bom',103),(428,'Bom',103),(429,'Regular',103),(430,'Péssimo',103),(431,'Sim',104),(432,'Não',104),(433,'Pouco tempo, poderia ter tido mais conte',105),(434,'O tempo foi suficiente para o conte',105),(435,'Muito tempo, ficou cansativo',105),(436,'Excelente',106),(437,'Muito bom',106),(438,'Bom',106),(439,'Regular',106),(440,'Péssimo',106),(441,'Excelente',107),(442,'Muito bom',107),(443,'Bom',107),(444,'Regular',107),(445,'Péssimo',107),(446,'Sim',108),(447,'Não',108),(448,'Pouco tempo, poderia ter tido mais conte',109),(449,'O tempo foi suficiente para o conte',109),(450,'Muito tempo, ficou cansativo',109),(451,'Excelente',110),(452,'Muito bom',110),(453,'Bom',110),(454,'Regular',110),(455,'Péssimo',110),(456,'Excelente',111),(457,'Muito bom',111),(458,'Bom',111),(459,'Regular',111),(460,'Péssimo',111),(461,'Sim',112),(462,'Não',112),(463,'Pouco tempo, poderia ter tido mais conte',113),(464,'O tempo foi suficiente para o conte',113),(465,'Muito tempo, ficou cansativo',113),(466,'Excelente',114),(467,'Muito bom',114),(468,'Bom',114),(469,'Regular',114),(470,'Péssimo',114),(471,'Excelente',115),(472,'Muito bom',115),(473,'Bom',115),(474,'Regular',115),(475,'Péssimo',115),(476,'Sim',116),(477,'Não',116),(478,'Pouco tempo, poderia ter tido mais conte',117),(479,'O tempo foi suficiente para o conte',117),(480,'Muito tempo, ficou cansativo',117),(481,'Excelente',118),(482,'Muito bom',118),(483,'Bom',118),(484,'Regular',118),(485,'Péssimo',118),(486,'Excelente',119),(487,'Muito bom',119),(488,'Bom',119),(489,'Regular',119),(490,'Péssimo',119),(491,'Sim',120),(492,'Não',120),(493,'Pouco tempo, poderia ter tido mais conte',121),(494,'O tempo foi suficiente para o conte',121),(495,'Muito tempo, ficou cansativo',121),(496,'Excelente',122),(497,'Muito bom',122),(498,'Bom',122),(499,'Regular',122),(500,'Péssimo',122),(501,'Excelente',123),(502,'Muito bom',123),(503,'Bom',123),(504,'Regular',123),(505,'Péssimo',123),(506,'Sim',124),(507,'Não',124),(508,'Pouco tempo, poderia ter tido mais conte',125),(509,'O tempo foi suficiente para o conte',125),(510,'Muito tempo, ficou cansativo',125),(511,'Excelente',126),(512,'Muito bom',126),(513,'Bom',126),(514,'Regular',126),(515,'Péssimo',126),(516,'Excelente',127),(517,'Muito bom',127),(518,'Bom',127),(519,'Regular',127),(520,'Péssimo',127),(521,'Excelente',128),(522,'Muito bom',128),(523,'Bom',128),(524,'Regular',128),(525,'Péssimo',128),(526,'Cerim',129),(527,'Inova',129),(528,'Big Data Analytics, Intelig',129),(529,'Minicurso 1: ',130),(530,'Minicurso 2: ',130),(531,'Minicurso 3: ',130),(532,'Muito caro',131),(533,'Caro',131),(534,'Razo',131),(535,'Barato',131),(536,'Muito barato',131),(537,'Redes',132),(538,'Engenharia de Software',132),(539,'Intelig',132),(540,'Processamento de Imagens',132),(541,'Outro',132),(542,'Ruim',133),(543,'Razo',133),(544,'Bom',133),(545,'Muito Bom',133),(546,'Excelente',133),(547,'1',134),(548,'2',134),(549,'3',134),(550,'4',134),(551,'5',134),(552,'Ruim',135),(553,'Razo',135),(554,'Bom',135),(555,'Muito Bom',135),(556,'Excelente',135),(557,'Ruim',136),(558,'Razo',136),(559,'Bom',136),(560,'Muito Bom',136),(561,'Excelente',136),(562,'Ruim',137),(563,'Razo',137),(564,'Bom',137),(565,'Muito Bom',137),(566,'Excelente',137),(567,'Ruim',138),(568,'Razo',138),(569,'Bom',138),(570,'Muito Bom',138),(571,'Excelente',138),(572,'Muito necess',139),(573,'Pouco necess',139),(574,'Não',139),(575,'Não',140),(576,'Sim',140),(577,'Excelente',141),(578,'Muito bom',141),(579,'Regular',141),(580,'Ruim',141),(581,'Péssimo',141),(582,'Sim',142),(583,'Não',142),(584,'Excelente',143),(585,'Muito bom',143),(586,'Regular',143),(587,'Ruim',143),(588,'Péssimo',143),(593,'Sim',146),(594,'Não',146),(610,'Sim, quase todos.',150),(611,'Sim, vários.',150),(612,'Sim, alguns.',150),(613,'Não, muito poucos.',150),(614,'Não, quase nenhum ou nenhum.',150),(615,'Ótima',151),(616,'Boa',151),(617,'Regular',151),(618,'Ruim',151),(619,'Péssima',151),(620,'Sim, muitos biscoitos.',152),(621,'Sim, muitas bolachas.',152),(622,'Não, achei equilibrado.',152),(643,'Sim, eu sofri preconceito',157),(644,'Sim, eu vi preconceito ocorrendo com outra pessoa',157),(645,'Sim, sofri e vi preconceito',157),(646,'Não, nenhum dos dois ocorreu nem a mim nem a quem estava ao meu redor',157),(647,'Sim',158),(648,'Não',158),(651,'Site do Evento',160),(652,'Colegas',160),(653,'Avisos em Sala',160),(654,'Outros',160),(655,'Tranquila',161),(656,'Problemática',161),(657,'Fácil de usar, entendi bem e encontrei o que queria',162),(658,'Boa, mas não entendi/encontrei algumas coisas',162),(659,'Ruim, não ficou claro para que servia ou onde estavam as funcionalidades',162),(660,'Sim',163),(661,'Moderadamente',163),(662,'Não',163),(663,'Ver Programação/Agenda ',164),(664,'Ver Notícias ',164),(665,'Dar opinião e notas',164),(666,'Sim, ele travou ',165),(667,'Sim, a interface ficou estranha',165),(668,'Sim, não consegui logar',165),(669,'Sim, não consegui enviar minhas avaliações/opinião',165),(670,'Sim, não consegui montar/usar minha agenda',165),(671,'Sim, não consegui visualizar/usar os questionários',165),(672,'Sim, não recebi as notícias',165),(673,'Não',165),(674,'Sim',166),(675,'Não',166),(1333,'Excelente',317),(1334,'Muito bom',317),(1335,'Bom',317),(1336,'Regular',317),(1337,'Péssimo',317),(1338,'Sim',318),(1339,'Não',318),(1340,'Pouco tempo, poderia ter tido mais conteúdo',319),(1341,'O tempo foi suficiente para o conteúdo',319),(1342,'Muito tempo, ficou cansativo',319),(1343,'Excelente',320),(1344,'Muito bom',320),(1345,'Bom',320),(1346,'Regular',320),(1347,'Péssimo',320),(1348,'Excelente',321),(1349,'Muito bom',321),(1350,'Bom',321),(1351,'Regular',321),(1352,'Péssimo',321),(1353,'Sim',322),(1354,'Não',322),(1355,'Pouco tempo, poderia ter tido mais conteúdo',323),(1356,'O tempo foi suficiente para o conteúdo',323),(1357,'Muito tempo, ficou cansativo',323),(1358,'Excelente',324),(1359,'Muito bom',324),(1360,'Bom',324),(1361,'Regular',324),(1362,'Péssimo',324),(1363,'Excelente',325),(1364,'Muito bom',325),(1365,'Bom',325),(1366,'Regular',325),(1367,'Péssimo',325),(1368,'Sim',326),(1369,'Não',326),(1370,'Pouco tempo, poderia ter tido mais conteúdo',327),(1371,'O tempo foi suficiente para o conteúdo',327),(1372,'Muito tempo, ficou cansativo',327),(1373,'Excelente',328),(1374,'Muito bom',328),(1375,'Bom',328),(1376,'Regular',328),(1377,'Péssimo',328),(1378,'Excelente',329),(1379,'Muito bom',329),(1380,'Bom',329),(1381,'Regular',329),(1382,'Péssimo',329),(1383,'Sim',330),(1384,'Não',330),(1385,'Pouco tempo, poderia ter tido mais conteúdo',331),(1386,'O tempo foi suficiente para o conteúdo',331),(1387,'Muito tempo, ficou cansativo',331),(1388,'Excelente',332),(1389,'Muito bom',332),(1390,'Bom',332),(1391,'Regular',332),(1392,'Péssimo',332),(1393,' Excelente',333),(1394,'Muito bom',333),(1395,'Bom',333),(1396,'Regular',333),(1397,'Péssimo',333),(1398,'Sim',334),(1399,'Não',334),(1400,'Pouco tempo, poderia ter tido mais conteúdo',335),(1401,'O tempo foi suficiente para o conteúdo',335),(1402,'Muito tempo, ficou cansativo',335),(1403,' Excelente',336),(1404,'Muito bom',336),(1405,'Bom',336),(1406,'Regular',336),(1407,'Péssimo',336),(1408,' Excelente',337),(1409,'Muito bom',337),(1410,'Bom',337),(1411,'Regular',337),(1412,'Péssimo',337),(1413,'Sim',338),(1414,'Não',338),(1415,'Pouco tempo, poderia ter tido mais conteúdo',339),(1416,'O tempo foi suficiente para o conteúdo',339),(1417,'Muito tempo, ficou cansativo',339),(1418,' Excelente',340),(1419,'Muito bom',340),(1420,'Bom',340),(1421,'Regular',340),(1422,'Péssimo',340),(1423,' Excelente',341),(1424,'Muito bom',341),(1425,'Bom',341),(1426,'Regular',341),(1427,'Péssimo',341),(1428,'Sim',342),(1429,'Não',342),(1430,'Pouco tempo, poderia ter tido mais conteúdo',343),(1431,'O tempo foi suficiente para o conteúdo',343),(1432,'Muito tempo, ficou cansativo',343),(1433,' Excelente',344),(1434,'Muito bom',344),(1435,'Bom',344),(1436,'Regular',344),(1437,'Péssimo',344),(1438,'Excelente',345),(1439,'Muito bom',345),(1440,'Bom',345),(1441,'Regular',345),(1442,'Péssimo',345),(1443,'Excelente',346),(1444,'Muito bom',346),(1445,'Bom',346),(1446,'Regular',346),(1447,'Péssimo',346),(1448,'Palestra de Abertura',347),(1449,'Palestra 1',347),(1450,'Palestra 2',347),(1451,'Muito caro',348),(1452,'Caro',348),(1453,'Razoável',348),(1454,'Barato',348),(1455,'Muito barato',348),(1456,'Redes',349),(1457,'Engenharia de Software',349),(1458,'Inteligência Artificial',349),(1459,'Processamento de Imagens',349),(1460,'Outro - Sugira enviando uma opinião pelo App!',349),(1461,'Site do Evento',350),(1462,'Colegas',350),(1463,'Avisos em Sala',350),(1464,'Outros',350),(1465,'Tranquila',351),(1466,'Problemática',351),(1467,'Fácil de usar, entendi bem e encontrei o que queria',352),(1468,'Boa, mas não entendi/encontrei algumas coisas',352),(1469,'Ruim, não ficou claro para que servia ou onde estavam as funcionalidades',352),(1470,'Sim',353),(1471,'Moderadamente',353),(1472,'Não',353),(1473,'Ver Programação/Agenda',354),(1474,'Ver Notícias',354),(1475,'Dar opinião e notas',354),(1476,'Sim, ele travou',355),(1477,'Sim, a interface ficou estranha',355),(1478,'Sim, não consegui logar',355),(1479,'Sim, não consegui enviar minhas avaliações/opinião',355),(1480,'Sim, não consegui montar/usar minha agenda',355),(1481,'Sim, não consegui visualizar/usar os questionários',355),(1482,'Sim, não recebi as notícias',355),(1483,'Não',355),(1484,'Sim',356),(1485,'Não',356),(1486,'1',357),(1487,'2',357),(1488,'3',357),(1489,'4',357),(1490,'5',357),(1491,'1',358),(1492,'2',358),(1493,'3',358),(1494,'4',358),(1495,'5',358),(1496,'1',359),(1497,'2',359),(1498,'3',359),(1499,'4',359),(1500,'5',359),(1501,'1',360),(1502,'2',360),(1503,'1',361),(1504,'2',361),(1505,'3',361),(1506,'4',361),(1507,'5',361),(1508,'1',362),(1509,'2',362),(1510,'3',362),(1511,'4',362),(1512,'5',362),(1513,'1',363),(1514,'2',363),(1515,'3',363),(1516,'4',363),(1517,'5',363),(1518,'SIM',364),(1519,'NÃO',364),(1520,'1',365),(1521,'2',365),(1522,'3',365),(1523,'4',365),(1524,'5',365),(1525,'1',366),(1526,'2',366),(1527,'3',366),(1528,'4',366),(1529,'5',366),(1530,'1',367),(1531,'2',367),(1532,'3',367),(1533,'4',367),(1534,'5',367),(1552,'1',372),(1553,'2',372),(1554,'3',372),(1555,'4',372),(1556,'5',372),(1557,'1',373),(1558,'2',373),(1559,'3',373),(1560,'4',373),(1561,'5',373),(1562,'1',374),(1563,'2',374),(1564,'3',374),(1565,'4',374),(1566,'5',374),(1567,'1',375),(1568,'2',375),(1569,'3',375),(1570,'4',375),(1571,'5',375),(1572,'1',376),(1573,'2',376),(1574,'3',376),(1575,'4',376),(1576,'5',376),(1577,'1',377),(1578,'2',377),(1579,'3',377),(1580,'4',377),(1581,'5',377),(1582,'1',378),(1583,'2',378),(1584,'3',378),(1585,'4',378),(1586,'5',378),(1587,'1',379),(1588,'2',379),(1589,'3',379),(1590,'4',379),(1591,'5',379),(1592,'1',380),(1593,'2',380),(1594,'3',380),(1595,'4',380),(1596,'5',380),(1597,'1',381),(1598,'2',381),(1599,'3',381),(1600,'4',381),(1601,'5',381),(1602,'1',382),(1603,'2',382),(1604,'3',382),(1605,'4',382),(1606,'5',382),(1607,'SIM',383),(1608,'NÃO',383),(1609,'1',384),(1610,'2',384),(1611,'3',384),(1612,'4',384),(1613,'5',384),(1614,'1',385),(1615,'2',385),(1616,'3',385),(1617,'4',385),(1618,'5',385),(1619,'1',386),(1620,'2',386),(1621,'3',386),(1622,'4',386),(1623,'5',386),(1624,'SIM',387),(1625,'NÃO',387),(1626,'1',388),(1627,'2',388),(1628,'3',388),(1629,'4',388),(1630,'5',388),(1631,'1',389),(1632,'2',389),(1633,'3',389),(1634,'4',389),(1635,'5',389),(1636,'1',390),(1637,'2',390),(1638,'3',390),(1639,'4',390),(1640,'5',390),(1641,'SIM',391),(1642,'NÃO',391),(1643,'1',392),(1644,'2',392),(1645,'3',392),(1646,'4',392),(1647,'5',392),(1648,'1',393),(1649,'2',393),(1650,'3',393),(1651,'4',393),(1652,'5',393),(1653,'1',394),(1654,'2',394),(1655,'3',394),(1656,'4',394),(1657,'5',394),(1658,'1',395),(1659,'2',395),(1660,'3',395),(1661,'4',395),(1662,'5',395),(1663,'1',396),(1664,'2',396),(1665,'1',397),(1666,'2',397),(1667,'3',397),(1668,'4',397),(1669,'5',397),(1670,'1',398),(1671,'2',398),(1672,'3',398),(1673,'4',398),(1674,'5',398),(1675,'1',399),(1676,'2',399),(1677,'3',399),(1678,'4',399),(1679,'5',399),(1680,'1',400),(1681,'2',400),(1682,'3',400),(1683,'4',400),(1684,'5',400),(1685,'SIM ',401),(1686,'NÃO',401),(1687,'1',402),(1688,'2',402),(1689,'3',402),(1690,'4',402),(1691,'5',402),(1692,'1',403),(1693,'2',403),(1694,'3',403),(1695,'4',403),(1696,'5',403),(1697,'1',404),(1698,'2',404),(1699,'3',404),(1700,'4',404),(1701,'5',404),(1702,'1',405),(1703,'2',405),(1704,'3',405),(1705,'4',405),(1706,'5',405),(1707,'SIM',406),(1708,'NÃO',406),(1709,'1',407),(1710,'2',407),(1711,'3',407),(1712,'4',407),(1713,'5',407),(1714,'1',408),(1715,'2',408),(1716,'3',408),(1717,'4',408),(1718,'5',408),(1719,'1',409),(1720,'2',409),(1721,'3',409),(1722,'4',409),(1723,'5',409),(1724,'SIM',410),(1725,'NÃO',410),(1726,'1',411),(1727,'2',411),(1728,'3',411),(1729,'4',411),(1730,'5',411),(1731,'1',412),(1732,'2',412),(1733,'3',412),(1734,'4',412),(1735,'5',412),(1736,'1',413),(1737,'2',413),(1738,'3',413),(1739,'4',413),(1740,'5',413),(1741,'1',414),(1742,'2',414),(1743,'3',414),(1744,'4',414),(1745,'5',414),(1746,'SIM',415),(1747,'NÃO',415),(1748,'1',416),(1749,'2',416),(1750,'3',416),(1751,'4',416),(1752,'5',416),(1753,'1',417),(1754,'2',417),(1755,'3',417),(1756,'4',417),(1757,'5',417),(1758,'1',418),(1759,'2',418),(1760,'3',418),(1761,'4',418),(1762,'5',418),(1763,'1',419),(1764,'2',419),(1765,'3',419),(1766,'4',419),(1767,'5',419),(1768,'SIM ',420),(1769,'NÃO',420),(1770,'1',421),(1771,'2',421),(1772,'3',421),(1773,'4',421),(1774,'5',421),(1775,'1',422),(1776,'2',422),(1777,'3',422),(1778,'4',422),(1779,'5',422),(1780,'1',423),(1781,'2',423),(1782,'3',423),(1783,'4',423),(1784,'5',423),(1785,'1',424),(1786,'2',424),(1787,'3',424),(1788,'4',424),(1789,'5',424),(1790,'SIM',425),(1791,'NÃO',425),(1792,'1',426),(1793,'2',426),(1794,'3',426),(1795,'4',426),(1796,'5',426),(1797,'1',427),(1798,'2',427),(1799,'3',427),(1800,'4',427),(1801,'5',427),(1802,'1',428),(1803,'2',428),(1804,'3',428),(1805,'4',428),(1806,'5',428),(1807,'1',429),(1808,'2',429),(1809,'3',429),(1810,'4',429),(1811,'5',429),(1812,'SIM',430),(1813,'NÃO',430),(1831,'1',435),(1832,'2',435),(1833,'3',435),(1834,'4',435),(1835,'5',435),(1836,'1',436),(1837,'2',436),(1838,'3',436),(1839,'4',436),(1840,'5',436),(1841,'1',437),(1842,'2',437),(1843,'3',437),(1844,'4',437),(1845,'5',437),(1846,'1',438),(1847,'2',438),(1848,'3',438),(1849,'4',438),(1850,'5',438),(1851,'SIM ',439),(1852,'NÃO',439),(1853,'1',440),(1854,'2',440),(1855,'3',440),(1856,'4',440),(1857,'5',440),(1858,'1',441),(1859,'2',441),(1860,'3',441),(1861,'4',441),(1862,'5',441),(1863,'1',442),(1864,'2',442),(1865,'3',442),(1866,'4',442),(1867,'5',442),(1868,'1',443),(1869,'2',443),(1870,'3',443),(1871,'4',443),(1872,'5',443),(1873,'SIM',444),(1874,'NÃO',444),(1875,'1',445),(1876,'2',445),(1877,'3',445),(1878,'4',445),(1879,'5',445),(1880,'1',446),(1881,'2',446),(1882,'3',446),(1883,'4',446),(1884,'5',446),(1885,'1',447),(1886,'2',447),(1887,'3',447),(1888,'4',447),(1889,'5',447),(1890,'SIM',448),(1891,'NÃO',448),(1892,'1',449),(1893,'2',449),(1894,'3',449),(1895,'4',449),(1896,'5',449),(1897,'1',450),(1898,'2',450),(1899,'3',450),(1900,'4',450),(1901,'5',450),(1902,'1',451),(1903,'2',451),(1904,'3',451),(1905,'4',451),(1906,'5',451),(1907,'SIM',452),(1908,'NÃO',452),(1909,'1',453),(1910,'2',453),(1911,'3',453),(1912,'4',453),(1913,'5',453),(1914,'1',454),(1915,'2',454),(1916,'3',454),(1917,'4',454),(1918,'5',454),(1919,'1',455),(1920,'2',455),(1921,'3',455),(1922,'4',455),(1923,'5',455),(1924,'1',456),(1925,'2',456),(1926,'3',456),(1927,'4',456),(1928,'5',456),(1929,'SIM',457),(1930,'NÃO',457),(1931,'1',458),(1932,'2',458),(1933,'3',458),(1934,'4',458),(1935,'5',458),(1936,'1',459),(1937,'2',459),(1938,'3',459),(1939,'4',459),(1940,'5',459),(1941,'1',460),(1942,'2',460),(1943,'3',460),(1944,'4',460),(1945,'5',460),(1946,'1',461),(1947,'2',461),(1948,'3',461),(1949,'4',461),(1950,'5',461),(1951,'SIM',462),(1952,'NÃO',462),(1953,'1',463),(1954,'2',463),(1955,'3',463),(1956,'4',463),(1957,'5',463),(1958,'1',464),(1959,'2',464),(1960,'3',464),(1961,'4',464),(1962,'5',464),(1963,'1',465),(1964,'2',465),(1965,'3',465),(1966,'4',465),(1967,'5',465),(1968,'1',466),(1969,'2',466),(1970,'3',466),(1971,'4',466),(1972,'5',466),(1973,'SIM',467),(1974,'NÃO',467),(1975,'1',468),(1976,'2',468),(1977,'3',468),(1978,'4',468),(1979,'5',468),(1980,'1',469),(1981,'2',469),(1982,'3',469),(1983,'4',469),(1984,'5',469),(1985,'1',470),(1986,'2',470),(1987,'3',470),(1988,'4',470),(1989,'5',470),(1990,'SIM',471),(1991,'NÃO',471),(1992,'1',472),(1993,'2',472),(1994,'3',472),(1995,'4',472),(1996,'5',472),(1997,'1',473),(1998,'2',473),(1999,'3',473),(2000,'4',473),(2001,'5',473),(2002,'1',474),(2003,'2',474),(2004,'3',474),(2005,'4',474),(2006,'5',474),(2007,'SIM ',475),(2008,'NÃO',475),(2009,'1',476),(2010,'2',476),(2011,'3',476),(2012,'4',476),(2013,'5',476),(2014,'1',477),(2015,'2',477),(2016,'3',477),(2017,'4',477),(2018,'5',477),(2019,'1',478),(2020,'2',478),(2021,'3',478),(2022,'4',478),(2023,'5',478),(2024,'SIM',479),(2025,'NÃO',479),(2026,'1',480),(2027,'2',480),(2028,'3',480),(2029,'4',480),(2030,'5',480),(2031,'1',481),(2032,'2',481),(2033,'3',481),(2034,'4',481),(2035,'5',481),(2036,'1',482),(2037,'2',482),(2038,'3',482),(2039,'4',482),(2040,'5',482),(2041,'SIM',483),(2042,'NÃO',483),(2043,'1',484),(2044,'2',484),(2045,'3',484),(2046,'4',484),(2047,'5',484),(2048,'1',485),(2049,'2',485),(2050,'3',485),(2051,'4',485),(2052,'5',485),(2053,'1',486),(2054,'2',486),(2055,'3',486),(2056,'4',486),(2057,'5',486),(2058,'SIM ',487),(2059,'NÃO',487),(2060,'1',488),(2061,'2',488),(2062,'3',488),(2063,'4',488),(2064,'5',488),(2065,'1',489),(2066,'2',489),(2067,'3',489),(2068,'4',489),(2069,'5',489),(2070,'1',490),(2071,'2',490),(2072,'3',490),(2073,'4',490),(2074,'5',490),(2075,'1',491),(2076,'2',491),(2077,'3',491),(2078,'4',491),(2079,'5',491),(2080,'SIM',492),(2081,'NÃO',492),(2082,'1',493),(2083,'2',493),(2084,'3',493),(2085,'4',493),(2086,'5',493),(2087,'1',494),(2088,'2',494),(2089,'3',494),(2090,'4',494),(2091,'5',494),(2092,'1',495),(2093,'2',495),(2094,'3',495),(2095,'4',495),(2096,'5',495),(2097,'1',496),(2098,'2',496),(2099,'3',496),(2100,'4',496),(2101,'5',496),(2102,'SIM',497),(2103,'NÃO',497),(2104,'1',498),(2105,'2',498),(2106,'3',498),(2107,'4',498),(2108,'5',498),(2109,'1',499),(2110,'2',499),(2111,'3',499),(2112,'4',499),(2113,'5',499),(2114,'1',500),(2115,'2',500),(2116,'3',500),(2117,'4',500),(2118,'5',500),(2119,'1',501),(2120,'2',501),(2121,'3',501),(2122,'4',501),(2123,'5',501),(2124,'SIM ',502),(2125,'NÃO',502),(2126,'1',503),(2127,'2',503),(2128,'3',503),(2129,'4',503),(2130,'5',503),(2131,'1',504),(2132,'2',504),(2133,'3',504),(2134,'4',504),(2135,'5',504),(2136,'1',505),(2137,'2',505),(2138,'3',505),(2139,'4',505),(2140,'5',505),(2141,'SIM',506),(2142,'NÃO',506),(2143,'1',507),(2144,'2',507),(2145,'3',507),(2146,'4',507),(2147,'5',507),(2148,'1',508),(2149,'2',508),(2150,'3',508),(2151,'4',508),(2152,'5',508),(2153,'1',509),(2154,'2',509),(2155,'3',509),(2156,'4',509),(2157,'5',509),(2158,'SIM',510),(2159,'NÃO',510),(2160,'Bom',511),(2161,'Neutro',511),(2162,'Ruim',511),(2163,'Sim',512),(2164,'Não',512),(2165,'10',513),(2166,'9',513),(2167,'8',513),(2168,'7',513),(2169,'6',513),(2170,'5',513),(2171,'4',513),(2172,'3',513),(2173,'2',513),(2174,'1',513),(2175,'Praticamente o tempo todo',514),(2176,'Cerca de metade das vezes',514),(2177,'Poucos momentos',514),(2178,'Sim',515),(2179,'Não',515),(2180,'Sim, praticamente tudo foi novo',516),(2181,'Sim, descobri algumas coisas que não sabia',516),(2182,'Não, falou-se mais o que eu já sabia',516),(2183,'Não, pouco conhecimento ou explicação foi dada',516),(2184,'Sim',517),(2185,'Não',517),(2186,'Sim',518),(2187,'Não',518),(2188,'Sim',519),(2189,'Não',519);
/*!40000 ALTER TABLE `resposta` ENABLE KEYS */;
UNLOCK TABLES;

--
-- Table structure for table `resposta_participante`
--

DROP TABLE IF EXISTS `resposta_participante`;
/*!40101 SET @saved_cs_client     = @@character_set_client */;
/*!40101 SET character_set_client = utf8 */;
CREATE TABLE `resposta_participante` (
  `ID_PERGUNTA` int(11) NOT NULL,
  `ID_RESPOSTA` int(11) NOT NULL,
  `ID_PARTICIPANTE` int(11) NOT NULL,
  `hora_resposta` timestamp NOT NULL DEFAULT CURRENT_TIMESTAMP ON UPDATE CURRENT_TIMESTAMP,
  PRIMARY KEY (`ID_PERGUNTA`,`ID_PARTICIPANTE`),
  KEY `ID_RESPOSTA` (`ID_RESPOSTA`),
  KEY `ID_PARTICIPANTE` (`ID_PARTICIPANTE`)
) ENGINE=InnoDB DEFAULT CHARSET=latin1;
/*!40101 SET character_set_client = @saved_cs_client */;

--
-- Dumping data for table `resposta_participante`
--

LOCK TABLES `resposta_participante` WRITE;
/*!40000 ALTER TABLE `resposta_participante` DISABLE KEYS */;
INSERT INTO `resposta_participante` VALUES (7,16,125,'2017-07-28 21:15:31'),(8,19,125,'2017-07-28 21:15:31'),(9,23,125,'2017-07-28 21:15:31'),(10,24,125,'2017-07-28 21:15:31'),(13,29,125,'2017-07-28 18:26:11'),(14,36,125,'2017-07-28 18:26:11'),(17,40,125,'2017-07-28 18:26:11'),(18,48,125,'2017-07-28 18:26:11'),(19,125,125,'2017-07-28 18:26:11'),(20,136,125,'2017-07-28 18:26:11'),(21,52,125,'2017-09-01 22:59:11'),(23,85,125,'2017-09-01 22:59:11'),(24,102,125,'2017-09-01 22:59:11'),(41,142,125,'2017-07-28 23:00:33'),(42,146,125,'2017-07-28 23:00:33'),(43,149,125,'2017-07-28 23:00:33'),(82,324,125,'2017-12-29 17:10:17'),(82,326,126,'2017-04-27 12:30:10'),(82,377,130,'2017-05-02 20:26:31'),(82,325,132,'2017-04-23 23:49:39'),(82,324,133,'2017-04-26 12:59:39'),(82,325,136,'2017-04-24 14:16:44'),(82,324,209,'2017-12-29 17:30:18'),(83,368,125,'2017-12-29 17:10:17'),(83,368,126,'2017-04-27 12:30:10'),(83,383,130,'2017-05-02 20:26:31'),(83,368,132,'2017-04-23 23:49:39'),(83,368,133,'2017-04-26 12:59:39'),(83,368,136,'2017-04-24 14:16:44'),(83,368,209,'2017-12-29 17:30:18'),(84,349,125,'2017-12-29 17:10:17'),(84,350,126,'2017-04-27 12:30:10'),(84,387,130,'2017-05-02 20:26:31'),(84,349,132,'2017-04-23 23:49:39'),(84,350,133,'2017-04-26 12:59:39'),(84,350,136,'2017-04-24 14:16:44'),(84,351,140,'2017-12-13 18:58:42'),(84,349,209,'2017-12-29 17:30:18'),(85,329,125,'2018-01-30 19:36:38'),(85,329,126,'2017-04-27 12:30:21'),(85,331,130,'2017-05-02 20:26:59'),(85,329,132,'2017-04-23 23:51:11'),(85,332,133,'2017-04-28 13:12:59'),(86,373,125,'2018-01-30 19:36:38'),(86,373,126,'2017-04-27 12:30:21'),(86,373,130,'2017-05-02 20:26:59'),(86,373,132,'2017-04-23 23:51:11'),(86,373,133,'2017-04-28 13:12:59'),(87,356,125,'2018-01-30 19:36:38'),(87,354,126,'2017-04-27 12:30:21'),(87,357,130,'2017-05-02 20:26:59'),(87,356,132,'2017-04-23 23:51:11'),(87,355,133,'2017-04-28 13:12:59'),(88,336,125,'2018-01-30 19:37:22'),(88,336,126,'2017-04-27 12:30:54'),(88,335,132,'2017-04-23 23:51:23'),(88,336,133,'2017-04-28 15:57:01'),(88,335,140,'2017-12-12 15:16:12'),(89,374,125,'2018-01-30 19:37:22'),(89,374,126,'2017-04-27 12:30:54'),(89,375,132,'2017-04-23 23:51:23'),(89,375,133,'2017-04-28 15:57:01'),(89,374,140,'2017-12-12 15:16:12'),(90,360,125,'2018-01-30 19:37:22'),(90,362,126,'2017-04-27 12:30:54'),(90,361,132,'2017-04-23 23:51:23'),(90,363,133,'2017-04-28 15:57:01'),(90,360,140,'2017-12-12 15:16:12'),(91,378,125,'2017-04-28 19:27:39'),(91,378,126,'2017-04-28 23:45:25'),(91,377,130,'2017-05-02 20:26:09'),(91,377,132,'2017-04-28 17:49:43'),(91,378,136,'2017-04-28 19:40:13'),(91,378,137,'2017-04-28 23:20:38'),(91,379,138,'2017-04-28 18:03:26'),(91,377,209,'2017-12-30 12:27:41'),(91,380,212,'2018-02-07 16:17:03'),(92,382,125,'2017-04-28 19:27:39'),(92,382,126,'2017-04-28 23:45:25'),(92,383,130,'2017-05-02 20:26:09'),(92,383,132,'2017-04-28 17:49:43'),(92,382,136,'2017-04-28 19:40:13'),(92,384,137,'2017-04-28 23:20:38'),(92,382,138,'2017-04-28 18:03:26'),(92,382,209,'2017-12-30 12:27:41'),(92,385,212,'2018-02-07 16:17:03'),(93,388,125,'2017-04-28 19:27:39'),(93,388,126,'2017-04-28 23:45:25'),(93,387,130,'2017-05-02 20:26:09'),(93,387,132,'2017-04-28 17:49:43'),(93,389,136,'2017-04-28 19:40:13'),(93,387,137,'2017-04-28 23:20:38'),(93,390,138,'2017-04-28 18:03:26'),(93,388,209,'2017-12-30 12:27:41'),(93,390,212,'2018-02-07 16:17:03'),(94,393,125,'2017-04-28 19:27:39'),(94,394,126,'2017-04-28 23:45:25'),(94,393,130,'2017-05-02 20:26:10'),(94,392,132,'2017-04-28 17:49:43'),(94,392,136,'2017-04-28 19:40:13'),(94,395,137,'2017-04-28 23:20:38'),(94,394,138,'2017-04-28 18:03:26'),(94,393,209,'2017-12-30 12:27:41'),(94,393,212,'2018-02-07 16:17:03'),(95,398,125,'2017-04-28 19:27:39'),(95,399,126,'2017-04-28 23:45:25'),(95,397,130,'2017-05-02 20:26:10'),(95,397,132,'2017-04-28 17:49:43'),(95,398,136,'2017-04-28 19:40:13'),(95,399,137,'2017-04-28 23:20:38'),(95,399,138,'2017-04-28 18:03:26'),(95,398,209,'2017-12-30 12:27:41'),(95,397,212,'2018-02-07 16:17:03'),(96,403,125,'2017-04-28 19:27:39'),(96,403,126,'2017-04-28 23:45:25'),(96,402,130,'2017-05-02 20:26:10'),(96,402,132,'2017-04-28 17:49:43'),(96,403,136,'2017-04-28 19:40:13'),(96,402,137,'2017-04-28 23:20:38'),(96,405,138,'2017-04-28 18:03:26'),(96,404,209,'2017-12-30 12:27:41'),(96,404,212,'2018-02-07 16:17:03'),(97,407,125,'2017-04-28 19:27:39'),(97,406,126,'2017-04-28 23:45:25'),(97,407,130,'2017-05-02 20:26:10'),(97,406,132,'2017-04-28 17:49:43'),(97,406,136,'2017-04-28 19:40:13'),(97,407,137,'2017-04-28 23:20:38'),(97,406,138,'2017-04-28 18:03:26'),(97,408,209,'2017-12-30 12:27:41'),(97,408,212,'2018-02-07 16:17:03'),(98,410,125,'2017-04-28 19:27:39'),(98,410,126,'2017-04-28 23:45:25'),(98,409,130,'2017-05-02 20:26:10'),(98,410,132,'2017-04-28 17:49:43'),(98,410,136,'2017-04-28 19:40:13'),(98,410,137,'2017-04-28 23:20:38'),(98,410,138,'2017-04-28 18:03:26'),(98,409,209,'2017-12-30 12:27:41'),(98,410,212,'2018-02-07 16:17:03'),(99,411,125,'2017-05-17 17:41:09'),(99,411,126,'2017-05-17 15:50:33'),(99,411,128,'2017-05-17 17:05:47'),(99,411,130,'2017-05-17 19:55:19'),(99,411,131,'2017-05-17 17:57:15'),(99,412,132,'2017-05-17 18:07:09'),(99,412,133,'2017-05-17 19:05:50'),(99,411,136,'2017-05-17 17:50:09'),(99,412,139,'2017-05-17 18:07:02'),(99,411,140,'2017-05-18 18:18:48'),(99,411,147,'2017-05-17 17:56:15'),(99,411,148,'2017-05-19 10:55:45'),(99,411,149,'2017-05-17 18:06:41'),(99,411,151,'2017-05-17 15:03:06'),(99,411,152,'2017-05-17 17:52:16'),(99,411,153,'2017-05-17 18:03:49'),(99,411,154,'2017-05-17 17:57:23'),(99,411,155,'2017-05-17 18:49:39'),(99,411,159,'2017-05-19 12:45:17'),(99,411,160,'2017-05-17 19:54:16'),(99,411,161,'2017-05-17 19:48:44'),(99,412,162,'2017-05-17 16:39:11'),(99,411,163,'2017-05-19 14:18:41'),(99,411,164,'2017-05-17 17:04:40'),(99,411,165,'2017-05-18 18:36:00'),(99,411,166,'2017-05-17 17:53:46'),(99,411,167,'2017-05-17 17:59:59'),(99,411,168,'2017-05-18 16:06:37'),(99,411,170,'2017-05-19 14:33:47'),(99,411,171,'2017-05-17 18:11:02'),(99,411,172,'2017-05-17 18:35:19'),(99,411,173,'2017-05-19 17:47:49'),(99,411,174,'2017-05-18 19:08:52'),(99,411,175,'2017-05-18 19:56:27'),(99,411,178,'2017-05-17 18:45:31'),(99,411,179,'2017-05-18 17:12:38'),(99,411,180,'2017-05-19 11:28:04'),(99,412,181,'2017-05-17 17:36:51'),(99,413,182,'2017-05-17 20:01:35'),(99,411,183,'2017-05-19 18:31:54'),(99,411,184,'2017-05-17 18:35:39'),(99,411,185,'2017-05-17 18:49:01'),(99,411,186,'2017-05-17 18:48:46'),(99,412,187,'2017-05-17 19:06:01'),(99,411,188,'2017-05-18 18:49:34'),(99,411,189,'2017-05-17 19:35:11'),(99,411,191,'2017-05-19 19:10:49'),(99,411,193,'2017-05-18 16:56:08'),(99,411,194,'2017-05-18 13:03:23'),(99,412,195,'2017-05-18 16:59:23'),(99,411,197,'2017-05-18 18:03:53'),(99,412,198,'2017-05-19 03:24:23'),(99,411,199,'2017-05-19 11:17:11'),(99,411,201,'2017-05-19 14:07:55'),(100,416,125,'2017-05-17 17:41:09'),(100,416,126,'2017-05-17 15:50:33'),(100,416,128,'2017-05-17 17:05:47'),(100,416,130,'2017-05-17 19:55:19'),(100,416,131,'2017-05-17 17:57:15'),(100,416,132,'2017-05-17 18:07:09'),(100,416,133,'2017-05-17 19:05:50'),(100,416,136,'2017-05-17 17:50:09'),(100,416,139,'2017-05-17 18:07:02'),(100,416,140,'2017-05-18 18:18:48'),(100,416,147,'2017-05-17 17:56:15'),(100,416,148,'2017-05-19 10:55:46'),(100,416,149,'2017-05-17 18:06:41'),(100,416,151,'2017-05-17 15:03:06'),(100,416,152,'2017-05-17 17:52:16'),(100,416,153,'2017-05-17 18:03:49'),(100,416,154,'2017-05-17 17:57:23'),(100,416,155,'2017-05-17 18:49:39'),(100,416,159,'2017-05-19 12:45:17'),(100,416,160,'2017-05-17 19:54:16'),(100,416,161,'2017-05-17 19:48:44'),(100,416,162,'2017-05-17 16:39:11'),(100,416,163,'2017-05-19 14:18:41'),(100,416,164,'2017-05-17 17:04:40'),(100,416,165,'2017-05-18 18:36:00'),(100,416,166,'2017-05-17 17:53:46'),(100,416,167,'2017-05-17 17:59:59'),(100,416,168,'2017-05-18 16:06:37'),(100,416,170,'2017-05-19 14:33:47'),(100,416,171,'2017-05-17 18:11:02'),(100,416,172,'2017-05-17 18:35:19'),(100,416,173,'2017-05-19 17:47:49'),(100,416,174,'2017-05-18 19:08:52'),(100,416,175,'2017-05-18 19:56:27'),(100,416,178,'2017-05-17 18:45:31'),(100,416,179,'2017-05-18 17:12:38'),(100,416,180,'2017-05-19 11:28:04'),(100,416,181,'2017-05-17 17:36:51'),(100,416,182,'2017-05-17 20:01:35'),(100,416,183,'2017-05-19 18:31:54'),(100,416,184,'2017-05-17 18:35:39'),(100,416,185,'2017-05-17 18:49:01'),(100,416,186,'2017-05-17 18:48:46'),(100,416,187,'2017-05-17 19:06:01'),(100,416,188,'2017-05-18 18:49:34'),(100,416,189,'2017-05-17 19:35:11'),(100,416,191,'2017-05-19 19:10:49'),(100,416,193,'2017-05-18 16:56:08'),(100,416,194,'2017-05-18 13:03:23'),(100,416,195,'2017-05-18 16:59:23'),(100,416,197,'2017-05-18 18:03:53'),(100,416,198,'2017-05-19 03:24:23'),(100,416,199,'2017-05-19 11:17:11'),(100,416,201,'2017-05-19 14:07:55'),(101,419,125,'2017-05-17 17:41:09'),(101,419,126,'2017-05-17 15:50:33'),(101,419,128,'2017-05-17 17:05:47'),(101,419,130,'2017-05-17 19:55:19'),(101,419,131,'2017-05-17 17:57:15'),(101,419,132,'2017-05-17 18:07:09'),(101,419,133,'2017-05-17 19:05:50'),(101,419,136,'2017-05-17 17:50:09'),(101,418,139,'2017-05-17 18:07:02'),(101,419,140,'2017-05-18 18:18:48'),(101,419,147,'2017-05-17 17:56:15'),(101,419,148,'2017-05-19 10:55:46'),(101,418,149,'2017-05-17 18:06:41'),(101,419,151,'2017-05-17 15:03:06'),(101,418,152,'2017-05-17 17:52:16'),(101,418,153,'2017-05-17 18:03:49'),(101,418,154,'2017-05-17 17:57:23'),(101,419,155,'2017-05-17 18:49:39'),(101,419,159,'2017-05-19 12:45:17'),(101,419,160,'2017-05-17 19:54:16'),(101,419,161,'2017-05-17 19:48:44'),(101,419,162,'2017-05-17 16:39:11'),(101,418,163,'2017-05-19 14:18:41'),(101,418,164,'2017-05-17 17:04:40'),(101,418,165,'2017-05-18 18:36:00'),(101,418,166,'2017-05-17 17:53:46'),(101,419,167,'2017-05-17 17:59:59'),(101,419,168,'2017-05-18 16:06:37'),(101,419,170,'2017-05-19 14:33:47'),(101,418,171,'2017-05-17 18:11:02'),(101,418,172,'2017-05-17 18:35:19'),(101,419,173,'2017-05-19 17:47:49'),(101,419,174,'2017-05-18 19:08:52'),(101,418,175,'2017-05-18 19:56:27'),(101,418,178,'2017-05-17 18:45:31'),(101,419,179,'2017-05-18 17:12:38'),(101,419,180,'2017-05-19 11:28:04'),(101,419,181,'2017-05-17 17:36:51'),(101,419,182,'2017-05-17 20:01:35'),(101,419,183,'2017-05-19 18:31:54'),(101,419,184,'2017-05-17 18:35:39'),(101,419,185,'2017-05-17 18:49:01'),(101,419,186,'2017-05-17 18:48:46'),(101,419,187,'2017-05-17 19:06:01'),(101,419,188,'2017-05-18 18:49:34'),(101,419,189,'2017-05-17 19:35:11'),(101,419,191,'2017-05-19 19:10:49'),(101,419,193,'2017-05-18 16:56:08'),(101,418,194,'2017-05-18 13:03:23'),(101,418,195,'2017-05-18 16:59:23'),(101,418,197,'2017-05-18 18:03:53'),(101,418,198,'2017-05-19 03:24:23'),(101,419,199,'2017-05-19 11:17:11'),(101,419,201,'2017-05-19 14:07:55'),(102,421,125,'2017-05-17 17:41:09'),(102,421,126,'2017-05-17 15:50:33'),(102,421,128,'2017-05-17 17:05:47'),(102,421,130,'2017-05-17 19:55:19'),(102,421,131,'2017-05-17 17:57:15'),(102,422,132,'2017-05-17 18:07:09'),(102,422,133,'2017-05-17 19:05:50'),(102,421,136,'2017-05-17 17:50:09'),(102,421,139,'2017-05-17 18:07:02'),(102,421,140,'2017-05-18 18:18:48'),(102,421,147,'2017-05-17 17:56:15'),(102,421,148,'2017-05-19 10:55:46'),(102,421,149,'2017-05-17 18:06:41'),(102,422,151,'2017-05-17 15:03:06'),(102,421,152,'2017-05-17 17:52:16'),(102,421,153,'2017-05-17 18:03:49'),(102,421,154,'2017-05-17 17:57:23'),(102,421,155,'2017-05-17 18:49:39'),(102,421,159,'2017-05-19 12:45:17'),(102,421,160,'2017-05-17 19:54:16'),(102,421,161,'2017-05-17 19:48:44'),(102,421,162,'2017-05-17 16:39:11'),(102,421,163,'2017-05-19 14:18:41'),(102,421,164,'2017-05-17 17:04:40'),(102,422,165,'2017-05-18 18:36:00'),(102,421,166,'2017-05-17 17:53:46'),(102,422,167,'2017-05-17 17:59:59'),(102,421,168,'2017-05-18 16:06:37'),(102,421,170,'2017-05-19 14:33:47'),(102,421,171,'2017-05-17 18:11:02'),(102,421,172,'2017-05-17 18:35:19'),(102,421,173,'2017-05-19 17:47:49'),(102,421,174,'2017-05-18 19:08:52'),(102,421,175,'2017-05-18 19:56:27'),(102,421,178,'2017-05-17 18:45:31'),(102,421,179,'2017-05-18 17:12:38'),(102,421,180,'2017-05-19 11:28:04'),(102,422,181,'2017-05-17 17:36:51'),(102,424,182,'2017-05-17 20:01:35'),(102,421,183,'2017-05-19 18:31:54'),(102,421,184,'2017-05-17 18:35:39'),(102,421,185,'2017-05-17 18:49:01'),(102,421,186,'2017-05-17 18:48:46'),(102,422,187,'2017-05-17 19:06:01'),(102,421,188,'2017-05-18 18:49:34'),(102,421,189,'2017-05-17 19:35:11'),(102,421,191,'2017-05-19 19:10:49'),(102,421,193,'2017-05-18 16:56:08'),(102,421,194,'2017-05-18 13:03:23'),(102,422,195,'2017-05-18 16:59:23'),(102,421,197,'2017-05-18 18:03:53'),(102,421,198,'2017-05-19 03:24:23'),(102,421,199,'2017-05-19 11:17:11'),(102,421,201,'2017-05-19 14:07:55'),(103,426,125,'2017-05-17 20:08:58'),(103,426,126,'2017-05-17 15:51:18'),(103,426,128,'2017-05-19 19:01:58'),(103,427,130,'2017-05-18 16:56:14'),(103,427,133,'2017-05-18 18:03:48'),(103,427,136,'2017-05-18 16:54:43'),(103,427,140,'2017-05-18 18:21:38'),(103,426,147,'2017-05-18 18:04:11'),(103,427,148,'2017-05-19 11:02:13'),(103,426,149,'2017-05-18 18:09:51'),(103,426,151,'2017-05-18 18:08:50'),(103,427,152,'2017-05-18 17:56:01'),(103,428,153,'2017-05-18 17:17:21'),(103,426,154,'2017-05-18 19:01:53'),(103,427,155,'2017-05-18 18:07:43'),(103,426,159,'2017-05-19 12:45:54'),(103,427,160,'2017-05-19 13:28:16'),(103,427,161,'2017-05-18 18:01:03'),(103,426,162,'2017-05-18 16:15:27'),(103,426,163,'2017-05-19 14:21:02'),(103,426,164,'2017-05-18 16:55:05'),(103,427,165,'2017-05-18 18:44:45'),(103,426,166,'2017-05-18 18:13:42'),(103,427,168,'2017-05-18 18:08:23'),(103,426,170,'2017-05-19 14:34:19'),(103,426,171,'2017-05-18 19:00:04'),(103,427,173,'2017-05-19 17:48:15'),(103,428,174,'2017-05-18 19:09:35'),(103,426,175,'2017-05-19 10:46:51'),(103,428,178,'2017-05-18 18:00:23'),(103,426,179,'2017-05-18 17:13:33'),(103,426,180,'2017-05-19 11:30:01'),(103,426,181,'2017-05-18 18:00:55'),(103,426,182,'2017-05-18 18:01:41'),(103,426,183,'2017-05-19 18:31:32'),(103,426,184,'2017-05-18 18:11:59'),(103,426,185,'2017-05-19 14:31:14'),(103,427,187,'2017-05-18 18:05:19'),(103,427,188,'2017-05-18 18:51:23'),(103,428,191,'2017-05-19 19:09:39'),(103,428,193,'2017-05-18 17:46:32'),(103,426,194,'2017-05-18 19:12:32'),(103,427,195,'2017-05-19 14:42:23'),(103,427,197,'2017-05-18 18:04:50'),(103,427,198,'2017-05-19 03:25:03'),(103,427,199,'2017-05-19 11:23:02'),(103,426,200,'2017-05-19 19:32:51'),(103,428,201,'2017-05-19 14:09:01'),(104,431,125,'2017-05-17 20:08:58'),(104,431,126,'2017-05-17 15:51:18'),(104,431,128,'2017-05-19 19:01:58'),(104,431,130,'2017-05-18 16:56:14'),(104,431,133,'2017-05-18 18:03:48'),(104,431,136,'2017-05-18 16:54:43'),(104,431,140,'2017-05-18 18:21:38'),(104,431,147,'2017-05-18 18:04:11'),(104,431,148,'2017-05-19 11:02:13'),(104,431,149,'2017-05-18 18:09:51'),(104,431,151,'2017-05-18 18:08:50'),(104,431,152,'2017-05-18 17:56:01'),(104,431,153,'2017-05-18 17:17:21'),(104,431,154,'2017-05-18 19:01:53'),(104,431,155,'2017-05-18 18:07:43'),(104,431,159,'2017-05-19 12:45:54'),(104,431,160,'2017-05-19 13:28:16'),(104,431,161,'2017-05-18 18:01:03'),(104,431,162,'2017-05-18 16:15:27'),(104,431,163,'2017-05-19 14:21:02'),(104,431,164,'2017-05-18 16:55:05'),(104,431,165,'2017-05-18 18:44:45'),(104,431,166,'2017-05-18 18:13:42'),(104,431,168,'2017-05-18 18:08:23'),(104,431,170,'2017-05-19 14:34:19'),(104,431,171,'2017-05-18 19:00:04'),(104,431,173,'2017-05-19 17:48:15'),(104,432,174,'2017-05-18 19:09:35'),(104,431,175,'2017-05-19 10:46:51'),(104,431,178,'2017-05-18 18:00:23'),(104,431,179,'2017-05-18 17:13:33'),(104,431,180,'2017-05-19 11:30:01'),(104,431,181,'2017-05-18 18:00:55'),(104,431,182,'2017-05-18 18:01:41'),(104,431,183,'2017-05-19 18:31:32'),(104,431,184,'2017-05-18 18:11:59'),(104,431,185,'2017-05-19 14:31:14'),(104,431,187,'2017-05-18 18:05:19'),(104,431,188,'2017-05-18 18:51:23'),(104,431,191,'2017-05-19 19:09:39'),(104,431,193,'2017-05-18 17:46:32'),(104,431,194,'2017-05-18 19:12:32'),(104,431,195,'2017-05-19 14:42:23'),(104,431,197,'2017-05-18 18:04:50'),(104,431,198,'2017-05-19 03:25:03'),(104,431,199,'2017-05-19 11:23:02'),(104,431,200,'2017-05-19 19:32:51'),(104,431,201,'2017-05-19 14:09:01'),(105,434,125,'2017-05-17 20:08:58'),(105,434,126,'2017-05-17 15:51:18'),(105,434,128,'2017-05-19 19:01:58'),(105,434,130,'2017-05-18 16:56:14'),(105,435,133,'2017-05-18 18:03:48'),(105,434,136,'2017-05-18 16:54:43'),(105,434,140,'2017-05-18 18:21:38'),(105,434,147,'2017-05-18 18:04:11'),(105,434,148,'2017-05-19 11:02:13'),(105,434,149,'2017-05-18 18:09:51'),(105,434,151,'2017-05-18 18:08:50'),(105,434,152,'2017-05-18 17:56:01'),(105,434,153,'2017-05-18 17:17:21'),(105,434,154,'2017-05-18 19:01:53'),(105,434,155,'2017-05-18 18:07:43'),(105,434,159,'2017-05-19 12:45:54'),(105,434,160,'2017-05-19 13:28:16'),(105,434,161,'2017-05-18 18:01:03'),(105,434,162,'2017-05-18 16:15:27'),(105,433,163,'2017-05-19 14:21:02'),(105,434,164,'2017-05-18 16:55:05'),(105,434,165,'2017-05-18 18:44:45'),(105,433,166,'2017-05-18 18:13:42'),(105,434,168,'2017-05-18 18:08:23'),(105,434,170,'2017-05-19 14:34:19'),(105,434,171,'2017-05-18 19:00:04'),(105,434,173,'2017-05-19 17:48:15'),(105,434,174,'2017-05-18 19:09:35'),(105,434,175,'2017-05-19 10:46:51'),(105,434,178,'2017-05-18 18:00:23'),(105,434,179,'2017-05-18 17:13:33'),(105,433,180,'2017-05-19 11:30:01'),(105,434,181,'2017-05-18 18:00:55'),(105,435,182,'2017-05-18 18:01:41'),(105,434,183,'2017-05-19 18:31:32'),(105,434,184,'2017-05-18 18:11:59'),(105,434,185,'2017-05-19 14:31:14'),(105,434,187,'2017-05-18 18:05:19'),(105,434,188,'2017-05-18 18:51:23'),(105,434,191,'2017-05-19 19:09:39'),(105,435,193,'2017-05-18 17:46:32'),(105,433,194,'2017-05-18 19:12:32'),(105,434,195,'2017-05-19 14:42:23'),(105,434,197,'2017-05-18 18:04:50'),(105,434,198,'2017-05-19 03:25:03'),(105,434,199,'2017-05-19 11:23:02'),(105,433,200,'2017-05-19 19:32:51'),(105,434,201,'2017-05-19 14:09:01'),(106,436,125,'2017-05-17 20:08:58'),(106,436,126,'2017-05-17 15:51:18'),(106,436,128,'2017-05-19 19:01:58'),(106,437,130,'2017-05-18 16:56:14'),(106,437,133,'2017-05-18 18:03:48'),(106,437,136,'2017-05-18 16:54:43'),(106,436,140,'2017-05-18 18:21:38'),(106,436,147,'2017-05-18 18:04:11'),(106,436,148,'2017-05-19 11:02:13'),(106,437,149,'2017-05-18 18:09:51'),(106,436,151,'2017-05-18 18:08:50'),(106,437,152,'2017-05-18 17:56:01'),(106,439,153,'2017-05-18 17:17:21'),(106,436,154,'2017-05-18 19:01:53'),(106,437,155,'2017-05-18 18:07:43'),(106,437,159,'2017-05-19 12:45:54'),(106,437,160,'2017-05-19 13:28:16'),(106,437,161,'2017-05-18 18:01:03'),(106,438,162,'2017-05-18 16:15:27'),(106,436,163,'2017-05-19 14:21:02'),(106,436,164,'2017-05-18 16:55:05'),(106,437,165,'2017-05-18 18:44:45'),(106,436,166,'2017-05-18 18:13:42'),(106,438,168,'2017-05-18 18:08:23'),(106,436,170,'2017-05-19 14:34:19'),(106,437,171,'2017-05-18 19:00:04'),(106,436,173,'2017-05-19 17:48:15'),(106,438,174,'2017-05-18 19:09:35'),(106,436,175,'2017-05-19 10:46:51'),(106,438,178,'2017-05-18 18:00:23'),(106,436,179,'2017-05-18 17:13:33'),(106,436,180,'2017-05-19 11:30:01'),(106,437,181,'2017-05-18 18:00:55'),(106,437,182,'2017-05-18 18:01:41'),(106,436,183,'2017-05-19 18:31:32'),(106,436,184,'2017-05-18 18:11:59'),(106,436,185,'2017-05-19 14:31:14'),(106,437,187,'2017-05-18 18:05:19'),(106,437,188,'2017-05-18 18:51:23'),(106,438,191,'2017-05-19 19:09:39'),(106,437,193,'2017-05-18 17:46:32'),(106,437,194,'2017-05-18 19:12:32'),(106,437,195,'2017-05-19 14:42:23'),(106,437,197,'2017-05-18 18:04:50'),(106,437,198,'2017-05-19 03:25:03'),(106,437,199,'2017-05-19 11:23:02'),(106,436,200,'2017-05-19 19:32:51'),(106,438,201,'2017-05-19 14:09:01'),(107,442,125,'2017-05-19 12:41:47'),(107,441,126,'2017-05-17 15:51:53'),(107,441,128,'2017-05-28 16:23:16'),(107,443,130,'2017-05-18 19:11:05'),(107,442,136,'2017-05-18 19:02:40'),(107,441,140,'2017-05-18 19:16:44'),(107,441,147,'2017-05-19 14:31:46'),(107,442,148,'2017-05-19 11:02:32'),(107,442,149,'2017-05-18 19:45:09'),(107,442,151,'2017-05-18 18:54:45'),(107,441,152,'2017-05-18 19:42:27'),(107,442,153,'2017-05-18 18:30:23'),(107,443,154,'2017-05-18 19:02:22'),(107,443,155,'2017-05-18 18:50:29'),(107,441,159,'2017-05-19 12:41:51'),(107,442,160,'2017-05-18 19:53:51'),(107,443,161,'2017-05-18 18:53:37'),(107,441,162,'2017-05-18 18:15:48'),(107,441,163,'2017-05-19 14:21:40'),(107,441,164,'2017-05-18 18:58:50'),(107,442,165,'2017-05-18 18:44:23'),(107,442,166,'2017-05-19 10:36:35'),(107,442,168,'2017-05-19 10:43:54'),(107,444,170,'2017-05-19 14:34:39'),(107,441,171,'2017-05-18 20:10:37'),(107,442,173,'2017-05-19 17:48:27'),(107,444,174,'2017-05-18 19:09:52'),(107,441,175,'2017-05-23 19:18:15'),(107,443,178,'2017-05-19 11:18:28'),(107,441,179,'2017-05-18 18:46:02'),(107,441,180,'2017-05-19 11:31:25'),(107,443,181,'2017-05-18 19:16:06'),(107,442,182,'2017-05-18 19:42:22'),(107,441,183,'2017-05-19 18:31:02'),(107,441,184,'2017-05-18 22:36:07'),(107,442,185,'2017-05-19 18:55:02'),(107,443,187,'2017-05-19 01:55:33'),(107,443,188,'2017-05-18 18:51:54'),(107,443,191,'2017-05-19 19:09:39'),(107,443,193,'2017-05-18 19:20:12'),(107,444,194,'2017-05-18 19:16:35'),(107,442,195,'2017-05-28 16:24:14'),(107,443,197,'2017-05-19 11:37:18'),(107,441,198,'2017-05-19 03:25:34'),(107,442,199,'2017-05-19 11:23:29'),(107,442,201,'2017-05-19 14:11:31'),(108,446,125,'2017-05-19 12:41:47'),(108,446,126,'2017-05-17 15:51:53'),(108,446,128,'2017-05-28 16:22:49'),(108,446,130,'2017-05-18 19:11:05'),(108,446,136,'2017-05-18 19:02:40'),(108,446,140,'2017-05-18 19:16:44'),(108,446,147,'2017-05-19 14:31:46'),(108,446,148,'2017-05-19 11:02:32'),(108,446,149,'2017-05-18 19:45:09'),(108,446,151,'2017-05-18 18:54:45'),(108,446,152,'2017-05-18 19:42:27'),(108,446,153,'2017-05-18 18:30:23'),(108,446,154,'2017-05-18 19:02:22'),(108,446,155,'2017-05-18 18:50:29'),(108,446,159,'2017-05-19 12:41:51'),(108,446,160,'2017-05-18 19:53:51'),(108,446,161,'2017-05-18 18:53:37'),(108,446,162,'2017-05-18 18:15:48'),(108,446,163,'2017-05-19 14:21:40'),(108,446,164,'2017-05-18 18:58:50'),(108,446,165,'2017-05-18 18:44:23'),(108,446,166,'2017-05-19 10:36:35'),(108,446,168,'2017-05-19 10:43:54'),(108,447,170,'2017-05-19 14:34:39'),(108,446,171,'2017-05-18 20:10:37'),(108,446,173,'2017-05-19 17:48:27'),(108,447,174,'2017-05-18 19:09:52'),(108,446,175,'2017-05-23 19:21:32'),(108,446,178,'2017-05-19 11:18:28'),(108,446,179,'2017-05-18 18:46:02'),(108,446,180,'2017-05-19 11:31:25'),(108,447,181,'2017-05-18 19:16:06'),(108,446,182,'2017-05-18 19:42:22'),(108,446,183,'2017-05-19 18:31:02'),(108,446,184,'2017-05-18 22:36:07'),(108,446,185,'2017-05-19 18:55:02'),(108,447,187,'2017-05-19 01:55:33'),(108,447,188,'2017-05-18 18:51:54'),(108,446,191,'2017-05-19 19:09:39'),(108,446,193,'2017-05-18 19:20:12'),(108,447,194,'2017-05-18 19:16:35'),(108,446,195,'2017-05-28 16:22:22'),(108,446,197,'2017-05-19 11:37:18'),(108,446,198,'2017-05-19 03:25:34'),(108,447,199,'2017-05-19 11:23:29'),(108,446,201,'2017-05-19 14:11:31'),(109,449,125,'2017-05-19 12:41:47'),(109,449,126,'2017-05-17 15:51:53'),(109,449,128,'2017-05-28 16:20:53'),(109,450,130,'2017-05-18 19:11:05'),(109,449,136,'2017-05-18 19:02:40'),(109,448,140,'2017-05-18 19:16:44'),(109,449,147,'2017-05-19 14:31:46'),(109,449,148,'2017-05-19 11:02:32'),(109,449,149,'2017-05-18 19:45:09'),(109,449,151,'2017-05-18 18:54:45'),(109,449,152,'2017-05-18 19:42:27'),(109,449,153,'2017-05-18 18:30:23'),(109,449,154,'2017-05-18 19:02:22'),(109,449,155,'2017-05-18 18:50:29'),(109,449,159,'2017-05-19 12:41:51'),(109,449,160,'2017-05-18 19:53:51'),(109,449,161,'2017-05-18 18:53:37'),(109,449,162,'2017-05-18 18:15:48'),(109,448,163,'2017-05-19 14:21:40'),(109,449,164,'2017-05-18 18:58:50'),(109,450,165,'2017-05-18 18:44:23'),(109,449,166,'2017-05-19 10:36:35'),(109,450,168,'2017-05-19 10:43:54'),(109,450,170,'2017-05-19 14:34:40'),(109,448,171,'2017-05-18 20:10:37'),(109,449,173,'2017-05-19 17:48:27'),(109,450,174,'2017-05-18 19:09:52'),(109,448,175,'2017-05-28 16:21:55'),(109,449,178,'2017-05-19 11:18:28'),(109,449,179,'2017-05-18 18:46:02'),(109,449,180,'2017-05-19 11:31:25'),(109,450,181,'2017-05-18 19:16:06'),(109,449,182,'2017-05-18 19:42:22'),(109,449,183,'2017-05-19 18:31:02'),(109,449,184,'2017-05-18 22:36:07'),(109,449,185,'2017-05-19 18:55:02'),(109,449,187,'2017-05-19 01:55:33'),(109,449,188,'2017-05-18 18:51:54'),(109,449,191,'2017-05-19 19:09:39'),(109,450,193,'2017-05-18 19:20:12'),(109,450,194,'2017-05-18 19:16:35'),(109,449,195,'2017-05-28 16:21:17'),(109,449,197,'2017-05-19 11:37:18'),(109,448,198,'2017-05-19 03:25:34'),(109,449,199,'2017-05-19 11:23:29'),(109,449,201,'2017-05-19 14:11:31'),(110,453,125,'2017-05-19 12:41:47'),(110,451,126,'2017-05-17 15:51:53'),(110,451,128,'2017-05-28 16:19:48'),(110,453,130,'2017-05-18 19:11:05'),(110,452,136,'2017-05-18 19:02:40'),(110,451,140,'2017-05-18 19:16:44'),(110,451,147,'2017-05-19 14:31:46'),(110,452,148,'2017-05-19 11:02:32'),(110,452,149,'2017-05-18 19:45:09'),(110,452,151,'2017-05-18 18:54:45'),(110,451,152,'2017-05-18 19:42:27'),(110,452,153,'2017-05-18 18:30:23'),(110,453,154,'2017-05-18 19:02:22'),(110,452,155,'2017-05-18 18:50:29'),(110,451,159,'2017-05-19 12:41:51'),(110,452,160,'2017-05-18 19:53:51'),(110,453,161,'2017-05-18 18:53:37'),(110,451,162,'2017-05-18 18:15:48'),(110,452,163,'2017-05-19 14:21:40'),(110,451,164,'2017-05-18 18:58:50'),(110,453,165,'2017-05-18 18:44:23'),(110,452,166,'2017-05-19 10:36:35'),(110,453,168,'2017-05-19 10:43:54'),(110,454,170,'2017-05-19 14:34:40'),(110,453,171,'2017-05-18 20:10:37'),(110,451,173,'2017-05-19 17:48:27'),(110,453,174,'2017-05-18 19:09:52'),(110,451,175,'2017-05-28 16:19:24'),(110,453,178,'2017-05-19 11:18:28'),(110,451,179,'2017-05-18 18:46:02'),(110,451,180,'2017-05-19 11:31:25'),(110,454,181,'2017-05-18 19:16:06'),(110,453,182,'2017-05-18 19:42:22'),(110,451,183,'2017-05-19 18:31:02'),(110,451,184,'2017-05-18 22:36:07'),(110,451,185,'2017-05-19 18:55:02'),(110,453,187,'2017-05-19 01:55:33'),(110,453,188,'2017-05-18 18:51:54'),(110,453,191,'2017-05-19 19:09:39'),(110,454,193,'2017-05-18 19:20:12'),(110,454,194,'2017-05-18 19:16:35'),(110,452,195,'2017-05-28 16:18:49'),(110,452,197,'2017-05-19 11:37:18'),(110,451,198,'2017-05-19 03:25:34'),(110,452,199,'2017-05-19 11:23:29'),(110,453,201,'2017-05-19 14:11:31'),(111,456,125,'2017-05-17 20:07:49'),(111,456,126,'2017-05-17 15:50:48'),(111,456,128,'2017-05-28 16:11:05'),(111,456,130,'2017-05-17 19:55:41'),(111,458,131,'2017-05-17 19:33:21'),(111,457,133,'2017-05-17 20:21:01'),(111,456,136,'2017-05-17 19:53:42'),(111,456,139,'2017-05-17 18:07:12'),(111,456,140,'2017-05-18 18:20:20'),(111,456,147,'2017-05-17 20:08:00'),(111,458,148,'2017-05-19 11:01:07'),(111,456,149,'2017-05-17 20:03:37'),(111,456,151,'2017-05-17 20:19:28'),(111,456,152,'2017-05-17 20:18:44'),(111,456,153,'2017-05-17 21:23:32'),(111,456,154,'2017-05-17 22:20:01'),(111,457,155,'2017-05-18 18:07:21'),(111,456,159,'2017-05-19 12:45:33'),(111,456,160,'2017-05-17 19:54:45'),(111,456,161,'2017-05-17 20:29:59'),(111,456,162,'2017-05-17 18:50:24'),(111,457,163,'2017-05-19 14:20:17'),(111,456,164,'2017-05-17 20:00:11'),(111,456,165,'2017-05-18 18:36:43'),(111,457,166,'2017-05-17 20:01:06'),(111,456,167,'2017-05-17 20:23:38'),(111,456,168,'2017-05-18 16:06:58'),(111,458,170,'2017-05-19 14:34:00'),(111,456,171,'2017-05-17 20:50:35'),(111,456,173,'2017-05-19 17:48:03'),(111,457,174,'2017-05-18 19:09:12'),(111,456,175,'2017-05-18 18:03:51'),(111,457,178,'2017-05-18 15:34:32'),(111,456,179,'2017-05-18 17:13:06'),(111,456,180,'2017-05-19 11:29:40'),(111,458,181,'2017-05-17 20:00:31'),(111,457,182,'2017-05-17 20:36:41'),(111,456,183,'2017-05-28 16:11:15'),(111,457,184,'2017-05-18 15:35:02'),(111,456,185,'2017-05-17 21:31:12'),(111,456,186,'2017-05-17 21:21:56'),(111,458,187,'2017-05-18 16:18:30'),(111,456,188,'2017-05-18 18:50:18'),(111,456,189,'2017-05-17 19:36:28'),(111,457,191,'2017-05-19 19:09:39'),(111,457,193,'2017-05-18 16:56:27'),(111,457,194,'2017-05-18 13:02:31'),(111,456,195,'2017-05-18 16:59:38'),(111,457,197,'2017-05-28 16:08:51'),(111,457,198,'2017-05-19 03:24:43'),(111,457,199,'2017-05-19 11:18:33'),(111,456,200,'2017-05-19 19:32:41'),(111,457,201,'2017-05-19 14:08:21'),(112,461,125,'2017-05-17 20:07:49'),(112,461,126,'2017-05-17 15:50:48'),(112,461,128,'2017-05-28 16:12:02'),(112,461,130,'2017-05-17 19:55:41'),(112,461,131,'2017-05-17 19:33:21'),(112,461,133,'2017-05-17 20:21:01'),(112,461,136,'2017-05-17 19:53:42'),(112,461,139,'2017-05-17 18:07:12'),(112,461,140,'2017-05-18 18:20:20'),(112,461,147,'2017-05-17 20:08:00'),(112,461,148,'2017-05-19 11:01:07'),(112,461,149,'2017-05-17 20:03:37'),(112,461,151,'2017-05-17 20:19:28'),(112,461,152,'2017-05-17 20:18:44'),(112,461,153,'2017-05-17 21:23:32'),(112,461,154,'2017-05-17 22:20:01'),(112,461,155,'2017-05-18 18:07:21'),(112,461,159,'2017-05-19 12:45:33'),(112,461,160,'2017-05-17 19:54:45'),(112,461,161,'2017-05-17 20:29:59'),(112,461,162,'2017-05-17 18:50:24'),(112,461,163,'2017-05-19 14:20:17'),(112,461,164,'2017-05-17 20:00:11'),(112,461,165,'2017-05-18 18:36:43'),(112,461,166,'2017-05-17 20:01:06'),(112,461,167,'2017-05-17 20:23:38'),(112,461,168,'2017-05-18 16:06:58'),(112,462,170,'2017-05-19 14:34:00'),(112,461,171,'2017-05-17 20:50:35'),(112,461,173,'2017-05-19 17:48:03'),(112,461,174,'2017-05-18 19:09:12'),(112,461,175,'2017-05-18 18:03:51'),(112,461,178,'2017-05-18 15:34:32'),(112,461,179,'2017-05-18 17:13:06'),(112,461,180,'2017-05-19 11:29:40'),(112,461,181,'2017-05-17 20:00:31'),(112,461,182,'2017-05-17 20:36:41'),(112,461,183,'2017-05-28 16:12:06'),(112,461,184,'2017-05-18 15:35:02'),(112,461,185,'2017-05-17 21:31:12'),(112,461,186,'2017-05-17 21:21:56'),(112,461,187,'2017-05-18 16:18:30'),(112,461,188,'2017-05-18 18:50:18'),(112,461,189,'2017-05-17 19:36:28'),(112,461,191,'2017-05-19 19:09:39'),(112,461,193,'2017-05-18 16:56:27'),(112,461,194,'2017-05-18 13:02:31'),(112,461,195,'2017-05-18 16:59:38'),(112,461,197,'2017-05-28 16:09:34'),(112,461,198,'2017-05-19 03:24:43'),(112,461,199,'2017-05-19 11:18:33'),(112,461,200,'2017-05-19 19:32:41'),(112,461,201,'2017-05-19 14:08:21'),(113,465,125,'2017-05-17 20:07:49'),(113,464,126,'2017-05-17 15:50:48'),(113,464,128,'2017-05-28 16:12:38'),(113,463,130,'2017-05-17 19:55:41'),(113,464,131,'2017-05-17 19:33:21'),(113,464,133,'2017-05-17 20:21:01'),(113,464,136,'2017-05-17 19:53:42'),(113,464,139,'2017-05-17 18:07:12'),(113,463,140,'2017-05-18 18:20:20'),(113,464,147,'2017-05-17 20:08:00'),(113,464,148,'2017-05-19 11:01:07'),(113,464,149,'2017-05-17 20:03:37'),(113,464,151,'2017-05-17 20:19:28'),(113,463,152,'2017-05-17 20:18:44'),(113,464,153,'2017-05-17 21:23:32'),(113,464,154,'2017-05-17 22:20:01'),(113,463,155,'2017-05-18 18:07:21'),(113,464,159,'2017-05-19 12:45:33'),(113,464,160,'2017-05-17 19:54:45'),(113,464,161,'2017-05-17 20:29:59'),(113,464,162,'2017-05-17 18:50:24'),(113,464,163,'2017-05-19 14:20:17'),(113,464,164,'2017-05-17 20:00:11'),(113,463,165,'2017-05-18 18:36:43'),(113,464,166,'2017-05-17 20:01:06'),(113,464,167,'2017-05-17 20:23:38'),(113,465,168,'2017-05-18 16:06:58'),(113,465,170,'2017-05-19 14:34:00'),(113,464,171,'2017-05-17 20:50:35'),(113,464,173,'2017-05-19 17:48:03'),(113,463,174,'2017-05-18 19:09:12'),(113,464,175,'2017-05-18 18:03:51'),(113,464,178,'2017-05-18 15:34:32'),(113,464,179,'2017-05-18 17:13:06'),(113,464,180,'2017-05-19 11:29:40'),(113,464,181,'2017-05-17 20:00:31'),(113,465,182,'2017-05-17 20:36:41'),(113,464,183,'2017-05-28 16:12:44'),(113,465,184,'2017-05-18 15:35:02'),(113,464,185,'2017-05-17 21:31:12'),(113,464,186,'2017-05-17 21:21:56'),(113,464,187,'2017-05-18 16:18:30'),(113,464,188,'2017-05-18 18:50:18'),(113,464,189,'2017-05-17 19:36:28'),(113,463,191,'2017-05-19 19:09:39'),(113,465,193,'2017-05-18 16:56:27'),(113,464,194,'2017-05-18 13:02:31'),(113,463,195,'2017-05-18 16:59:38'),(113,464,197,'2017-05-28 16:10:07'),(113,464,198,'2017-05-19 03:24:43'),(113,464,199,'2017-05-19 11:18:33'),(113,463,200,'2017-05-19 19:32:41'),(113,464,201,'2017-05-19 14:08:21'),(114,466,125,'2017-05-17 20:07:49'),(114,466,126,'2017-05-17 15:50:48'),(114,466,128,'2017-05-28 16:13:58'),(114,466,130,'2017-05-17 19:55:41'),(114,468,131,'2017-05-17 19:33:21'),(114,466,133,'2017-05-17 20:21:01'),(114,466,136,'2017-05-17 19:53:42'),(114,466,139,'2017-05-17 18:07:12'),(114,466,140,'2017-05-18 18:20:20'),(114,466,147,'2017-05-17 20:08:00'),(114,468,148,'2017-05-19 11:01:07'),(114,466,149,'2017-05-17 20:03:37'),(114,466,151,'2017-05-17 20:19:28'),(114,466,152,'2017-05-17 20:18:44'),(114,466,153,'2017-05-17 21:23:32'),(114,467,154,'2017-05-17 22:20:01'),(114,466,155,'2017-05-18 18:07:21'),(114,466,159,'2017-05-19 12:45:33'),(114,466,160,'2017-05-17 19:54:45'),(114,466,161,'2017-05-17 20:29:59'),(114,466,162,'2017-05-17 18:50:25'),(114,468,163,'2017-05-19 14:20:17'),(114,467,164,'2017-05-17 20:00:11'),(114,466,165,'2017-05-18 18:36:43'),(114,467,166,'2017-05-17 20:01:06'),(114,466,167,'2017-05-17 20:23:38'),(114,466,168,'2017-05-18 16:06:58'),(114,468,170,'2017-05-19 14:34:00'),(114,466,171,'2017-05-17 20:50:35'),(114,467,173,'2017-05-19 17:48:03'),(114,466,174,'2017-05-18 19:09:12'),(114,466,175,'2017-05-18 18:03:51'),(114,466,178,'2017-05-18 15:34:32'),(114,466,179,'2017-05-18 17:13:06'),(114,466,180,'2017-05-19 11:29:40'),(114,467,181,'2017-05-17 20:00:31'),(114,467,182,'2017-05-17 20:36:41'),(114,466,183,'2017-05-28 16:13:54'),(114,467,184,'2017-05-18 15:35:02'),(114,466,185,'2017-05-17 21:31:12'),(114,466,186,'2017-05-17 21:21:56'),(114,468,187,'2017-05-18 16:18:30'),(114,466,188,'2017-05-18 18:50:18'),(114,466,189,'2017-05-17 19:36:28'),(114,467,191,'2017-05-19 19:09:39'),(114,467,193,'2017-05-18 16:56:27'),(114,467,194,'2017-05-18 13:02:31'),(114,467,195,'2017-05-18 16:59:38'),(114,467,197,'2017-05-28 16:10:32'),(114,467,198,'2017-05-19 03:24:43'),(114,467,199,'2017-05-19 11:18:33'),(114,466,200,'2017-05-19 19:32:41'),(114,468,201,'2017-05-19 14:08:21'),(115,471,126,'2017-05-17 15:52:03'),(115,471,128,'2017-05-19 19:01:38'),(115,472,130,'2017-05-19 14:05:21'),(115,471,136,'2017-05-19 19:16:58'),(115,471,140,'2017-12-12 15:14:30'),(115,471,147,'2017-05-19 15:48:41'),(115,471,149,'2017-05-19 13:18:41'),(115,472,151,'2017-05-19 09:27:15'),(115,472,152,'2017-05-19 13:25:04'),(115,471,153,'2017-05-19 13:40:16'),(115,471,154,'2017-05-19 15:33:47'),(115,472,155,'2017-05-19 14:21:00'),(115,472,160,'2017-05-19 18:44:07'),(115,471,163,'2017-05-19 14:22:04'),(115,471,164,'2017-05-19 14:09:49'),(115,471,165,'2017-05-19 18:59:34'),(115,471,166,'2017-05-19 14:26:43'),(115,471,170,'2017-05-19 14:34:51'),(115,471,174,'2017-05-19 18:55:26'),(115,471,178,'2017-05-19 14:57:43'),(115,471,179,'2017-05-19 10:20:05'),(115,471,180,'2017-05-19 14:07:50'),(115,471,184,'2017-05-18 22:38:05'),(115,471,185,'2017-05-19 18:55:28'),(115,472,195,'2017-05-19 14:45:58'),(115,472,197,'2017-05-19 18:55:43'),(115,472,198,'2017-05-19 03:25:51'),(116,476,126,'2017-05-17 15:52:03'),(116,476,128,'2017-05-19 19:01:38'),(116,476,130,'2017-05-19 14:05:21'),(116,476,136,'2017-05-19 19:16:58'),(116,477,140,'2017-12-12 15:14:30'),(116,476,147,'2017-05-19 15:48:41'),(116,476,149,'2017-05-19 13:18:41'),(116,476,151,'2017-05-19 09:27:15'),(116,476,152,'2017-05-19 13:25:04'),(116,476,153,'2017-05-19 13:40:16'),(116,476,154,'2017-05-19 15:33:47'),(116,476,155,'2017-05-19 14:21:00'),(116,476,160,'2017-05-19 18:44:07'),(116,476,163,'2017-05-19 14:22:04'),(116,476,164,'2017-05-19 14:09:49'),(116,476,165,'2017-05-19 18:59:34'),(116,476,166,'2017-05-19 14:26:43'),(116,476,170,'2017-05-19 14:34:51'),(116,476,174,'2017-05-19 18:55:26'),(116,476,178,'2017-05-19 14:57:43'),(116,476,179,'2017-05-19 10:20:05'),(116,476,180,'2017-05-19 14:07:50'),(116,476,184,'2017-05-18 22:38:05'),(116,476,185,'2017-05-19 18:55:28'),(116,476,195,'2017-05-19 14:45:58'),(116,476,197,'2017-05-19 18:55:43'),(116,476,198,'2017-05-19 03:25:51'),(117,479,126,'2017-05-17 15:52:03'),(117,479,128,'2017-05-19 19:01:38'),(117,479,130,'2017-05-19 14:05:21'),(117,479,136,'2017-05-19 19:16:58'),(117,480,140,'2017-12-12 15:14:30'),(117,479,147,'2017-05-19 15:48:41'),(117,478,149,'2017-05-19 13:18:41'),(117,478,151,'2017-05-19 09:27:15'),(117,479,152,'2017-05-19 13:25:04'),(117,479,153,'2017-05-19 13:40:16'),(117,478,154,'2017-05-19 15:33:47'),(117,479,155,'2017-05-19 14:21:00'),(117,479,160,'2017-05-19 18:44:07'),(117,479,163,'2017-05-19 14:22:04'),(117,478,164,'2017-05-19 14:09:49'),(117,478,165,'2017-05-19 18:59:34'),(117,478,166,'2017-05-19 14:26:43'),(117,479,170,'2017-05-19 14:34:51'),(117,478,174,'2017-05-19 18:55:26'),(117,479,178,'2017-05-19 14:57:43'),(117,478,179,'2017-05-19 10:20:05'),(117,479,180,'2017-05-19 14:07:50'),(117,479,184,'2017-05-18 22:38:05'),(117,479,185,'2017-05-19 18:55:28'),(117,479,195,'2017-05-19 14:45:58'),(117,478,197,'2017-05-19 18:55:43'),(117,479,198,'2017-05-19 03:25:51'),(118,481,126,'2017-05-17 15:52:03'),(118,481,128,'2017-05-19 19:01:39'),(118,482,130,'2017-05-19 14:05:21'),(118,481,136,'2017-05-19 19:16:58'),(118,483,140,'2017-12-12 15:14:30'),(118,481,147,'2017-05-19 15:48:41'),(118,481,149,'2017-05-19 13:18:41'),(118,482,151,'2017-05-19 09:27:15'),(118,482,152,'2017-05-19 13:25:04'),(118,481,153,'2017-05-19 13:40:16'),(118,481,154,'2017-05-19 15:33:47'),(118,482,155,'2017-05-19 14:21:00'),(118,482,160,'2017-05-19 18:44:07'),(118,481,163,'2017-05-19 14:22:04'),(118,481,164,'2017-05-19 14:09:49'),(118,482,165,'2017-05-19 18:59:34'),(118,481,166,'2017-05-19 14:26:43'),(118,481,170,'2017-05-19 14:34:51'),(118,481,174,'2017-05-19 18:55:26'),(118,481,178,'2017-05-19 14:57:43'),(118,481,179,'2017-05-19 10:20:05'),(118,481,180,'2017-05-19 14:07:50'),(118,481,184,'2017-05-18 22:38:05'),(118,481,185,'2017-05-19 18:55:28'),(118,482,195,'2017-05-19 14:45:58'),(118,482,197,'2017-05-19 18:55:43'),(118,482,198,'2017-05-19 03:25:51'),(119,486,126,'2017-05-17 17:09:13'),(119,486,128,'2017-05-19 19:01:33'),(119,486,136,'2017-05-19 19:17:19'),(119,490,140,'2017-12-12 15:14:57'),(119,486,147,'2017-05-19 15:48:24'),(119,486,149,'2017-05-19 13:19:05'),(119,487,151,'2017-05-19 09:27:29'),(119,487,152,'2017-05-19 13:25:49'),(119,486,153,'2017-05-19 10:49:37'),(119,487,155,'2017-05-19 14:21:12'),(119,486,163,'2017-05-19 14:22:28'),(119,486,164,'2017-05-19 14:09:58'),(119,486,166,'2017-05-19 14:26:35'),(119,486,174,'2017-05-19 18:55:40'),(119,486,175,'2017-05-19 19:04:46'),(119,486,178,'2017-05-19 14:58:55'),(119,486,179,'2017-05-19 10:20:20'),(119,486,180,'2017-05-19 14:36:43'),(119,486,183,'2017-05-19 18:30:46'),(119,486,184,'2017-05-19 11:18:25'),(119,486,193,'2017-05-19 14:16:07'),(119,486,194,'2017-05-19 16:25:51'),(119,487,195,'2017-05-19 14:45:10'),(119,486,198,'2017-05-19 03:26:04'),(119,486,199,'2017-05-19 14:24:06'),(120,491,126,'2017-05-17 17:09:13'),(120,491,128,'2017-05-19 19:01:33'),(120,491,136,'2017-05-19 19:17:19'),(120,491,140,'2017-12-12 15:14:57'),(120,491,147,'2017-05-19 15:48:24'),(120,491,149,'2017-05-19 13:19:05'),(120,491,151,'2017-05-19 09:27:29'),(120,491,152,'2017-05-19 13:25:49'),(120,491,153,'2017-05-19 10:49:37'),(120,491,155,'2017-05-19 14:21:12'),(120,491,163,'2017-05-19 14:22:28'),(120,491,164,'2017-05-19 14:09:58'),(120,491,166,'2017-05-19 14:26:35'),(120,491,174,'2017-05-19 18:55:40'),(120,491,175,'2017-05-19 19:04:46'),(120,491,178,'2017-05-19 14:58:55'),(120,491,179,'2017-05-19 10:20:20'),(120,491,180,'2017-05-19 14:36:43'),(120,491,183,'2017-05-19 18:30:46'),(120,491,184,'2017-05-19 11:18:25'),(120,491,193,'2017-05-19 14:16:07'),(120,491,194,'2017-05-19 16:25:51'),(120,491,195,'2017-05-19 14:45:10'),(120,491,198,'2017-05-19 03:26:04'),(120,491,199,'2017-05-19 14:24:06'),(121,494,126,'2017-05-17 17:09:13'),(121,494,128,'2017-05-19 19:01:33'),(121,494,136,'2017-05-19 19:17:19'),(121,493,140,'2017-12-12 15:14:57'),(121,494,147,'2017-05-19 15:48:24'),(121,494,149,'2017-05-19 13:19:05'),(121,494,151,'2017-05-19 09:27:29'),(121,494,152,'2017-05-19 13:25:49'),(121,494,153,'2017-05-19 10:49:37'),(121,494,155,'2017-05-19 14:21:12'),(121,494,163,'2017-05-19 14:22:28'),(121,494,164,'2017-05-19 14:09:58'),(121,493,166,'2017-05-19 14:26:35'),(121,494,174,'2017-05-19 18:55:40'),(121,494,175,'2017-05-19 19:04:46'),(121,494,178,'2017-05-19 14:58:55'),(121,493,179,'2017-05-19 10:20:20'),(121,494,180,'2017-05-19 14:36:43'),(121,493,183,'2017-05-19 18:30:46'),(121,494,184,'2017-05-19 11:18:25'),(121,494,193,'2017-05-19 14:16:07'),(121,493,194,'2017-05-19 16:25:51'),(121,494,195,'2017-05-19 14:45:10'),(121,494,198,'2017-05-19 03:26:04'),(121,494,199,'2017-05-19 14:24:06'),(122,496,126,'2017-05-17 17:09:13'),(122,497,128,'2017-05-19 19:01:33'),(122,496,136,'2017-05-19 19:17:19'),(122,496,140,'2017-12-12 15:14:57'),(122,496,147,'2017-05-19 15:48:24'),(122,496,149,'2017-05-19 13:19:05'),(122,497,151,'2017-05-19 09:27:29'),(122,497,152,'2017-05-19 13:25:49'),(122,496,153,'2017-05-19 10:49:37'),(122,497,155,'2017-05-19 14:21:12'),(122,497,163,'2017-05-19 14:22:28'),(122,496,164,'2017-05-19 14:09:58'),(122,496,166,'2017-05-19 14:26:35'),(122,496,174,'2017-05-19 18:55:40'),(122,496,175,'2017-05-19 19:04:46'),(122,496,178,'2017-05-19 14:58:55'),(122,496,179,'2017-05-19 10:20:20'),(122,496,180,'2017-05-19 14:36:43'),(122,496,183,'2017-05-19 18:30:46'),(122,496,184,'2017-05-19 11:18:25'),(122,496,193,'2017-05-19 14:16:07'),(122,496,194,'2017-05-19 16:25:51'),(122,497,195,'2017-05-19 14:45:10'),(122,497,198,'2017-05-19 03:26:04'),(122,496,199,'2017-05-19 14:24:06'),(123,501,125,'2017-05-19 19:11:52'),(123,501,126,'2017-05-17 17:09:08'),(123,501,128,'2017-05-19 09:54:20'),(123,501,136,'2017-05-28 17:41:08'),(123,501,147,'2017-05-19 15:48:16'),(123,502,148,'2017-05-19 15:37:42'),(123,501,149,'2017-05-19 13:19:39'),(123,502,151,'2017-05-19 09:27:44'),(123,502,152,'2017-05-19 13:26:01'),(123,501,153,'2017-05-19 10:49:53'),(123,501,155,'2017-05-19 17:38:26'),(123,501,159,'2017-05-19 12:46:14'),(123,501,161,'2017-05-19 14:06:24'),(123,502,162,'2017-05-19 11:41:15'),(123,501,163,'2017-05-19 14:22:41'),(123,501,164,'2017-05-19 14:07:37'),(123,501,166,'2017-05-19 14:26:28'),(123,501,168,'2017-05-19 16:00:48'),(123,501,171,'2017-05-19 18:59:26'),(123,501,173,'2017-05-19 17:48:40'),(123,502,174,'2017-05-19 18:56:06'),(123,501,175,'2017-05-19 18:54:58'),(123,501,179,'2017-05-19 10:20:45'),(123,501,180,'2017-05-19 14:36:55'),(123,501,181,'2017-05-19 15:01:10'),(123,501,182,'2017-05-19 18:40:36'),(123,501,184,'2017-05-18 22:38:46'),(123,502,191,'2017-05-19 19:09:32'),(123,502,195,'2017-05-19 14:43:57'),(123,501,198,'2017-05-19 03:26:16'),(123,502,201,'2017-05-19 14:10:39'),(124,506,125,'2017-05-19 19:11:52'),(124,506,126,'2017-05-17 17:09:08'),(124,506,128,'2017-05-19 09:54:20'),(124,506,136,'2017-05-28 17:41:34'),(124,506,147,'2017-05-19 15:48:16'),(124,506,148,'2017-05-19 15:37:42'),(124,506,149,'2017-05-19 13:19:39'),(124,506,151,'2017-05-19 09:27:44'),(124,506,152,'2017-05-19 13:26:01'),(124,506,153,'2017-05-19 10:49:53'),(124,506,155,'2017-05-19 17:38:26'),(124,506,159,'2017-05-19 12:46:14'),(124,506,161,'2017-05-19 14:06:24'),(124,506,162,'2017-05-19 11:41:15'),(124,506,163,'2017-05-19 14:22:41'),(124,506,164,'2017-05-19 14:07:37'),(124,506,166,'2017-05-19 14:26:28'),(124,506,168,'2017-05-19 16:00:48'),(124,506,171,'2017-05-19 18:59:26'),(124,506,173,'2017-05-19 17:48:40'),(124,506,174,'2017-05-19 18:56:06'),(124,506,175,'2017-05-19 18:54:58'),(124,506,179,'2017-05-19 10:20:45'),(124,506,180,'2017-05-19 14:36:55'),(124,506,181,'2017-05-19 15:01:10'),(124,506,182,'2017-05-19 18:40:36'),(124,506,184,'2017-05-18 22:38:46'),(124,506,191,'2017-05-19 19:09:32'),(124,506,195,'2017-05-19 14:43:57'),(124,506,198,'2017-05-19 03:26:16'),(124,506,201,'2017-05-19 14:10:39'),(125,509,125,'2017-05-19 19:11:52'),(125,508,126,'2017-05-17 17:09:08'),(125,509,128,'2017-05-19 09:54:20'),(125,509,136,'2017-05-28 17:42:13'),(125,509,147,'2017-05-19 15:48:16'),(125,509,148,'2017-05-19 15:37:42'),(125,509,149,'2017-05-19 13:19:39'),(125,509,151,'2017-05-19 09:27:44'),(125,509,152,'2017-05-19 13:26:01'),(125,509,153,'2017-05-19 10:49:53'),(125,508,155,'2017-05-19 17:38:26'),(125,509,159,'2017-05-19 12:46:14'),(125,509,161,'2017-05-19 14:06:24'),(125,509,162,'2017-05-19 11:41:15'),(125,509,163,'2017-05-19 14:22:41'),(125,509,164,'2017-05-19 14:07:37'),(125,508,166,'2017-05-19 14:26:28'),(125,508,168,'2017-05-19 16:00:48'),(125,508,171,'2017-05-19 18:59:26'),(125,509,173,'2017-05-19 17:48:40'),(125,510,174,'2017-05-19 18:56:06'),(125,508,175,'2017-05-19 18:54:58'),(125,508,179,'2017-05-19 10:20:45'),(125,509,180,'2017-05-19 14:36:55'),(125,509,181,'2017-05-19 15:01:10'),(125,508,182,'2017-05-19 18:40:36'),(125,509,184,'2017-05-18 22:38:46'),(125,509,191,'2017-05-19 19:09:32'),(125,509,195,'2017-05-19 14:43:57'),(125,508,198,'2017-05-19 03:26:16'),(125,509,201,'2017-05-19 14:10:39'),(126,512,125,'2017-05-19 19:11:52'),(126,511,126,'2017-05-17 17:09:08'),(126,511,128,'2017-05-19 09:54:20'),(126,511,136,'2017-05-28 17:42:37'),(126,511,147,'2017-05-19 15:48:16'),(126,511,148,'2017-05-19 15:37:42'),(126,511,149,'2017-05-19 13:19:39'),(126,512,151,'2017-05-19 09:27:44'),(126,512,152,'2017-05-19 13:26:01'),(126,511,153,'2017-05-19 10:49:53'),(126,511,155,'2017-05-19 17:38:26'),(126,511,159,'2017-05-19 12:46:14'),(126,511,161,'2017-05-19 14:06:24'),(126,512,162,'2017-05-19 11:41:15'),(126,512,163,'2017-05-19 14:22:41'),(126,511,164,'2017-05-19 14:07:37'),(126,511,166,'2017-05-19 14:26:28'),(126,511,168,'2017-05-19 16:00:48'),(126,511,171,'2017-05-19 18:59:26'),(126,511,173,'2017-05-19 17:48:40'),(126,512,174,'2017-05-19 18:56:06'),(126,511,175,'2017-05-19 18:54:58'),(126,511,179,'2017-05-19 10:20:45'),(126,511,180,'2017-05-19 14:36:55'),(126,511,181,'2017-05-19 15:01:10'),(126,511,182,'2017-05-19 18:40:36'),(126,511,184,'2017-05-18 22:38:46'),(126,513,191,'2017-05-19 19:09:32'),(126,512,195,'2017-05-19 14:43:57'),(126,512,198,'2017-05-19 03:26:16'),(126,512,201,'2017-05-19 14:10:39'),(127,517,125,'2017-05-19 19:04:54'),(127,516,126,'2017-05-19 11:41:20'),(127,516,128,'2017-05-19 09:52:22'),(127,516,130,'2017-05-19 19:07:00'),(127,516,136,'2017-05-19 15:00:26'),(127,516,147,'2017-05-19 14:40:42'),(127,516,148,'2017-05-19 10:54:09'),(127,516,149,'2017-05-19 13:18:42'),(127,516,151,'2017-05-19 09:25:55'),(127,516,152,'2017-05-19 09:41:11'),(127,516,153,'2017-05-19 09:16:39'),(127,516,154,'2017-05-19 15:31:32'),(127,517,155,'2017-05-19 10:48:14'),(127,516,159,'2017-05-19 12:43:53'),(127,516,160,'2017-05-19 13:28:04'),(127,516,161,'2017-05-19 14:10:13'),(127,517,162,'2017-05-19 11:40:58'),(127,516,163,'2017-05-19 14:17:25'),(127,516,164,'2017-05-19 14:09:26'),(127,517,165,'2017-05-19 19:02:01'),(127,516,166,'2017-05-19 10:45:01'),(127,516,168,'2017-05-19 18:10:24'),(127,518,170,'2017-05-19 19:07:16'),(127,516,173,'2017-05-19 17:46:33'),(127,516,174,'2017-05-19 18:58:58'),(127,516,175,'2017-05-19 14:37:27'),(127,517,178,'2017-05-19 11:20:12'),(127,516,179,'2017-05-19 10:11:48'),(127,517,180,'2017-05-19 11:26:03'),(127,517,181,'2017-05-19 17:49:35'),(127,516,182,'2017-05-19 15:57:42'),(127,516,183,'2017-05-19 18:29:33'),(127,516,184,'2017-05-19 11:20:12'),(127,516,185,'2017-05-19 14:33:08'),(127,517,190,'2017-05-19 15:32:35'),(127,517,191,'2017-05-19 19:05:53'),(127,517,193,'2017-05-19 14:19:46'),(127,516,194,'2017-05-19 10:48:16'),(127,517,195,'2017-05-19 14:40:51'),(127,517,197,'2017-05-19 16:10:49'),(127,516,200,'2017-05-19 19:30:45'),(127,517,201,'2017-05-19 14:05:26'),(128,523,125,'2017-05-19 19:04:54'),(128,521,126,'2017-05-19 11:41:20'),(128,521,128,'2017-05-19 09:52:22'),(128,522,130,'2017-05-19 19:07:00'),(128,521,136,'2017-05-19 15:00:26'),(128,521,147,'2017-05-19 14:40:42'),(128,522,148,'2017-05-19 10:54:09'),(128,521,149,'2017-05-19 13:18:42'),(128,522,151,'2017-05-19 09:25:55'),(128,521,152,'2017-05-19 09:41:11'),(128,521,153,'2017-05-19 09:16:39'),(128,522,154,'2017-05-19 15:31:32'),(128,522,155,'2017-05-19 10:48:14'),(128,521,159,'2017-05-19 12:43:53'),(128,523,160,'2017-05-19 13:28:04'),(128,521,161,'2017-05-19 14:10:13'),(128,522,162,'2017-05-19 11:40:58'),(128,522,163,'2017-05-19 14:17:25'),(128,522,164,'2017-05-19 14:09:26'),(128,522,165,'2017-05-19 19:02:01'),(128,521,166,'2017-05-19 10:45:01'),(128,522,168,'2017-05-19 18:10:24'),(128,524,170,'2017-05-19 19:07:16'),(128,522,173,'2017-05-19 17:46:33'),(128,521,174,'2017-05-19 18:58:58'),(128,522,175,'2017-05-19 14:37:27'),(128,522,178,'2017-05-19 11:20:12'),(128,522,179,'2017-05-19 10:11:48'),(128,522,180,'2017-05-19 11:26:03'),(128,523,181,'2017-05-19 17:49:35'),(128,523,182,'2017-05-19 15:57:42'),(128,521,183,'2017-05-19 18:29:33'),(128,522,184,'2017-05-19 11:20:12'),(128,521,185,'2017-05-19 14:33:08'),(128,522,190,'2017-05-19 15:32:35'),(128,522,191,'2017-05-19 19:05:53'),(128,524,193,'2017-05-19 14:19:46'),(128,522,194,'2017-05-19 10:48:16'),(128,523,195,'2017-05-19 14:40:51'),(128,521,197,'2017-05-19 16:10:49'),(128,521,200,'2017-05-19 19:30:45'),(128,523,201,'2017-05-19 14:05:26'),(129,526,125,'2017-05-19 19:04:54'),(129,527,126,'2017-05-19 11:41:20'),(129,526,128,'2017-05-19 09:52:22'),(129,526,130,'2017-05-19 19:07:00'),(129,526,136,'2017-05-19 15:00:26'),(129,526,147,'2017-05-19 14:40:42'),(129,526,148,'2017-05-19 10:54:09'),(129,526,149,'2017-05-19 13:18:42'),(129,526,151,'2017-05-19 09:25:55'),(129,526,152,'2017-05-19 09:41:11'),(129,526,153,'2017-05-19 09:16:39'),(129,526,154,'2017-05-19 15:31:32'),(129,526,155,'2017-05-19 10:48:14'),(129,526,159,'2017-05-19 12:43:53'),(129,526,160,'2017-05-19 13:28:04'),(129,526,161,'2017-05-19 14:10:13'),(129,526,162,'2017-05-19 11:40:58'),(129,527,163,'2017-05-19 14:17:25'),(129,526,164,'2017-05-19 14:09:26'),(129,526,165,'2017-05-19 19:02:01'),(129,526,166,'2017-05-19 10:45:01'),(129,526,168,'2017-05-19 18:10:24'),(129,526,170,'2017-05-19 19:07:16'),(129,526,173,'2017-05-19 17:46:33'),(129,526,174,'2017-05-19 18:58:58'),(129,526,175,'2017-05-19 14:37:27'),(129,526,178,'2017-05-19 11:20:12'),(129,526,179,'2017-05-19 10:11:48'),(129,526,180,'2017-05-19 11:26:03'),(129,527,181,'2017-05-19 17:49:35'),(129,526,182,'2017-05-19 15:57:42'),(129,528,183,'2017-05-19 18:29:33'),(129,528,184,'2017-05-19 11:20:12'),(129,526,185,'2017-05-19 14:33:08'),(129,526,190,'2017-05-19 15:32:35'),(129,526,191,'2017-05-19 19:05:53'),(129,526,193,'2017-05-19 14:19:46'),(129,526,194,'2017-05-19 10:48:16'),(129,526,195,'2017-05-19 14:40:51'),(129,526,197,'2017-05-19 16:10:49'),(129,526,200,'2017-05-19 19:30:45'),(129,526,201,'2017-05-19 14:05:26'),(130,531,125,'2017-05-19 19:04:54'),(130,531,126,'2017-05-19 11:41:20'),(130,531,128,'2017-05-19 09:52:22'),(130,529,130,'2017-05-19 19:07:00'),(130,531,136,'2017-05-19 15:00:26'),(130,531,147,'2017-05-19 14:40:42'),(130,531,148,'2017-05-19 10:54:09'),(130,529,149,'2017-05-19 13:18:42'),(130,529,151,'2017-05-19 09:25:55'),(130,529,152,'2017-05-19 09:41:11'),(130,529,153,'2017-05-19 09:16:39'),(130,529,154,'2017-05-19 15:31:32'),(130,531,155,'2017-05-19 10:48:14'),(130,531,159,'2017-05-19 12:43:53'),(130,529,160,'2017-05-19 13:28:04'),(130,531,161,'2017-05-19 14:10:13'),(130,531,162,'2017-05-19 11:40:58'),(130,529,163,'2017-05-19 14:17:25'),(130,529,164,'2017-05-19 14:09:26'),(130,529,165,'2017-05-19 19:02:01'),(130,531,166,'2017-05-19 10:45:01'),(130,531,168,'2017-05-19 18:10:24'),(130,529,170,'2017-05-19 19:07:16'),(130,531,173,'2017-05-19 17:46:33'),(130,530,174,'2017-05-19 18:58:58'),(130,530,175,'2017-05-19 14:37:27'),(130,530,178,'2017-05-19 11:20:12'),(130,530,179,'2017-05-19 10:11:48'),(130,529,180,'2017-05-19 11:26:03'),(130,531,181,'2017-05-19 17:49:35'),(130,531,182,'2017-05-19 15:57:42'),(130,530,183,'2017-05-19 18:29:33'),(130,530,184,'2017-05-19 11:20:12'),(130,529,185,'2017-05-19 14:33:08'),(130,531,191,'2017-05-19 19:05:53'),(130,530,193,'2017-05-19 14:19:46'),(130,530,194,'2017-05-19 10:48:16'),(130,531,195,'2017-05-19 14:40:51'),(130,531,197,'2017-05-19 16:10:49'),(130,531,200,'2017-05-19 19:30:45'),(130,531,201,'2017-05-19 14:05:26'),(131,533,125,'2017-05-19 19:04:54'),(131,534,126,'2017-05-19 11:41:20'),(131,535,128,'2017-05-19 09:52:22'),(131,535,130,'2017-05-19 19:07:00'),(131,534,136,'2017-05-19 15:00:26'),(131,534,147,'2017-05-19 14:40:42'),(131,535,148,'2017-05-19 10:54:09'),(131,535,149,'2017-05-19 13:18:42'),(131,535,151,'2017-05-19 09:25:55'),(131,534,152,'2017-05-19 09:41:11'),(131,534,153,'2017-05-19 09:16:39'),(131,535,154,'2017-05-19 15:31:32'),(131,535,155,'2017-05-19 10:48:14'),(131,534,159,'2017-05-19 12:43:53'),(131,534,160,'2017-05-19 13:28:04'),(131,534,161,'2017-05-19 14:10:13'),(131,534,162,'2017-05-19 11:40:58'),(131,534,163,'2017-05-19 14:17:25'),(131,536,164,'2017-05-19 14:09:26'),(131,534,165,'2017-05-19 19:02:01'),(131,534,166,'2017-05-19 10:45:01'),(131,534,168,'2017-05-19 18:10:24'),(131,535,170,'2017-05-19 19:07:16'),(131,534,173,'2017-05-19 17:46:33'),(131,535,174,'2017-05-19 18:58:58'),(131,534,175,'2017-05-19 14:37:27'),(131,534,178,'2017-05-19 11:20:12'),(131,536,179,'2017-05-19 10:11:48'),(131,534,180,'2017-05-19 11:26:03'),(131,534,181,'2017-05-19 17:49:35'),(131,534,182,'2017-05-19 15:57:42'),(131,535,183,'2017-05-19 18:29:33'),(131,533,184,'2017-05-19 11:20:12'),(131,534,185,'2017-05-19 14:33:08'),(131,535,190,'2017-05-19 15:32:35'),(131,534,191,'2017-05-19 19:05:53'),(131,534,193,'2017-05-19 14:19:46'),(131,534,194,'2017-05-19 10:48:16'),(131,534,195,'2017-05-19 14:40:51'),(131,534,197,'2017-05-19 16:10:49'),(131,534,200,'2017-05-19 19:30:45'),(131,534,201,'2017-05-19 14:05:26'),(132,539,125,'2017-05-19 19:04:54'),(132,539,126,'2017-05-19 11:41:20'),(132,541,128,'2017-05-19 09:52:22'),(132,539,130,'2017-05-19 19:07:00'),(132,539,136,'2017-05-19 15:00:26'),(132,537,147,'2017-05-19 14:40:42'),(132,539,148,'2017-05-19 10:54:09'),(132,541,149,'2017-05-19 13:18:42'),(132,539,151,'2017-05-19 09:25:55'),(132,539,152,'2017-05-19 09:41:11'),(132,539,153,'2017-05-19 09:16:39'),(132,537,154,'2017-05-19 15:31:32'),(132,537,155,'2017-05-19 10:48:14'),(132,539,159,'2017-05-19 12:43:53'),(132,541,160,'2017-05-19 13:28:04'),(132,539,161,'2017-05-19 14:10:13'),(132,537,162,'2017-05-19 11:40:58'),(132,539,163,'2017-05-19 14:17:25'),(132,539,164,'2017-05-19 14:09:26'),(132,537,165,'2017-05-19 19:02:01'),(132,539,166,'2017-05-19 10:45:01'),(132,539,168,'2017-05-19 18:10:24'),(132,541,170,'2017-05-19 19:07:16'),(132,539,173,'2017-05-19 17:46:33'),(132,538,174,'2017-05-19 18:58:58'),(132,539,175,'2017-05-19 14:37:27'),(132,537,178,'2017-05-19 11:20:12'),(132,538,179,'2017-05-19 10:11:48'),(132,537,180,'2017-05-19 11:26:03'),(132,538,181,'2017-05-19 17:49:35'),(132,541,182,'2017-05-19 15:57:42'),(132,540,183,'2017-05-19 18:29:33'),(132,537,184,'2017-05-19 11:20:12'),(132,539,185,'2017-05-19 14:33:08'),(132,540,190,'2017-05-19 15:32:35'),(132,538,191,'2017-05-19 19:05:53'),(132,539,193,'2017-05-19 14:19:46'),(132,539,194,'2017-05-19 10:48:16'),(132,539,195,'2017-05-19 14:40:51'),(132,539,197,'2017-05-19 16:10:49'),(132,541,200,'2017-05-19 19:30:45'),(132,538,201,'2017-05-19 14:05:26'),(133,543,125,'2017-05-19 12:43:13'),(133,544,126,'2017-05-19 11:40:51'),(133,546,128,'2017-05-19 19:02:21'),(133,544,130,'2017-05-19 19:06:04'),(133,544,136,'2017-05-19 14:59:57'),(133,545,147,'2017-05-19 15:48:01'),(133,544,148,'2017-05-19 15:36:28'),(133,545,149,'2017-05-19 13:17:34'),(133,545,151,'2017-05-19 09:26:52'),(133,545,152,'2017-05-19 09:41:52'),(133,546,153,'2017-05-19 09:17:36'),(133,545,154,'2017-05-19 15:32:51'),(133,544,155,'2017-05-19 10:46:16'),(133,545,159,'2017-05-19 12:44:54'),(133,543,160,'2017-05-19 13:27:58'),(133,546,161,'2017-05-19 14:08:05'),(133,544,162,'2017-05-19 11:40:17'),(133,546,163,'2017-05-19 14:18:19'),(133,544,164,'2017-05-19 14:08:30'),(133,545,165,'2017-05-19 19:00:32'),(133,546,166,'2017-05-19 10:41:51'),(133,545,168,'2017-05-19 10:41:30'),(133,544,170,'2017-05-19 14:33:30'),(133,544,171,'2017-05-19 10:59:00'),(133,544,173,'2017-05-19 17:47:16'),(133,546,174,'2017-05-19 18:56:47'),(133,544,175,'2017-05-19 14:36:46'),(133,545,178,'2017-05-19 11:19:25'),(133,546,179,'2017-05-19 10:12:26'),(133,544,180,'2017-05-19 11:26:57'),(133,544,181,'2017-05-19 17:52:02'),(133,546,182,'2017-05-19 15:56:09'),(133,545,183,'2017-05-19 18:32:37'),(133,545,184,'2017-05-19 11:19:24'),(133,545,185,'2017-05-19 14:36:49'),(133,542,191,'2017-05-19 19:07:16'),(133,545,193,'2017-05-19 14:17:59'),(133,545,194,'2017-05-19 10:47:04'),(133,544,195,'2017-05-19 14:41:49'),(133,544,197,'2017-05-19 18:55:08'),(133,545,199,'2017-05-19 11:15:43'),(133,545,200,'2017-05-19 19:33:23'),(133,544,201,'2017-05-19 14:07:23'),(134,549,125,'2017-05-19 12:43:13'),(134,550,126,'2017-05-19 11:40:51'),(134,551,128,'2017-05-19 19:02:21'),(134,549,130,'2017-05-19 19:06:04'),(134,547,136,'2017-05-19 14:59:57'),(134,547,147,'2017-05-19 15:48:01'),(134,550,148,'2017-05-19 15:36:28'),(134,547,149,'2017-05-19 13:17:34'),(134,547,151,'2017-05-19 09:26:52'),(134,548,152,'2017-05-19 09:41:52'),(134,547,153,'2017-05-19 09:17:36'),(134,547,154,'2017-05-19 15:32:51'),(134,548,155,'2017-05-19 10:46:16'),(134,547,159,'2017-05-19 12:44:54'),(134,549,160,'2017-05-19 13:27:58'),(134,547,161,'2017-05-19 14:08:05'),(134,547,162,'2017-05-19 11:40:17'),(134,547,163,'2017-05-19 14:18:19'),(134,548,164,'2017-05-19 14:08:30'),(134,548,165,'2017-05-19 19:00:32'),(134,548,166,'2017-05-19 10:41:51'),(134,547,168,'2017-05-19 10:41:30'),(134,549,170,'2017-05-19 14:33:30'),(134,548,171,'2017-05-19 10:59:00'),(134,547,173,'2017-05-19 17:47:16'),(134,547,174,'2017-05-19 18:56:47'),(134,548,175,'2017-05-19 14:36:46'),(134,548,178,'2017-05-19 11:19:26'),(134,547,179,'2017-05-19 10:12:26'),(134,547,180,'2017-05-19 11:26:57'),(134,548,181,'2017-05-19 17:52:02'),(134,547,182,'2017-05-19 15:56:09'),(134,550,183,'2017-05-19 18:32:37'),(134,548,184,'2017-05-19 11:19:24'),(134,548,185,'2017-05-19 14:36:49'),(134,547,191,'2017-05-19 19:07:16'),(134,547,193,'2017-05-19 14:17:59'),(134,548,194,'2017-05-19 10:47:04'),(134,548,195,'2017-05-19 14:41:49'),(134,549,197,'2017-05-19 18:55:08'),(134,547,199,'2017-05-19 11:15:43'),(134,551,200,'2017-05-19 19:33:23'),(134,549,201,'2017-05-19 14:07:23'),(135,554,125,'2017-05-19 12:43:13'),(135,554,126,'2017-05-19 11:40:51'),(135,556,128,'2017-05-19 19:02:21'),(135,554,130,'2017-05-19 19:06:04'),(135,555,136,'2017-05-19 14:59:57'),(135,555,147,'2017-05-19 15:48:01'),(135,555,148,'2017-05-19 15:36:28'),(135,556,149,'2017-05-19 13:17:34'),(135,556,151,'2017-05-19 09:26:52'),(135,554,152,'2017-05-19 09:41:52'),(135,556,153,'2017-05-19 09:17:36'),(135,556,154,'2017-05-19 15:32:51'),(135,556,155,'2017-05-19 10:46:16'),(135,555,159,'2017-05-19 12:44:54'),(135,554,160,'2017-05-19 13:27:58'),(135,556,161,'2017-05-19 14:08:05'),(135,555,162,'2017-05-19 11:40:17'),(135,556,163,'2017-05-19 14:18:19'),(135,555,164,'2017-05-19 14:08:30'),(135,554,165,'2017-05-19 19:00:32'),(135,555,166,'2017-05-19 10:41:51'),(135,556,168,'2017-05-19 10:41:30'),(135,553,170,'2017-05-19 14:33:30'),(135,553,171,'2017-05-19 10:59:00'),(135,556,173,'2017-05-19 17:47:16'),(135,556,174,'2017-05-19 18:56:47'),(135,554,175,'2017-05-19 14:36:46'),(135,554,178,'2017-05-19 11:19:26'),(135,556,179,'2017-05-19 10:12:26'),(135,556,180,'2017-05-19 11:26:57'),(135,553,181,'2017-05-19 17:52:02'),(135,555,182,'2017-05-19 15:56:09'),(135,556,183,'2017-05-19 18:32:37'),(135,555,184,'2017-05-19 11:19:24'),(135,555,185,'2017-05-19 14:36:49'),(135,555,191,'2017-05-19 19:07:16'),(135,556,193,'2017-05-19 14:17:59'),(135,555,194,'2017-05-19 10:47:04'),(135,554,195,'2017-05-19 14:41:49'),(135,554,197,'2017-05-19 18:55:08'),(135,556,199,'2017-05-19 11:15:43'),(135,555,200,'2017-05-19 19:33:23'),(135,554,201,'2017-05-19 14:07:23'),(136,560,125,'2017-05-19 12:43:13'),(136,561,126,'2017-05-19 11:40:51'),(136,561,128,'2017-05-19 19:02:21'),(136,558,130,'2017-05-19 19:06:04'),(136,560,136,'2017-05-19 14:59:57'),(136,560,147,'2017-05-19 15:48:01'),(136,561,148,'2017-05-19 15:36:28'),(136,560,149,'2017-05-19 13:17:34'),(136,560,151,'2017-05-19 09:26:52'),(136,559,152,'2017-05-19 09:41:52'),(136,561,153,'2017-05-19 09:17:36'),(136,561,154,'2017-05-19 15:32:51'),(136,560,155,'2017-05-19 10:46:16'),(136,559,159,'2017-05-19 12:44:54'),(136,559,160,'2017-05-19 13:27:58'),(136,561,161,'2017-05-19 14:08:05'),(136,559,162,'2017-05-19 11:40:17'),(136,560,163,'2017-05-19 14:18:19'),(136,561,164,'2017-05-19 14:08:30'),(136,559,165,'2017-05-19 19:00:32'),(136,561,166,'2017-05-19 10:41:51'),(136,561,168,'2017-05-19 10:41:30'),(136,559,170,'2017-05-19 14:33:30'),(136,561,171,'2017-05-19 10:59:00'),(136,560,173,'2017-05-19 17:47:16'),(136,561,174,'2017-05-19 18:56:47'),(136,560,175,'2017-05-19 14:36:46'),(136,559,178,'2017-05-19 11:19:26'),(136,560,179,'2017-05-19 10:12:26'),(136,561,180,'2017-05-19 11:26:57'),(136,558,181,'2017-05-19 17:52:02'),(136,561,182,'2017-05-19 15:56:09'),(136,561,183,'2017-05-19 18:32:37'),(136,560,184,'2017-05-19 11:19:25'),(136,560,185,'2017-05-19 14:36:49'),(136,558,191,'2017-05-19 19:07:16'),(136,560,193,'2017-05-19 14:17:59'),(136,560,194,'2017-05-19 10:47:04'),(136,559,195,'2017-05-19 14:41:49'),(136,559,197,'2017-05-19 18:55:08'),(136,560,199,'2017-05-19 11:15:43'),(136,560,200,'2017-05-19 19:33:23'),(136,559,201,'2017-05-19 14:07:23'),(137,563,125,'2017-05-19 12:43:13'),(137,564,126,'2017-05-19 11:40:51'),(137,566,128,'2017-05-19 19:02:21'),(137,563,130,'2017-05-19 19:06:04'),(137,565,136,'2017-05-19 14:59:57'),(137,565,147,'2017-05-19 15:48:01'),(137,565,148,'2017-05-19 15:36:28'),(137,566,149,'2017-05-19 13:17:34'),(137,566,151,'2017-05-19 09:26:52'),(137,565,152,'2017-05-19 09:41:52'),(137,566,153,'2017-05-19 09:17:36'),(137,566,154,'2017-05-19 15:32:51'),(137,565,155,'2017-05-19 10:46:16'),(137,565,159,'2017-05-19 12:44:54'),(137,563,160,'2017-05-19 13:27:58'),(137,565,161,'2017-05-19 14:08:05'),(137,564,162,'2017-05-19 11:40:17'),(137,565,163,'2017-05-19 14:18:19'),(137,565,164,'2017-05-19 14:08:30'),(137,564,165,'2017-05-19 19:00:32'),(137,566,166,'2017-05-19 10:41:51'),(137,566,168,'2017-05-19 10:41:30'),(137,564,170,'2017-05-19 14:33:30'),(137,564,171,'2017-05-19 10:59:00'),(137,565,173,'2017-05-19 17:47:16'),(137,566,174,'2017-05-19 18:56:47'),(137,564,175,'2017-05-19 14:36:46'),(137,565,178,'2017-05-19 11:19:26'),(137,566,179,'2017-05-19 10:12:26'),(137,563,180,'2017-05-19 11:26:57'),(137,563,181,'2017-05-19 17:52:02'),(137,565,182,'2017-05-19 15:56:09'),(137,565,183,'2017-05-19 18:32:37'),(137,565,184,'2017-05-19 11:19:25'),(137,564,185,'2017-05-19 14:36:49'),(137,565,191,'2017-05-19 19:07:16'),(137,566,193,'2017-05-19 14:17:59'),(137,565,194,'2017-05-19 10:47:04'),(137,564,195,'2017-05-19 14:41:49'),(137,565,197,'2017-05-19 18:55:08'),(137,565,199,'2017-05-19 11:15:43'),(137,565,200,'2017-05-19 19:33:23'),(137,563,201,'2017-05-19 14:07:23'),(138,570,125,'2017-05-19 12:43:13'),(138,570,126,'2017-05-19 11:40:51'),(138,567,128,'2017-05-19 19:02:21'),(138,568,130,'2017-05-19 19:06:04'),(138,569,136,'2017-05-19 14:59:57'),(138,570,147,'2017-05-19 15:48:01'),(138,570,148,'2017-05-19 15:36:28'),(138,571,149,'2017-05-19 13:17:34'),(138,571,151,'2017-05-19 09:26:52'),(138,570,152,'2017-05-19 09:41:52'),(138,571,153,'2017-05-19 09:17:36'),(138,571,154,'2017-05-19 15:32:51'),(138,569,155,'2017-05-19 10:46:16'),(138,569,159,'2017-05-19 12:44:54'),(138,568,160,'2017-05-19 13:27:58'),(138,570,161,'2017-05-19 14:08:05'),(138,570,162,'2017-05-19 11:40:17'),(138,571,163,'2017-05-19 14:18:19'),(138,570,164,'2017-05-19 14:08:30'),(138,569,165,'2017-05-19 19:00:32'),(138,571,166,'2017-05-19 10:41:51'),(138,571,168,'2017-05-19 10:41:30'),(138,567,170,'2017-05-19 14:33:30'),(138,569,171,'2017-05-19 10:59:00'),(138,570,173,'2017-05-19 17:47:16'),(138,571,174,'2017-05-19 18:56:47'),(138,569,175,'2017-05-19 14:36:46'),(138,569,178,'2017-05-19 11:19:26'),(138,571,179,'2017-05-19 10:12:26'),(138,568,180,'2017-05-19 11:26:57'),(138,568,181,'2017-05-19 17:52:02'),(138,571,182,'2017-05-19 15:56:09'),(138,570,183,'2017-05-19 18:32:37'),(138,571,184,'2017-05-19 11:19:25'),(138,570,185,'2017-05-19 14:36:49'),(138,568,191,'2017-05-19 19:07:16'),(138,570,193,'2017-05-19 14:17:59'),(138,570,194,'2017-05-19 10:47:04'),(138,570,195,'2017-05-19 14:41:49'),(138,570,197,'2017-05-19 18:55:08'),(138,570,199,'2017-05-19 11:15:43'),(138,570,200,'2017-05-19 19:33:23'),(138,569,201,'2017-05-19 14:07:23'),(139,572,125,'2017-05-19 12:43:13'),(139,572,126,'2017-05-19 11:40:51'),(139,572,128,'2017-05-19 19:02:21'),(139,573,130,'2017-05-19 19:06:04'),(139,572,136,'2017-05-19 14:59:57'),(139,572,147,'2017-05-19 15:48:01'),(139,573,148,'2017-05-19 15:36:28'),(139,572,149,'2017-05-19 13:17:34'),(139,572,151,'2017-05-19 09:26:52'),(139,573,152,'2017-05-19 09:41:52'),(139,572,153,'2017-05-19 09:17:36'),(139,573,154,'2017-05-19 15:32:51'),(139,572,155,'2017-05-19 10:46:16'),(139,572,159,'2017-05-19 12:44:54'),(139,573,160,'2017-05-19 13:27:58'),(139,572,161,'2017-05-19 14:08:05'),(139,572,162,'2017-05-19 11:40:17'),(139,572,163,'2017-05-19 14:18:19'),(139,572,164,'2017-05-19 14:08:30'),(139,572,165,'2017-05-19 19:00:32'),(139,572,166,'2017-05-19 10:41:51'),(139,572,168,'2017-05-19 10:41:30'),(139,574,170,'2017-05-19 14:33:30'),(139,572,171,'2017-05-19 10:59:00'),(139,572,173,'2017-05-19 17:47:16'),(139,573,174,'2017-05-19 18:56:47'),(139,572,175,'2017-05-19 14:36:46'),(139,572,178,'2017-05-19 11:19:26'),(139,572,179,'2017-05-19 10:12:26'),(139,572,180,'2017-05-19 11:26:57'),(139,573,181,'2017-05-19 17:52:02'),(139,572,182,'2017-05-19 15:56:09'),(139,572,183,'2017-05-19 18:32:37'),(139,573,184,'2017-05-19 11:19:25'),(139,572,185,'2017-05-19 14:36:49'),(139,572,191,'2017-05-19 19:07:16'),(139,572,193,'2017-05-19 14:17:59'),(139,572,194,'2017-05-19 10:47:04'),(139,573,195,'2017-05-19 14:41:49'),(139,573,197,'2017-05-19 18:55:08'),(139,572,199,'2017-05-19 11:15:43'),(139,573,200,'2017-05-19 19:33:23'),(139,573,201,'2017-05-19 14:07:23'),(140,576,125,'2017-05-19 12:43:13'),(140,576,126,'2017-05-19 11:40:51'),(140,575,128,'2017-05-19 19:02:21'),(140,575,130,'2017-05-19 19:06:04'),(140,576,136,'2017-05-19 14:59:57'),(140,576,147,'2017-05-19 15:48:01'),(140,576,148,'2017-05-19 15:36:28'),(140,576,149,'2017-05-19 13:17:34'),(140,576,151,'2017-05-19 09:26:52'),(140,575,152,'2017-05-19 09:41:52'),(140,576,153,'2017-05-19 09:17:36'),(140,576,154,'2017-05-19 15:32:51'),(140,576,155,'2017-05-19 10:46:16'),(140,576,159,'2017-05-19 12:44:54'),(140,576,160,'2017-05-19 13:27:58'),(140,576,161,'2017-05-19 14:08:05'),(140,576,162,'2017-05-19 11:40:17'),(140,576,163,'2017-05-19 14:18:19'),(140,576,164,'2017-05-19 14:08:30'),(140,576,165,'2017-05-19 19:00:32'),(140,576,166,'2017-05-19 10:41:51'),(140,576,168,'2017-05-19 10:41:30'),(140,575,170,'2017-05-19 14:33:30'),(140,576,171,'2017-05-19 10:59:00'),(140,576,173,'2017-05-19 17:47:16'),(140,576,174,'2017-05-19 18:56:47'),(140,576,175,'2017-05-19 14:36:46'),(140,576,178,'2017-05-19 11:19:26'),(140,576,179,'2017-05-19 10:12:26'),(140,576,180,'2017-05-19 11:26:57'),(140,575,181,'2017-05-19 17:52:02'),(140,576,182,'2017-05-19 15:56:09'),(140,576,183,'2017-05-19 18:32:37'),(140,575,184,'2017-05-19 11:19:25'),(140,576,185,'2017-05-19 14:36:49'),(140,576,191,'2017-05-19 19:07:16'),(140,576,193,'2017-05-19 14:17:59'),(140,576,194,'2017-05-19 10:47:04'),(140,576,195,'2017-05-19 14:41:49'),(140,576,197,'2017-05-19 18:55:08'),(140,576,199,'2017-05-19 11:15:43'),(140,575,200,'2017-05-19 19:33:23'),(140,576,201,'2017-05-19 14:07:23'),(141,577,125,'2018-04-18 15:50:18'),(142,583,125,'2018-04-18 15:50:18'),(143,585,125,'2018-04-18 15:50:18'),(146,593,125,'2018-04-18 15:50:23'),(150,610,135,'2018-12-28 23:32:10'),(151,616,135,'2018-12-28 23:32:10'),(152,622,135,'2018-12-28 23:32:10'),(157,644,135,'2018-12-28 22:52:54'),(157,646,140,'2018-04-17 19:23:43'),(157,646,321,'2018-12-27 19:47:56'),(158,648,135,'2018-12-28 22:52:54'),(158,648,140,'2018-04-17 19:23:43'),(158,647,321,'2018-12-27 19:47:56'),(160,654,125,'2018-05-11 18:39:57'),(160,653,222,'2018-05-10 17:32:15'),(160,652,223,'2018-05-10 18:02:42'),(160,652,239,'2018-05-10 18:04:05'),(160,653,241,'2018-05-11 15:35:49'),(160,653,246,'2018-05-11 17:22:58'),(160,654,248,'2018-05-11 21:58:19'),(160,652,252,'2018-05-10 20:27:02'),(160,653,253,'2018-05-10 17:21:37'),(160,653,256,'2018-05-11 08:56:37'),(160,653,259,'2018-05-11 16:07:51'),(160,653,260,'2018-05-11 16:06:56'),(160,653,262,'2018-05-11 21:49:54'),(160,652,265,'2018-05-10 20:44:25'),(160,653,270,'2018-05-14 02:03:16'),(161,655,125,'2018-05-11 18:39:57'),(161,655,222,'2018-05-10 17:32:15'),(161,655,223,'2018-05-10 18:02:42'),(161,655,239,'2018-05-10 18:04:05'),(161,655,241,'2018-05-11 15:35:49'),(161,655,246,'2018-05-11 17:22:58'),(161,655,248,'2018-05-11 21:58:19'),(161,655,252,'2018-05-10 20:27:02'),(161,655,253,'2018-05-10 17:21:37'),(161,655,256,'2018-05-11 08:56:37'),(161,655,259,'2018-05-11 16:07:51'),(161,655,260,'2018-05-11 16:06:56'),(161,655,262,'2018-05-11 21:49:54'),(161,655,265,'2018-05-10 20:44:25'),(161,655,270,'2018-05-14 02:03:16'),(162,658,125,'2018-05-11 18:39:57'),(162,657,222,'2018-05-10 17:32:15'),(162,657,223,'2018-05-10 18:02:42'),(162,657,239,'2018-05-10 18:04:05'),(162,657,241,'2018-05-11 15:35:49'),(162,657,246,'2018-05-11 17:22:58'),(162,657,248,'2018-05-11 21:58:19'),(162,657,252,'2018-05-10 20:27:02'),(162,658,253,'2018-05-10 17:21:37'),(162,657,256,'2018-05-11 08:56:37'),(162,657,259,'2018-05-11 16:07:52'),(162,657,260,'2018-05-11 16:06:56'),(162,657,262,'2018-05-11 21:49:54'),(162,657,265,'2018-05-10 20:44:25'),(162,657,270,'2018-05-14 02:03:16'),(163,660,125,'2018-05-11 18:39:57'),(163,660,222,'2018-05-10 17:32:15'),(163,660,223,'2018-05-10 18:02:42'),(163,661,239,'2018-05-10 18:04:05'),(163,660,241,'2018-05-11 15:35:49'),(163,661,246,'2018-05-11 17:22:58'),(163,660,248,'2018-05-11 21:58:19'),(163,661,252,'2018-05-10 20:27:02'),(163,661,253,'2018-05-10 17:21:37'),(163,661,256,'2018-05-11 08:56:37'),(163,661,259,'2018-05-11 16:07:52'),(163,660,260,'2018-05-11 16:06:56'),(163,662,262,'2018-05-11 21:49:54'),(163,662,265,'2018-05-10 20:44:25'),(163,662,270,'2018-05-14 02:03:16'),(164,663,125,'2018-05-11 18:39:57'),(164,665,222,'2018-05-10 17:32:15'),(164,665,223,'2018-05-10 18:02:42'),(164,663,239,'2018-05-10 18:04:05'),(164,663,241,'2018-05-11 15:35:49'),(164,665,246,'2018-05-11 17:22:58'),(164,663,248,'2018-05-11 21:58:19'),(164,663,252,'2018-05-10 20:27:02'),(164,665,253,'2018-05-10 17:21:37'),(164,663,256,'2018-05-11 08:56:37'),(164,663,259,'2018-05-11 16:07:52'),(164,663,260,'2018-05-11 16:06:56'),(164,665,262,'2018-05-11 21:49:54'),(164,663,265,'2018-05-10 20:44:25'),(164,665,270,'2018-05-14 02:03:16'),(165,673,125,'2018-05-11 18:39:57'),(165,673,222,'2018-05-10 17:32:15'),(165,673,223,'2018-05-10 18:02:42'),(165,673,239,'2018-05-10 18:04:05'),(165,673,241,'2018-05-11 15:35:49'),(165,673,246,'2018-05-11 17:22:58'),(165,673,248,'2018-05-11 21:58:19'),(165,673,252,'2018-05-10 20:27:02'),(165,673,253,'2018-05-10 17:21:37'),(165,673,256,'2018-05-11 08:56:37'),(165,673,259,'2018-05-11 16:07:52'),(165,673,260,'2018-05-11 16:06:56'),(165,673,262,'2018-05-11 21:49:54'),(165,666,265,'2018-05-10 20:44:25'),(165,673,270,'2018-05-14 02:03:16'),(166,674,125,'2018-05-11 18:39:57'),(166,674,222,'2018-05-10 17:32:15'),(166,674,223,'2018-05-10 18:02:42'),(166,674,239,'2018-05-10 18:04:05'),(166,674,241,'2018-05-11 15:35:49'),(166,675,246,'2018-05-11 17:22:58'),(166,674,248,'2018-05-11 21:58:19'),(166,674,252,'2018-05-10 20:27:02'),(166,674,253,'2018-05-10 17:21:37'),(166,674,256,'2018-05-11 08:56:37'),(166,674,259,'2018-05-11 16:07:52'),(166,674,260,'2018-05-11 16:06:56'),(166,674,262,'2018-05-11 21:49:54'),(166,674,265,'2018-05-10 20:44:25'),(166,675,270,'2018-05-14 02:03:16'),(317,1333,125,'2018-05-25 19:10:52'),(317,1333,127,'2018-05-25 18:49:08'),(317,1333,130,'2018-05-23 18:43:32'),(317,1333,131,'2018-05-23 20:11:43'),(317,1335,132,'2018-05-23 18:00:47'),(317,1333,136,'2018-05-23 18:39:44'),(317,1333,140,'2018-05-23 18:40:44'),(317,1333,149,'2018-05-23 18:01:36'),(317,1333,152,'2018-05-23 18:13:14'),(317,1333,155,'2018-05-23 18:39:46'),(317,1334,158,'2018-05-23 21:10:03'),(317,1333,161,'2018-05-23 19:21:25'),(317,1334,162,'2018-05-23 18:00:41'),(317,1333,163,'2018-05-23 18:39:41'),(317,1334,165,'2018-05-23 18:33:37'),(317,1333,166,'2018-05-23 19:47:07'),(317,1333,171,'2018-05-23 19:40:25'),(317,1333,172,'2018-05-23 18:27:17'),(317,1333,173,'2018-05-24 17:15:28'),(317,1336,175,'2018-05-25 13:12:02'),(317,1333,182,'2018-05-24 15:32:15'),(317,1334,183,'2018-05-25 10:35:11'),(317,1334,197,'2018-05-23 18:30:24'),(317,1335,199,'2019-02-08 11:42:41'),(317,1333,200,'2018-05-23 20:20:43'),(317,1334,201,'2018-05-23 18:46:43'),(317,1333,202,'2018-05-23 18:26:38'),(317,1334,234,'2018-05-23 18:11:58'),(317,1334,269,'2018-05-23 20:48:09'),(317,1334,271,'2018-05-23 18:40:34'),(317,1334,274,'2018-05-23 18:11:30'),(317,1333,275,'2018-05-23 18:03:59'),(317,1334,276,'2018-05-23 18:04:51'),(317,1333,278,'2018-05-23 19:10:14'),(317,1333,280,'2018-05-23 22:59:15'),(317,1333,281,'2018-05-23 20:04:23'),(317,1334,282,'2018-05-23 22:09:09'),(317,1334,283,'2018-05-24 14:48:09'),(317,1334,286,'2018-05-24 16:40:39'),(317,1334,289,'2018-05-23 19:44:38'),(317,1336,291,'2018-05-23 18:41:59'),(317,1334,293,'2018-05-23 19:42:32'),(317,1334,294,'2018-05-23 18:00:45'),(317,1333,295,'2018-05-23 18:36:28'),(317,1333,297,'2018-05-23 18:59:19'),(317,1334,300,'2018-05-23 18:33:02'),(317,1333,301,'2018-05-23 18:26:32'),(317,1333,303,'2018-05-23 20:29:13'),(317,1333,305,'2018-05-23 18:21:58'),(317,1333,306,'2018-05-25 10:54:12'),(317,1333,307,'2018-05-23 18:08:14'),(317,1333,308,'2018-05-24 17:33:59'),(317,1333,309,'2018-05-23 23:36:33'),(317,1334,310,'2018-05-25 13:22:26'),(317,1333,311,'2018-05-24 16:08:42'),(317,1334,315,'2018-05-25 13:25:54'),(317,1333,338,'2019-02-22 12:12:31'),(318,1338,125,'2018-05-25 19:10:52'),(318,1338,127,'2018-05-25 18:49:08'),(318,1338,130,'2018-05-23 18:43:32'),(318,1338,131,'2018-05-23 20:11:43'),(318,1338,132,'2018-05-23 18:00:47'),(318,1338,136,'2018-05-23 18:39:44'),(318,1338,140,'2018-05-23 18:40:44'),(318,1338,149,'2018-05-23 18:01:36'),(318,1338,152,'2018-05-23 18:13:14'),(318,1338,155,'2018-05-23 18:39:46'),(318,1338,158,'2018-05-23 21:10:03'),(318,1338,161,'2018-05-23 19:21:25'),(318,1338,162,'2018-05-23 18:00:41'),(318,1338,163,'2018-05-23 18:39:41'),(318,1338,165,'2018-05-23 18:33:37'),(318,1338,166,'2018-05-23 19:47:07'),(318,1338,171,'2018-05-23 19:40:25'),(318,1338,172,'2018-05-23 18:27:17'),(318,1338,173,'2018-05-24 17:15:28'),(318,1338,175,'2018-05-25 13:12:02'),(318,1338,182,'2018-05-24 15:32:16'),(318,1338,183,'2018-05-25 10:35:11'),(318,1338,197,'2018-05-23 18:30:24'),(318,1338,199,'2019-02-08 11:42:41'),(318,1338,200,'2018-05-23 20:20:43'),(318,1338,201,'2018-05-23 18:46:43'),(318,1338,202,'2018-05-23 18:26:38'),(318,1338,234,'2018-05-23 18:11:58'),(318,1338,269,'2018-05-23 20:48:09'),(318,1338,271,'2018-05-23 18:40:34'),(318,1338,274,'2018-05-23 18:11:30'),(318,1338,275,'2018-05-23 18:03:59'),(318,1338,276,'2018-05-23 18:04:51'),(318,1338,278,'2018-05-23 19:10:14'),(318,1338,280,'2018-05-23 22:59:15'),(318,1338,281,'2018-05-23 20:04:23'),(318,1338,282,'2018-05-23 22:09:09'),(318,1338,283,'2018-05-24 14:48:09'),(318,1338,286,'2018-05-24 16:40:39'),(318,1338,289,'2018-05-23 19:44:38'),(318,1339,291,'2018-05-23 18:41:59'),(318,1338,293,'2018-05-23 19:42:32'),(318,1338,294,'2018-05-23 18:00:45'),(318,1338,295,'2018-05-23 18:36:28'),(318,1338,297,'2018-05-23 18:59:19'),(318,1338,300,'2018-05-23 18:33:02'),(318,1338,301,'2018-05-23 18:26:32'),(318,1338,303,'2018-05-23 20:29:13'),(318,1338,305,'2018-05-23 18:21:58'),(318,1338,306,'2018-05-25 10:54:12'),(318,1338,307,'2018-05-23 18:08:14'),(318,1338,308,'2018-05-24 17:33:59'),(318,1338,309,'2018-05-23 23:36:33'),(318,1338,310,'2018-05-25 13:22:26'),(318,1338,311,'2018-05-24 16:08:42'),(318,1338,315,'2018-05-25 13:25:54'),(318,1338,338,'2019-02-22 12:12:32'),(319,1341,125,'2018-05-25 19:10:52'),(319,1340,127,'2018-05-25 18:49:08'),(319,1341,130,'2018-05-23 18:43:32'),(319,1341,131,'2018-05-23 20:11:43'),(319,1342,132,'2018-05-23 18:00:47'),(319,1341,136,'2018-05-23 18:39:44'),(319,1341,140,'2018-05-23 18:40:44'),(319,1341,149,'2018-05-23 18:01:36'),(319,1341,152,'2018-05-23 18:13:14'),(319,1341,155,'2018-05-23 18:39:46'),(319,1341,158,'2018-05-23 21:10:03'),(319,1341,161,'2018-05-23 19:21:25'),(319,1341,162,'2018-05-23 18:00:41'),(319,1341,163,'2018-05-23 18:39:41'),(319,1341,165,'2018-05-23 18:33:37'),(319,1341,166,'2018-05-23 19:47:07'),(319,1341,171,'2018-05-23 19:40:25'),(319,1341,172,'2018-05-23 18:27:17'),(319,1341,173,'2018-05-24 17:15:28'),(319,1341,175,'2018-05-25 13:12:02'),(319,1340,182,'2018-05-24 15:32:16'),(319,1341,183,'2018-05-25 10:35:11'),(319,1341,197,'2018-05-23 18:30:24'),(319,1340,199,'2019-02-08 11:42:41'),(319,1341,200,'2018-05-23 20:20:43'),(319,1341,201,'2018-05-23 18:46:43'),(319,1341,202,'2018-05-23 18:26:38'),(319,1341,234,'2018-05-23 18:11:58'),(319,1341,269,'2018-05-23 20:48:09'),(319,1341,271,'2018-05-23 18:40:34'),(319,1341,274,'2018-05-23 18:11:30'),(319,1341,275,'2018-05-23 18:03:59'),(319,1341,276,'2018-05-23 18:04:51'),(319,1341,278,'2018-05-23 19:10:14'),(319,1341,280,'2018-05-23 22:59:15'),(319,1341,281,'2018-05-23 20:04:23'),(319,1341,282,'2018-05-23 22:09:09'),(319,1341,283,'2018-05-24 14:48:09'),(319,1341,286,'2018-05-24 16:40:39'),(319,1341,289,'2018-05-23 19:44:38'),(319,1341,291,'2018-05-23 18:41:59'),(319,1341,293,'2018-05-23 19:42:32'),(319,1341,294,'2018-05-23 18:00:45'),(319,1341,295,'2018-05-23 18:36:28'),(319,1341,297,'2018-05-23 18:59:19'),(319,1341,300,'2018-05-23 18:33:02'),(319,1341,301,'2018-05-23 18:26:32'),(319,1341,303,'2018-05-23 20:29:14'),(319,1341,305,'2018-05-23 18:21:59'),(319,1341,306,'2018-05-25 10:54:12'),(319,1341,307,'2018-05-23 18:08:14'),(319,1341,308,'2018-05-24 17:33:59'),(319,1341,309,'2018-05-23 23:36:34'),(319,1341,310,'2018-05-25 13:22:26'),(319,1341,311,'2018-05-24 16:08:42'),(319,1340,315,'2018-05-25 13:25:54'),(319,1341,338,'2019-02-22 12:12:32'),(320,1344,125,'2018-05-25 19:10:52'),(320,1343,127,'2018-05-25 18:49:08'),(320,1343,130,'2018-05-23 18:43:32'),(320,1343,131,'2018-05-23 20:11:43'),(320,1344,132,'2018-05-23 18:00:47'),(320,1343,136,'2018-05-23 18:39:44'),(320,1343,140,'2018-05-23 18:40:44'),(320,1344,149,'2018-05-23 18:01:36'),(320,1343,152,'2018-05-23 18:13:14'),(320,1343,155,'2018-05-23 18:39:46'),(320,1343,158,'2018-05-23 21:10:03'),(320,1343,161,'2018-05-23 19:21:25'),(320,1344,162,'2018-05-23 18:00:41'),(320,1343,163,'2018-05-23 18:39:41'),(320,1343,165,'2018-05-23 18:33:37'),(320,1343,166,'2018-05-23 19:47:07'),(320,1343,171,'2018-05-23 19:40:25'),(320,1344,172,'2018-05-23 18:27:17'),(320,1343,173,'2018-05-24 17:15:28'),(320,1345,175,'2018-05-25 13:12:02'),(320,1343,182,'2018-05-24 15:32:16'),(320,1343,183,'2018-05-25 10:35:11'),(320,1344,197,'2018-05-23 18:30:24'),(320,1345,199,'2019-02-08 11:42:41'),(320,1343,200,'2018-05-23 20:20:43'),(320,1346,201,'2018-05-23 18:46:43'),(320,1343,202,'2018-05-23 18:26:38'),(320,1343,234,'2018-05-23 18:11:58'),(320,1344,269,'2018-05-23 20:48:09'),(320,1343,271,'2018-05-23 18:40:34'),(320,1344,274,'2018-05-23 18:11:30'),(320,1344,275,'2018-05-23 18:03:59'),(320,1343,276,'2018-05-23 18:04:51'),(320,1343,278,'2018-05-23 19:10:14'),(320,1343,280,'2018-05-23 22:59:15'),(320,1344,281,'2018-05-23 20:04:23'),(320,1343,282,'2018-05-23 22:09:09'),(320,1344,283,'2018-05-24 14:48:09'),(320,1344,286,'2018-05-24 16:40:39'),(320,1344,289,'2018-05-23 19:44:38'),(320,1346,291,'2018-05-23 18:41:59'),(320,1343,293,'2018-05-23 19:42:32'),(320,1343,294,'2018-05-23 18:00:45'),(320,1343,295,'2018-05-23 18:36:28'),(320,1344,297,'2018-05-23 18:59:19'),(320,1343,300,'2018-05-23 18:33:02'),(320,1344,301,'2018-05-23 18:26:32'),(320,1344,303,'2018-05-23 20:29:14'),(320,1343,305,'2018-05-23 18:21:59'),(320,1343,306,'2018-05-25 10:54:12'),(320,1343,307,'2018-05-23 18:08:14'),(320,1343,308,'2018-05-24 17:33:59'),(320,1343,309,'2018-05-23 23:36:34'),(320,1343,310,'2018-05-25 13:22:26'),(320,1343,311,'2018-05-24 16:08:42'),(320,1343,315,'2018-05-25 13:25:54'),(320,1344,338,'2019-02-22 12:12:32'),(321,1350,125,'2018-05-25 19:11:26'),(321,1348,127,'2018-05-25 18:49:17'),(321,1350,130,'2018-05-24 18:21:12'),(321,1350,132,'2018-05-25 04:27:43'),(321,1351,136,'2018-05-25 10:53:26'),(321,1348,140,'2019-03-15 18:12:59'),(321,1348,149,'2018-05-24 18:47:00'),(321,1348,152,'2018-05-24 18:24:33'),(321,1349,155,'2018-05-25 10:54:51'),(321,1348,158,'2018-05-24 18:50:17'),(321,1348,161,'2018-05-24 18:33:00'),(321,1349,162,'2018-05-24 18:50:15'),(321,1349,163,'2018-05-24 18:31:27'),(321,1349,165,'2018-05-24 19:32:42'),(321,1348,166,'2018-05-24 19:44:23'),(321,1348,171,'2018-05-24 19:29:09'),(321,1348,173,'2018-05-24 19:10:53'),(321,1348,182,'2018-05-25 11:38:32'),(321,1349,183,'2018-05-25 10:35:20'),(321,1349,201,'2018-05-24 18:17:03'),(321,1348,202,'2018-05-24 18:26:48'),(321,1351,234,'2018-05-24 18:41:49'),(321,1349,271,'2018-05-24 18:16:52'),(321,1350,274,'2018-05-24 18:13:05'),(321,1349,275,'2018-05-24 18:16:09'),(321,1348,276,'2018-05-24 15:37:00'),(321,1349,278,'2018-05-24 18:32:47'),(321,1350,280,'2018-05-24 18:12:30'),(321,1348,281,'2018-05-24 18:30:46'),(321,1349,282,'2018-05-25 00:21:51'),(321,1349,283,'2018-05-24 21:46:21'),(321,1349,286,'2018-05-25 10:39:46'),(321,1350,289,'2018-05-25 12:01:16'),(321,1349,291,'2018-05-24 18:26:42'),(321,1348,293,'2018-05-24 18:33:20'),(321,1350,294,'2018-05-24 18:34:49'),(321,1350,295,'2018-05-24 18:17:00'),(321,1348,297,'2018-05-24 18:50:39'),(321,1348,300,'2018-05-24 18:29:04'),(321,1348,301,'2018-05-24 18:29:09'),(321,1349,303,'2018-05-24 19:14:01'),(321,1348,305,'2018-05-24 19:27:22'),(321,1351,306,'2018-05-25 10:54:40'),(321,1348,307,'2018-05-24 18:39:57'),(321,1350,308,'2018-05-24 18:24:02'),(321,1351,309,'2018-05-25 08:34:01'),(321,1349,310,'2018-05-25 13:22:47'),(321,1349,315,'2018-05-25 13:23:41'),(321,1348,336,'2018-10-28 00:17:14'),(322,1353,125,'2018-05-25 19:11:26'),(322,1353,127,'2018-05-25 18:49:17'),(322,1354,130,'2018-05-24 18:21:12'),(322,1353,132,'2018-05-25 04:27:43'),(322,1354,136,'2018-05-25 10:53:26'),(322,1353,140,'2019-03-15 18:12:59'),(322,1353,149,'2018-05-24 18:47:00'),(322,1353,152,'2018-05-24 18:24:33'),(322,1353,155,'2018-05-25 10:54:51'),(322,1353,158,'2018-05-24 18:50:17'),(322,1353,161,'2018-05-24 18:33:00'),(322,1353,162,'2018-05-24 18:50:15'),(322,1353,163,'2018-05-24 18:31:27'),(322,1353,165,'2018-05-24 19:32:42'),(322,1353,166,'2018-05-24 19:44:23'),(322,1353,171,'2018-05-24 19:29:09'),(322,1353,173,'2018-05-24 19:10:53'),(322,1353,182,'2018-05-25 11:38:32'),(322,1353,183,'2018-05-25 10:35:20'),(322,1353,201,'2018-05-24 18:17:03'),(322,1353,202,'2018-05-24 18:26:48'),(322,1353,234,'2018-05-24 18:41:49'),(322,1353,271,'2018-05-24 18:16:52'),(322,1354,274,'2018-05-24 18:13:05'),(322,1353,275,'2018-05-24 18:16:09'),(322,1353,276,'2018-05-24 15:37:00'),(322,1353,278,'2018-05-24 18:32:47'),(322,1354,280,'2018-05-24 18:12:30'),(322,1353,281,'2018-05-24 18:30:46'),(322,1353,282,'2018-05-25 00:21:51'),(322,1353,283,'2018-05-24 21:46:21'),(322,1353,286,'2018-05-25 10:39:46'),(322,1353,289,'2018-05-25 12:01:16'),(322,1353,291,'2018-05-24 18:26:42'),(322,1353,293,'2018-05-24 18:33:20'),(322,1353,294,'2018-05-24 18:34:49'),(322,1354,295,'2018-05-24 18:17:00'),(322,1353,297,'2018-05-24 18:50:39'),(322,1353,300,'2018-05-24 18:29:04'),(322,1353,301,'2018-05-24 18:29:09'),(322,1353,303,'2018-05-24 19:14:01'),(322,1353,305,'2018-05-24 19:27:22'),(322,1353,306,'2018-05-25 10:54:40'),(322,1353,307,'2018-05-24 18:39:57'),(322,1353,308,'2018-05-24 18:24:02'),(322,1354,309,'2018-05-25 08:34:01'),(322,1353,310,'2018-05-25 13:22:47'),(322,1353,315,'2018-05-25 13:23:41'),(322,1353,336,'2018-10-28 00:17:14'),(323,1356,125,'2018-05-25 19:11:26'),(323,1355,127,'2018-05-25 18:49:17'),(323,1356,130,'2018-05-24 18:21:12'),(323,1357,132,'2018-05-25 04:27:43'),(323,1356,136,'2018-05-25 10:53:26'),(323,1355,140,'2019-03-15 18:12:59'),(323,1356,149,'2018-05-24 18:47:00'),(323,1356,152,'2018-05-24 18:24:33'),(323,1356,155,'2018-05-25 10:54:51'),(323,1356,158,'2018-05-24 18:50:17'),(323,1356,161,'2018-05-24 18:33:00'),(323,1356,162,'2018-05-24 18:50:15'),(323,1356,163,'2018-05-24 18:31:27'),(323,1356,165,'2018-05-24 19:32:42'),(323,1357,166,'2018-05-24 19:44:23'),(323,1356,171,'2018-05-24 19:29:09'),(323,1356,173,'2018-05-24 19:10:53'),(323,1356,182,'2018-05-25 11:38:32'),(323,1356,183,'2018-05-25 10:35:20'),(323,1356,201,'2018-05-24 18:17:03'),(323,1356,202,'2018-05-24 18:26:38'),(323,1356,234,'2018-05-24 18:41:49'),(323,1356,271,'2018-05-24 18:16:52'),(323,1357,274,'2018-05-24 18:13:05'),(323,1356,275,'2018-05-24 18:16:09'),(323,1356,276,'2018-05-24 15:37:00'),(323,1357,278,'2018-05-24 18:32:47'),(323,1356,280,'2018-05-24 18:12:30'),(323,1356,281,'2018-05-24 18:30:46'),(323,1356,282,'2018-05-25 00:21:51'),(323,1356,283,'2018-05-24 21:46:21'),(323,1356,286,'2018-05-25 10:39:46'),(323,1357,289,'2018-05-25 12:01:16'),(323,1356,291,'2018-05-24 18:26:42'),(323,1356,293,'2018-05-24 18:33:20'),(323,1357,294,'2018-05-24 18:34:49'),(323,1356,295,'2018-05-24 18:17:00'),(323,1355,297,'2018-05-24 18:50:39'),(323,1356,300,'2018-05-24 18:29:04'),(323,1356,301,'2018-05-24 18:29:09'),(323,1356,303,'2018-05-24 19:14:01'),(323,1356,305,'2018-05-24 19:27:22'),(323,1356,306,'2018-05-25 10:54:40'),(323,1356,307,'2018-05-24 18:39:57'),(323,1356,308,'2018-05-24 18:24:02'),(323,1356,309,'2018-05-25 08:34:01'),(323,1357,310,'2018-05-25 13:22:47'),(323,1356,315,'2018-05-25 13:23:41'),(323,1356,336,'2018-10-28 00:17:14'),(324,1360,125,'2018-05-25 19:11:26'),(324,1358,127,'2018-05-25 18:49:17'),(324,1360,130,'2018-05-24 18:21:12'),(324,1359,132,'2018-05-25 04:27:43'),(324,1360,136,'2018-05-25 10:53:26'),(324,1358,140,'2019-03-15 18:12:59'),(324,1358,149,'2018-05-24 18:47:00'),(324,1358,152,'2018-05-24 18:24:33'),(324,1358,155,'2018-05-25 10:54:51'),(324,1358,158,'2018-05-24 18:50:17'),(324,1358,161,'2018-05-24 18:33:00'),(324,1359,162,'2018-05-24 18:50:15'),(324,1358,163,'2018-05-24 18:31:27'),(324,1359,165,'2018-05-24 19:32:42'),(324,1358,166,'2018-05-24 19:44:23'),(324,1358,171,'2018-05-24 19:29:09'),(324,1359,173,'2018-05-24 19:10:53'),(324,1358,182,'2018-05-25 11:38:32'),(324,1358,183,'2018-05-25 10:35:20'),(324,1358,201,'2018-05-24 18:17:03'),(324,1358,202,'2018-05-24 18:26:48'),(324,1361,234,'2018-05-24 18:41:49'),(324,1360,271,'2018-05-24 18:16:52'),(324,1360,274,'2018-05-24 18:13:05'),(324,1359,275,'2018-05-24 18:16:09'),(324,1358,276,'2018-05-24 15:37:00'),(324,1359,278,'2018-05-24 18:32:47'),(324,1358,280,'2018-05-24 18:12:30'),(324,1359,281,'2018-05-24 18:30:46'),(324,1358,282,'2018-05-25 00:21:51'),(324,1359,283,'2018-05-24 21:46:21'),(324,1358,286,'2018-05-25 10:39:46'),(324,1359,289,'2018-05-25 12:01:16'),(324,1360,291,'2018-05-24 18:26:42'),(324,1358,293,'2018-05-24 18:33:20'),(324,1360,294,'2018-05-24 18:34:49'),(324,1360,295,'2018-05-24 18:17:01'),(324,1358,297,'2018-05-24 18:50:39'),(324,1358,300,'2018-05-24 18:29:04'),(324,1358,301,'2018-05-24 18:29:09'),(324,1358,303,'2018-05-24 19:14:01'),(324,1358,305,'2018-05-24 19:27:22'),(324,1360,306,'2018-05-25 10:54:40'),(324,1358,307,'2018-05-24 18:39:57'),(324,1359,308,'2018-05-24 18:24:02'),(324,1360,309,'2018-05-25 08:34:01'),(324,1358,310,'2018-05-25 13:22:47'),(324,1358,315,'2018-05-25 13:23:41'),(324,1359,336,'2018-10-28 00:17:14'),(325,1364,125,'2018-05-25 19:11:51'),(325,1363,127,'2018-05-25 18:49:24'),(325,1365,130,'2018-05-25 00:13:06'),(325,1365,132,'2018-05-25 04:28:00'),(325,1366,136,'2018-05-25 10:53:45'),(325,1363,149,'2018-05-25 17:59:14'),(325,1365,152,'2018-05-24 20:42:30'),(325,1364,155,'2018-05-25 10:55:09'),(325,1365,158,'2018-05-25 12:41:33'),(325,1364,161,'2018-05-25 19:01:41'),(325,1364,162,'2018-05-25 00:08:37'),(325,1364,163,'2018-05-25 09:39:04'),(325,1365,165,'2018-05-25 03:21:03'),(325,1363,166,'2018-05-25 12:33:32'),(325,1363,171,'2018-05-25 20:00:09'),(325,1363,182,'2018-05-25 11:38:55'),(325,1363,183,'2018-05-25 10:35:29'),(325,1363,202,'2018-05-25 17:20:07'),(325,1365,234,'2018-05-25 16:19:24'),(325,1364,271,'2018-05-25 10:33:39'),(325,1365,274,'2018-05-24 20:40:13'),(325,1365,275,'2018-05-24 20:28:14'),(325,1365,276,'2018-05-24 19:14:34'),(325,1364,278,'2018-05-25 10:26:46'),(325,1365,280,'2018-05-25 00:01:36'),(325,1363,281,'2018-05-25 11:40:50'),(325,1365,282,'2018-05-25 00:22:04'),(325,1364,283,'2018-05-24 21:46:30'),(325,1364,286,'2018-05-25 10:39:55'),(325,1364,289,'2018-05-25 12:01:30'),(325,1366,291,'2018-05-25 02:55:47'),(325,1363,293,'2018-05-25 13:14:20'),(325,1365,294,'2018-05-31 00:37:53'),(325,1366,295,'2018-05-24 20:26:56'),(325,1363,297,'2018-05-25 10:50:25'),(325,1365,300,'2018-05-24 22:14:37'),(325,1364,303,'2018-05-25 17:19:48'),(325,1363,305,'2018-05-25 17:49:45'),(325,1366,306,'2018-05-25 10:54:53'),(325,1363,307,'2018-05-25 11:43:15'),(325,1365,308,'2018-05-25 15:25:33'),(325,1365,309,'2018-05-25 08:34:30'),(325,1364,310,'2018-05-25 13:23:14'),(325,1364,315,'2018-05-25 13:25:06'),(326,1368,125,'2018-05-25 19:11:51'),(326,1368,127,'2018-05-25 18:49:24'),(326,1368,130,'2018-05-25 00:13:06'),(326,1368,132,'2018-05-25 04:28:00'),(326,1368,136,'2018-05-25 10:53:45'),(326,1368,149,'2018-05-25 17:59:14'),(326,1368,152,'2018-05-24 20:42:30'),(326,1369,155,'2018-05-25 10:55:09'),(326,1368,158,'2018-05-25 12:41:33'),(326,1368,161,'2018-05-25 19:01:41'),(326,1368,162,'2018-05-25 00:08:37'),(326,1368,163,'2018-05-25 09:39:04'),(326,1368,165,'2018-05-25 03:21:03'),(326,1368,166,'2018-05-25 12:33:32'),(326,1368,171,'2018-05-25 20:00:09'),(326,1368,182,'2018-05-25 11:38:55'),(326,1368,183,'2018-05-25 10:35:29'),(326,1368,202,'2018-05-25 17:20:07'),(326,1368,234,'2018-05-25 16:19:24'),(326,1368,271,'2018-05-25 10:33:39'),(326,1369,274,'2018-05-24 20:40:13'),(326,1369,275,'2018-05-24 20:28:14'),(326,1368,276,'2018-05-24 19:14:34'),(326,1368,278,'2018-05-25 10:26:46'),(326,1369,280,'2018-05-25 00:01:36'),(326,1368,281,'2018-05-25 11:40:50'),(326,1369,282,'2018-05-25 00:22:04'),(326,1368,283,'2018-05-24 21:46:30'),(326,1368,286,'2018-05-25 10:39:55'),(326,1368,289,'2018-05-25 12:01:30'),(326,1369,291,'2018-05-25 02:55:47'),(326,1368,293,'2018-05-25 13:14:20'),(326,1368,294,'2018-05-31 00:37:53'),(326,1369,295,'2018-05-24 20:26:56'),(326,1368,297,'2018-05-25 10:50:25'),(326,1368,300,'2018-05-24 22:14:37'),(326,1368,303,'2018-05-25 17:19:48'),(326,1368,305,'2018-05-25 17:49:45'),(326,1369,306,'2018-05-25 10:54:53'),(326,1368,307,'2018-05-25 11:43:15'),(326,1368,308,'2018-05-25 15:25:33'),(326,1368,309,'2018-05-25 08:34:30'),(326,1368,310,'2018-05-25 13:23:14'),(326,1368,315,'2018-05-25 13:25:06'),(327,1371,125,'2018-05-25 19:11:51'),(327,1370,127,'2018-05-25 18:49:24'),(327,1371,130,'2018-05-25 00:13:06'),(327,1371,132,'2018-05-25 04:28:00'),(327,1371,136,'2018-05-25 10:53:45'),(327,1371,149,'2018-05-25 17:59:14'),(327,1372,152,'2018-05-24 20:42:30'),(327,1372,155,'2018-05-25 10:55:09'),(327,1372,158,'2018-05-25 12:41:33'),(327,1371,161,'2018-05-25 19:01:41'),(327,1372,162,'2018-05-25 00:08:37'),(327,1371,163,'2018-05-25 09:39:04'),(327,1371,165,'2018-05-25 03:21:03'),(327,1370,166,'2018-05-25 12:33:32'),(327,1371,171,'2018-05-25 20:00:09'),(327,1372,182,'2018-05-25 11:38:55'),(327,1371,183,'2018-05-25 10:35:29'),(327,1371,202,'2018-05-25 17:20:07'),(327,1372,234,'2018-05-25 16:19:24'),(327,1371,271,'2018-05-25 10:33:39'),(327,1372,274,'2018-05-24 20:40:13'),(327,1371,275,'2018-05-24 20:28:14'),(327,1372,276,'2018-05-24 19:14:34'),(327,1371,278,'2018-05-25 10:26:46'),(327,1372,280,'2018-05-25 00:01:36'),(327,1371,281,'2018-05-25 11:40:50'),(327,1372,282,'2018-05-25 00:22:04'),(327,1371,283,'2018-05-24 21:46:30'),(327,1371,286,'2018-05-25 10:39:55'),(327,1370,289,'2018-05-25 12:01:30'),(327,1372,291,'2018-05-25 02:55:47'),(327,1372,293,'2018-05-25 13:14:20'),(327,1372,294,'2018-05-31 00:37:53'),(327,1372,295,'2018-05-24 20:26:56'),(327,1371,297,'2018-05-25 10:50:25'),(327,1372,300,'2018-05-24 22:14:37'),(327,1371,303,'2018-05-25 17:19:48'),(327,1371,305,'2018-05-25 17:49:45'),(327,1371,306,'2018-05-25 10:54:53'),(327,1370,307,'2018-05-25 11:43:15'),(327,1371,308,'2018-05-25 15:25:33'),(327,1371,309,'2018-05-25 08:34:30'),(327,1371,310,'2018-05-25 13:23:14'),(327,1371,315,'2018-05-25 13:25:06'),(328,1376,125,'2018-05-25 19:11:51'),(328,1373,127,'2018-05-25 18:49:24'),(328,1375,130,'2018-05-25 00:13:06'),(328,1375,132,'2018-05-25 04:28:00'),(328,1375,136,'2018-05-25 10:53:45'),(328,1373,149,'2018-05-25 17:59:14'),(328,1374,152,'2018-05-24 20:42:30'),(328,1375,155,'2018-05-25 10:55:10'),(328,1375,158,'2018-05-25 12:41:33'),(328,1374,161,'2018-05-25 19:01:41'),(328,1374,162,'2018-05-25 00:08:37'),(328,1375,163,'2018-05-25 09:39:04'),(328,1375,165,'2018-05-25 03:21:03'),(328,1373,166,'2018-05-25 12:33:32'),(328,1373,171,'2018-05-25 20:00:09'),(328,1375,182,'2018-05-25 11:38:55'),(328,1373,183,'2018-05-25 10:35:29'),(328,1373,202,'2018-05-25 17:20:07'),(328,1375,234,'2018-05-25 16:19:24'),(328,1374,271,'2018-05-25 10:33:39'),(328,1375,274,'2018-05-24 20:40:13'),(328,1375,275,'2018-05-24 20:28:14'),(328,1374,276,'2018-05-24 19:14:34'),(328,1374,278,'2018-05-25 10:26:46'),(328,1374,280,'2018-05-25 00:01:36'),(328,1374,281,'2018-05-25 11:40:50'),(328,1375,282,'2018-05-25 00:22:04'),(328,1374,283,'2018-05-24 21:46:30'),(328,1373,286,'2018-05-25 10:39:55'),(328,1374,289,'2018-05-25 12:01:31'),(328,1376,291,'2018-05-25 02:55:47'),(328,1373,293,'2018-05-25 13:14:20'),(328,1375,294,'2018-05-31 00:37:53'),(328,1375,295,'2018-05-24 20:26:56'),(328,1373,297,'2018-05-25 10:50:25'),(328,1375,300,'2018-05-24 22:14:37'),(328,1374,303,'2018-05-25 17:19:48'),(328,1373,305,'2018-05-25 17:49:45'),(328,1376,306,'2018-05-25 10:54:53'),(328,1373,307,'2018-05-25 11:43:15'),(328,1374,308,'2018-05-25 15:25:33'),(328,1375,309,'2018-05-25 08:34:30'),(328,1375,310,'2018-05-25 13:23:15'),(328,1374,315,'2018-05-25 13:25:06'),(329,1378,125,'2018-05-25 19:12:11'),(329,1378,127,'2018-05-25 18:49:34'),(329,1380,130,'2018-05-25 09:11:08'),(329,1379,132,'2018-05-23 21:53:45'),(329,1378,136,'2018-05-24 13:02:03'),(329,1378,140,'2019-03-16 00:48:07'),(329,1378,149,'2018-05-24 18:47:24'),(329,1378,152,'2018-05-23 20:49:12'),(329,1378,155,'2018-05-24 15:05:45'),(329,1378,158,'2018-05-24 15:37:09'),(329,1378,161,'2018-05-24 18:33:11'),(329,1379,162,'2018-05-24 10:42:48'),(329,1378,163,'2018-05-24 09:27:31'),(329,1378,165,'2018-05-23 22:47:37'),(329,1378,166,'2018-05-24 16:06:47'),(329,1378,171,'2018-05-24 16:33:49'),(329,1379,173,'2018-05-24 17:14:59'),(329,1380,182,'2018-05-24 15:32:43'),(329,1378,200,'2018-05-24 16:17:13'),(329,1379,201,'2018-05-24 02:29:14'),(329,1378,202,'2018-05-24 19:19:18'),(329,1378,234,'2018-05-23 21:32:51'),(329,1380,271,'2018-05-25 10:33:52'),(329,1378,274,'2018-05-23 23:39:41'),(329,1378,275,'2018-05-24 11:37:32'),(329,1378,276,'2018-05-23 21:24:21'),(329,1378,278,'2018-05-23 20:39:25'),(329,1378,280,'2018-05-23 22:59:42'),(329,1378,282,'2018-05-23 22:10:04'),(329,1378,289,'2018-05-24 15:57:42'),(329,1378,291,'2018-05-23 21:41:05'),(329,1378,293,'2018-05-25 17:22:39'),(329,1380,294,'2018-05-23 21:28:10'),(329,1379,295,'2018-05-23 20:36:09'),(329,1378,297,'2018-05-23 20:49:02'),(329,1378,300,'2018-05-24 12:59:23'),(329,1378,301,'2018-05-24 00:51:47'),(329,1378,305,'2018-05-24 01:55:57'),(329,1380,306,'2018-05-25 10:55:09'),(329,1378,307,'2018-05-24 10:34:35'),(329,1378,308,'2018-05-24 17:32:05'),(329,1378,310,'2018-05-25 13:23:27'),(329,1378,311,'2018-05-24 16:06:50'),(329,1379,315,'2018-05-25 14:13:48'),(330,1383,125,'2018-05-25 19:12:11'),(330,1383,127,'2018-05-25 18:49:34'),(330,1383,130,'2018-05-25 09:11:08'),(330,1383,132,'2018-05-23 21:53:45'),(330,1383,136,'2018-05-24 13:02:03'),(330,1383,140,'2019-03-16 00:48:08'),(330,1383,149,'2018-05-24 18:47:24'),(330,1383,152,'2018-05-23 20:49:12'),(330,1383,155,'2018-05-24 15:05:45'),(330,1383,158,'2018-05-24 15:37:09'),(330,1383,161,'2018-05-24 18:33:11'),(330,1383,162,'2018-05-24 10:42:48'),(330,1383,163,'2018-05-24 09:27:31'),(330,1383,165,'2018-05-23 22:47:37'),(330,1383,166,'2018-05-24 16:06:47'),(330,1383,171,'2018-05-24 16:33:49'),(330,1383,173,'2018-05-24 17:14:59'),(330,1383,182,'2018-05-24 15:32:43'),(330,1383,200,'2018-05-24 16:17:13'),(330,1383,201,'2018-05-24 02:29:14'),(330,1383,202,'2018-05-24 19:19:18'),(330,1383,234,'2018-05-23 21:32:51'),(330,1383,271,'2018-05-25 10:33:52'),(330,1383,274,'2018-05-23 23:39:41'),(330,1383,275,'2018-05-24 11:37:32'),(330,1383,276,'2018-05-23 21:24:21'),(330,1383,278,'2018-05-23 20:39:25'),(330,1383,280,'2018-05-23 22:59:42'),(330,1383,282,'2018-05-23 22:10:04'),(330,1383,289,'2018-05-24 15:57:42'),(330,1383,291,'2018-05-23 21:41:05'),(330,1383,293,'2018-05-25 17:22:39'),(330,1383,294,'2018-05-23 21:28:10'),(330,1383,295,'2018-05-23 20:36:09'),(330,1383,297,'2018-05-23 20:49:02'),(330,1383,300,'2018-05-24 12:59:23'),(330,1383,301,'2018-05-24 00:51:47'),(330,1383,305,'2018-05-24 01:55:57'),(330,1383,306,'2018-05-25 10:55:09'),(330,1383,307,'2018-05-24 10:34:35'),(330,1383,308,'2018-05-24 17:32:05'),(330,1383,310,'2018-05-25 13:23:27'),(330,1383,311,'2018-05-24 16:06:50'),(330,1383,315,'2018-05-25 14:13:48'),(331,1387,125,'2018-05-25 19:12:11'),(331,1385,127,'2018-05-25 18:49:34'),(331,1386,130,'2018-05-25 09:11:08'),(331,1386,132,'2018-05-23 21:53:45'),(331,1386,136,'2018-05-24 13:02:03'),(331,1385,140,'2019-03-16 00:48:08'),(331,1386,149,'2018-05-24 18:47:24'),(331,1386,152,'2018-05-23 20:49:12'),(331,1386,155,'2018-05-24 15:05:45'),(331,1386,158,'2018-05-24 15:37:09'),(331,1386,161,'2018-05-24 18:33:11'),(331,1386,162,'2018-05-24 10:42:48'),(331,1386,163,'2018-05-24 09:27:31'),(331,1386,165,'2018-05-23 22:47:37'),(331,1386,166,'2018-05-24 16:06:47'),(331,1386,171,'2018-05-24 16:33:49'),(331,1386,173,'2018-05-24 17:14:59'),(331,1387,182,'2018-05-24 15:32:43'),(331,1386,200,'2018-05-24 16:17:13'),(331,1387,201,'2018-05-24 02:29:14'),(331,1386,202,'2018-05-24 19:19:18'),(331,1386,234,'2018-05-23 21:32:51'),(331,1386,271,'2018-05-25 10:33:52'),(331,1385,274,'2018-05-23 23:39:41'),(331,1386,275,'2018-05-24 11:37:32'),(331,1386,276,'2018-05-23 21:24:21'),(331,1387,278,'2018-05-23 20:39:25'),(331,1387,280,'2018-05-23 22:59:42'),(331,1386,282,'2018-05-23 22:10:04'),(331,1386,289,'2018-05-24 15:57:42'),(331,1386,291,'2018-05-23 21:41:05'),(331,1385,293,'2018-05-25 17:22:39'),(331,1386,294,'2018-05-23 21:28:10'),(331,1387,295,'2018-05-23 20:36:09'),(331,1386,297,'2018-05-23 20:49:02'),(331,1387,300,'2018-05-24 12:59:23'),(331,1386,301,'2018-05-24 00:51:47'),(331,1387,305,'2018-05-24 01:55:57'),(331,1386,306,'2018-05-25 10:55:09'),(331,1387,307,'2018-05-24 10:34:35'),(331,1386,308,'2018-05-24 17:32:05'),(331,1386,310,'2018-05-25 13:23:27'),(331,1386,311,'2018-05-24 16:06:50'),(331,1387,315,'2018-05-25 14:13:48'),(332,1388,125,'2018-05-25 19:12:11'),(332,1388,127,'2018-05-25 18:49:34'),(332,1390,130,'2018-05-25 09:11:08'),(332,1389,132,'2018-05-23 21:53:45'),(332,1388,136,'2018-05-24 13:02:03'),(332,1388,140,'2019-03-16 00:48:08'),(332,1388,149,'2018-05-24 18:47:24'),(332,1388,152,'2018-05-23 20:49:12'),(332,1388,155,'2018-05-24 15:05:45'),(332,1388,158,'2018-05-24 15:37:09'),(332,1388,161,'2018-05-24 18:33:11'),(332,1389,162,'2018-05-24 10:42:48'),(332,1388,163,'2018-05-24 09:27:31'),(332,1388,165,'2018-05-23 22:47:37'),(332,1388,166,'2018-05-24 16:06:47'),(332,1388,171,'2018-05-24 16:33:49'),(332,1390,173,'2018-05-24 17:14:59'),(332,1390,182,'2018-05-24 15:32:43'),(332,1388,200,'2018-05-24 16:17:13'),(332,1390,201,'2018-05-24 02:29:14'),(332,1388,202,'2018-05-24 19:19:18'),(332,1388,234,'2018-05-23 21:32:51'),(332,1390,271,'2018-05-25 10:33:52'),(332,1388,274,'2018-05-23 23:39:41'),(332,1389,275,'2018-05-24 11:37:32'),(332,1388,276,'2018-05-23 21:24:21'),(332,1388,278,'2018-05-23 20:39:25'),(332,1389,280,'2018-05-23 22:59:42'),(332,1388,282,'2018-05-23 22:10:04'),(332,1388,289,'2018-05-24 15:57:42'),(332,1388,291,'2018-05-23 21:41:05'),(332,1388,293,'2018-05-25 17:22:39'),(332,1390,294,'2018-05-23 21:28:10'),(332,1389,295,'2018-05-23 20:36:09'),(332,1389,297,'2018-05-23 20:49:02'),(332,1388,300,'2018-05-24 12:59:23'),(332,1388,301,'2018-05-24 00:51:47'),(332,1388,305,'2018-05-24 01:55:57'),(332,1390,306,'2018-05-25 10:55:09'),(332,1390,307,'2018-05-24 10:34:36'),(332,1388,308,'2018-05-24 17:32:05'),(332,1388,310,'2018-05-25 13:23:27'),(332,1388,311,'2018-05-24 16:06:50'),(332,1389,315,'2018-05-25 14:13:48'),(333,1394,127,'2018-05-25 19:36:07'),(333,1394,136,'2018-05-25 19:49:19'),(333,1395,152,'2018-05-25 19:03:39'),(333,1393,161,'2018-05-25 19:02:22'),(333,1393,162,'2018-05-25 19:46:39'),(333,1393,163,'2018-05-25 19:49:15'),(333,1393,166,'2018-05-25 19:09:57'),(333,1393,182,'2018-05-25 19:40:10'),(333,1393,202,'2018-05-25 19:33:00'),(333,1394,234,'2018-05-25 19:04:46'),(333,1394,271,'2018-05-25 19:17:55'),(333,1393,276,'2018-05-25 15:07:40'),(333,1396,280,'2018-05-25 19:02:49'),(333,1393,293,'2018-05-25 19:46:23'),(333,1393,297,'2018-05-25 19:09:50'),(333,1393,300,'2018-05-25 20:00:41'),(333,1393,306,'2018-05-25 19:49:46'),(333,1393,307,'2018-05-25 19:28:22'),(333,1393,308,'2018-05-25 19:29:45'),(333,1393,309,'2018-05-25 19:50:58'),(334,1398,127,'2018-05-25 19:36:07'),(334,1398,136,'2018-05-25 19:49:19'),(334,1398,152,'2018-05-25 19:03:39'),(334,1398,161,'2018-05-25 19:02:22'),(334,1398,162,'2018-05-25 19:46:39'),(334,1398,163,'2018-05-25 19:49:15'),(334,1398,166,'2018-05-25 19:09:57'),(334,1398,182,'2018-05-25 19:40:10'),(334,1398,202,'2018-05-25 19:33:00'),(334,1398,234,'2018-05-25 19:04:46'),(334,1398,271,'2018-05-25 19:17:55'),(334,1398,276,'2018-05-25 15:07:40'),(334,1399,280,'2018-05-25 19:02:49'),(334,1398,293,'2018-05-25 19:46:23'),(334,1398,297,'2018-05-25 19:09:50'),(334,1398,300,'2018-05-25 20:00:41'),(334,1398,306,'2018-05-25 19:49:46'),(334,1398,307,'2018-05-25 19:28:22'),(334,1398,308,'2018-05-25 19:29:45'),(334,1398,309,'2018-05-25 19:50:58'),(335,1401,127,'2018-05-25 19:36:07'),(335,1401,136,'2018-05-25 19:49:19'),(335,1401,152,'2018-05-25 19:03:39'),(335,1400,161,'2018-05-25 19:02:22'),(335,1400,162,'2018-05-25 19:46:39'),(335,1401,163,'2018-05-25 19:49:15'),(335,1400,166,'2018-05-25 19:09:57'),(335,1402,182,'2018-05-25 19:40:10'),(335,1401,202,'2018-05-25 19:33:01'),(335,1400,234,'2018-05-25 19:04:46'),(335,1401,271,'2018-05-25 19:17:55'),(335,1400,276,'2018-05-25 15:07:40'),(335,1400,280,'2018-05-25 19:02:49'),(335,1402,293,'2018-05-25 19:46:23'),(335,1400,297,'2018-05-25 19:09:50'),(335,1400,300,'2018-05-25 20:00:41'),(335,1400,306,'2018-05-25 19:49:46'),(335,1400,307,'2018-05-25 19:28:22'),(335,1400,308,'2018-05-25 19:29:45'),(335,1400,309,'2018-05-25 19:50:58'),(336,1405,127,'2018-05-25 19:36:07'),(336,1404,136,'2018-05-25 19:49:19'),(336,1404,152,'2018-05-25 19:03:39'),(336,1403,161,'2018-05-25 19:02:22'),(336,1404,162,'2018-05-25 19:46:39'),(336,1403,163,'2018-05-25 19:49:15'),(336,1403,166,'2018-05-25 19:09:57'),(336,1403,182,'2018-05-25 19:40:10'),(336,1403,202,'2018-05-25 19:33:01'),(336,1403,234,'2018-05-25 19:04:46'),(336,1404,271,'2018-05-25 19:17:55'),(336,1404,276,'2018-05-25 15:07:40'),(336,1403,280,'2018-05-25 19:02:49'),(336,1403,293,'2018-05-25 19:46:23'),(336,1403,297,'2018-05-25 19:09:50'),(336,1403,300,'2018-05-25 20:00:41'),(336,1404,306,'2018-05-25 19:49:46'),(336,1403,307,'2018-05-25 19:28:22'),(336,1403,308,'2018-05-25 19:29:45'),(336,1403,309,'2018-05-25 19:50:58'),(337,1408,125,'2018-05-25 19:12:43'),(337,1410,127,'2018-05-25 19:36:20'),(337,1408,136,'2018-05-25 19:49:27'),(337,1408,149,'2018-05-25 19:05:55'),(337,1408,152,'2018-05-25 19:03:17'),(337,1408,158,'2018-05-25 19:48:26'),(337,1408,163,'2018-05-25 19:49:25'),(337,1408,166,'2018-05-25 19:10:11'),(337,1408,171,'2018-05-25 20:00:34'),(337,1408,202,'2018-05-25 19:33:12'),(337,1411,234,'2018-05-25 19:05:20'),(337,1410,271,'2018-05-25 19:17:46'),(337,1408,293,'2018-05-25 19:46:33'),(337,1409,294,'2018-05-31 00:37:08'),(337,1408,297,'2018-05-25 19:10:14'),(337,1408,305,'2018-05-25 19:34:14'),(337,1408,306,'2018-05-25 19:50:10'),(337,1408,307,'2018-05-25 19:28:08'),(337,1408,308,'2018-05-25 19:30:07'),(338,1413,125,'2018-05-25 19:12:43'),(338,1414,127,'2018-05-25 19:36:20'),(338,1413,136,'2018-05-25 19:49:27'),(338,1413,149,'2018-05-25 19:05:55'),(338,1413,152,'2018-05-25 19:03:17'),(338,1413,158,'2018-05-25 19:48:26'),(338,1413,163,'2018-05-25 19:49:25'),(338,1413,166,'2018-05-25 19:10:11'),(338,1413,171,'2018-05-25 20:00:34'),(338,1413,202,'2018-05-25 19:33:12'),(338,1414,234,'2018-05-25 19:05:20'),(338,1413,271,'2018-05-25 19:17:46'),(338,1413,293,'2018-05-25 19:46:33'),(338,1413,294,'2018-05-31 00:37:08'),(338,1413,297,'2018-05-25 19:10:14'),(338,1413,305,'2018-05-25 19:34:14'),(338,1413,306,'2018-05-25 19:50:10'),(338,1413,307,'2018-05-25 19:28:08'),(338,1413,308,'2018-05-25 19:30:07'),(339,1416,125,'2018-05-25 19:12:43'),(339,1416,127,'2018-05-25 19:36:20'),(339,1416,136,'2018-05-25 19:49:27'),(339,1416,149,'2018-05-25 19:05:55'),(339,1416,152,'2018-05-25 19:03:17'),(339,1416,158,'2018-05-25 19:48:26'),(339,1416,163,'2018-05-25 19:49:25'),(339,1417,166,'2018-05-25 19:10:11'),(339,1415,171,'2018-05-25 20:00:34'),(339,1416,202,'2018-05-25 19:33:12'),(339,1416,234,'2018-05-25 19:05:20'),(339,1416,271,'2018-05-25 19:17:46'),(339,1416,293,'2018-05-25 19:46:33'),(339,1415,294,'2018-05-31 00:37:08'),(339,1416,297,'2018-05-25 19:10:14'),(339,1416,305,'2018-05-25 19:34:14'),(339,1416,306,'2018-05-25 19:50:10'),(339,1415,307,'2018-05-25 19:28:08'),(339,1416,308,'2018-05-25 19:30:07'),(340,1418,125,'2018-05-25 19:12:43'),(340,1419,127,'2018-05-25 19:36:20'),(340,1418,136,'2018-05-25 19:49:27'),(340,1418,149,'2018-05-25 19:05:55'),(340,1418,152,'2018-05-25 19:03:17'),(340,1418,158,'2018-05-25 19:48:26'),(340,1418,163,'2018-05-25 19:49:25'),(340,1420,166,'2018-05-25 19:10:11'),(340,1418,171,'2018-05-25 20:00:34'),(340,1418,202,'2018-05-25 19:33:12'),(340,1421,234,'2018-05-25 19:05:20'),(340,1419,271,'2018-05-25 19:17:46'),(340,1419,293,'2018-05-25 19:46:33'),(340,1418,294,'2018-05-31 00:37:08'),(340,1418,297,'2018-05-25 19:10:14'),(340,1418,305,'2018-05-25 19:34:14'),(340,1418,306,'2018-05-25 19:50:10'),(340,1418,307,'2018-05-25 19:28:08'),(340,1418,308,'2018-05-25 19:30:07'),(341,1410,127,'2018-05-25 19:36:29'),(341,1424,130,'2018-05-25 19:25:06'),(341,1425,136,'2018-05-25 19:49:36'),(341,1425,152,'2018-05-25 19:04:35'),(341,1423,163,'2018-05-25 19:49:32'),(341,1423,166,'2018-05-25 19:10:25'),(341,1423,202,'2018-05-25 19:33:23'),(341,1424,234,'2018-05-25 19:05:29'),(341,1425,271,'2018-05-25 19:17:34'),(341,1424,274,'2018-05-25 19:30:51'),(341,1424,275,'2018-05-25 19:33:40'),(341,1423,281,'2018-05-25 21:05:51'),(341,1426,282,'2018-05-25 21:32:17'),(341,1425,283,'2018-05-25 20:00:14'),(341,1423,293,'2018-05-25 19:46:47'),(341,1425,295,'2018-05-25 19:24:03'),(341,1423,297,'2018-05-25 19:10:26'),(341,1424,303,'2018-05-25 19:56:51'),(341,1423,306,'2018-05-25 19:50:46'),(341,1423,307,'2018-05-25 19:27:48'),(341,1423,308,'2018-05-25 19:29:56'),(341,1425,310,'2018-05-25 19:33:43'),(342,1414,127,'2018-05-25 19:36:29'),(342,1428,130,'2018-05-25 19:25:06'),(342,1428,136,'2018-05-25 19:49:36'),(342,1428,152,'2018-05-25 19:04:35'),(342,1428,163,'2018-05-25 19:49:32'),(342,1428,166,'2018-05-25 19:10:25'),(342,1428,202,'2018-05-25 19:33:23'),(342,1428,234,'2018-05-25 19:05:29'),(342,1428,271,'2018-05-25 19:17:34'),(342,1428,274,'2018-05-25 19:30:51'),(342,1428,275,'2018-05-25 19:33:40'),(342,1428,281,'2018-05-25 21:05:51'),(342,1429,282,'2018-05-25 21:32:17'),(342,1428,283,'2018-05-25 20:00:14'),(342,1428,293,'2018-05-25 19:46:47'),(342,1428,295,'2018-05-25 19:24:03'),(342,1428,297,'2018-05-25 19:10:26'),(342,1428,303,'2018-05-25 19:56:51'),(342,1428,306,'2018-05-25 19:50:46'),(342,1428,307,'2018-05-25 19:27:48'),(342,1428,308,'2018-05-25 19:29:56'),(342,1428,310,'2018-05-25 19:33:43'),(343,1416,127,'2018-05-25 19:36:30'),(343,1430,130,'2018-05-25 19:25:06'),(343,1431,136,'2018-05-25 19:49:36'),(343,1431,152,'2018-05-25 19:04:35'),(343,1431,163,'2018-05-25 19:49:32'),(343,1432,166,'2018-05-25 19:10:25'),(343,1431,202,'2018-05-25 19:33:23'),(343,1430,234,'2018-05-25 19:05:29'),(343,1432,271,'2018-05-25 19:17:34'),(343,1431,274,'2018-05-25 19:30:51'),(343,1430,275,'2018-05-25 19:33:40'),(343,1431,281,'2018-05-25 21:05:51'),(343,1432,282,'2018-05-25 21:32:17'),(343,1432,283,'2018-05-25 20:00:14'),(343,1432,293,'2018-05-25 19:46:47'),(343,1431,295,'2018-05-25 19:24:03'),(343,1430,297,'2018-05-25 19:10:26'),(343,1431,303,'2018-05-25 19:56:51'),(343,1431,306,'2018-05-25 19:50:46'),(343,1432,307,'2018-05-25 19:27:48'),(343,1431,308,'2018-05-25 19:29:56'),(343,1432,310,'2018-05-25 19:33:43'),(344,1419,127,'2018-05-25 19:36:30'),(344,1434,130,'2018-05-25 19:25:06'),(344,1434,136,'2018-05-25 19:49:36'),(344,1435,152,'2018-05-25 19:04:35'),(344,1433,163,'2018-05-25 19:49:33'),(344,1436,166,'2018-05-25 19:10:25'),(344,1433,202,'2018-05-25 19:33:23'),(344,1435,234,'2018-05-25 19:05:30'),(344,1434,271,'2018-05-25 19:17:34'),(344,1433,274,'2018-05-25 19:30:51'),(344,1433,275,'2018-05-25 19:33:40'),(344,1434,281,'2018-05-25 21:05:51'),(344,1435,282,'2018-05-25 21:32:17'),(344,1435,283,'2018-05-25 20:00:15'),(344,1434,293,'2018-05-25 19:46:47'),(344,1434,295,'2018-05-25 19:24:03'),(344,1433,297,'2018-05-25 19:10:26'),(344,1434,303,'2018-05-25 19:56:51'),(344,1433,306,'2018-05-25 19:50:46'),(344,1435,307,'2018-05-25 19:27:49'),(344,1433,308,'2018-05-25 19:29:56'),(344,1435,310,'2018-05-25 19:33:43'),(345,1439,125,'2018-05-25 19:14:28'),(345,1438,127,'2018-05-23 12:19:00'),(345,1439,130,'2018-05-25 09:13:32'),(345,1439,136,'2018-05-25 10:54:55'),(345,1438,140,'2019-03-14 17:13:02'),(345,1438,149,'2018-05-25 18:01:03'),(345,1439,152,'2018-05-23 17:49:40'),(345,1438,155,'2018-05-25 19:54:15'),(345,1438,161,'2018-05-25 19:05:54'),(345,1439,162,'2018-05-25 19:47:19'),(345,1438,163,'2018-05-24 16:07:26'),(345,1439,165,'2018-05-25 03:23:29'),(345,1438,166,'2018-05-24 17:04:11'),(345,1438,171,'2018-05-25 20:02:34'),(345,1438,182,'2018-05-25 14:09:00'),(345,1438,183,'2018-05-25 10:36:23'),(345,1438,202,'2018-05-23 19:41:54'),(345,1439,234,'2018-05-25 19:06:30'),(345,1439,271,'2018-05-25 10:34:19'),(345,1439,275,'2018-05-25 19:37:44'),(345,1439,276,'2018-05-29 17:41:01'),(345,1439,280,'2018-05-27 22:53:38'),(345,1439,281,'2018-05-25 11:43:15'),(345,1441,282,'2018-05-25 21:33:05'),(345,1441,283,'2018-05-24 21:47:39'),(345,1438,289,'2018-05-25 12:03:24'),(345,1440,291,'2018-05-25 14:48:41'),(345,1439,293,'2018-05-25 17:24:59'),(345,1439,294,'2018-05-31 00:37:37'),(345,1439,295,'2018-05-25 18:49:39'),(345,1438,297,'2018-05-23 19:01:25'),(345,1438,300,'2018-05-25 19:41:25'),(345,1439,303,'2018-05-24 19:16:49'),(345,1438,305,'2018-05-23 19:18:30'),(345,1438,306,'2018-05-25 19:52:13'),(345,1438,307,'2018-05-23 16:53:05'),(345,1438,308,'2018-05-24 18:24:49'),(345,1438,310,'2018-05-25 13:26:10'),(345,1438,336,'2018-10-28 00:17:00'),(346,1444,125,'2018-05-25 19:14:28'),(346,1443,127,'2018-05-23 12:19:00'),(346,1444,130,'2018-05-25 09:13:32'),(346,1444,136,'2018-05-25 10:54:55'),(346,1443,140,'2019-03-14 17:13:02'),(346,1444,149,'2018-05-25 18:01:03'),(346,1444,152,'2018-05-23 17:49:40'),(346,1443,155,'2018-05-25 19:54:15'),(346,1443,161,'2018-05-25 19:05:54'),(346,1443,162,'2018-05-25 19:47:19'),(346,1445,163,'2018-05-24 16:07:26'),(346,1443,165,'2018-05-25 03:23:30'),(346,1443,166,'2018-05-24 17:04:11'),(346,1445,171,'2018-05-25 20:02:34'),(346,1443,182,'2018-05-25 14:09:00'),(346,1443,183,'2018-05-25 10:36:23'),(346,1443,202,'2018-05-23 19:41:54'),(346,1443,234,'2018-05-25 19:06:30'),(346,1446,271,'2018-05-25 10:34:19'),(346,1443,275,'2018-05-25 19:37:44'),(346,1445,276,'2018-05-29 17:41:01'),(346,1444,280,'2018-05-27 22:53:38'),(346,1443,281,'2018-05-25 11:43:15'),(346,1446,282,'2018-05-25 21:33:05'),(346,1447,283,'2018-05-24 21:47:39'),(346,1445,289,'2018-05-25 12:03:24'),(346,1446,291,'2018-05-25 14:48:41'),(346,1445,293,'2018-05-25 17:24:59'),(346,1445,294,'2018-05-31 00:37:37'),(346,1444,295,'2018-05-25 18:49:39'),(346,1443,297,'2018-05-23 19:01:25'),(346,1443,300,'2018-05-25 19:41:25'),(346,1447,303,'2018-05-24 19:16:49'),(346,1446,305,'2018-05-23 19:18:30'),(346,1443,306,'2018-05-25 19:52:13'),(346,1443,307,'2018-05-23 16:53:05'),(346,1443,308,'2018-05-24 18:24:49'),(346,1445,310,'2018-05-25 13:26:10'),(346,1443,336,'2018-10-28 00:17:00'),(347,1450,125,'2018-05-25 19:14:28'),(347,1449,127,'2018-05-23 12:19:00'),(347,1448,130,'2018-05-25 09:13:32'),(347,1448,136,'2018-05-25 10:54:55'),(347,1448,140,'2019-03-14 17:13:02'),(347,1449,149,'2018-05-25 18:01:03'),(347,1448,152,'2018-05-23 17:49:40'),(347,1448,155,'2018-05-25 19:54:15'),(347,1449,161,'2018-05-25 19:05:54'),(347,1449,162,'2018-05-25 19:47:19'),(347,1448,163,'2018-05-24 16:07:26'),(347,1448,165,'2018-05-25 03:23:30'),(347,1450,166,'2018-05-24 17:04:11'),(347,1449,171,'2018-05-25 20:02:34'),(347,1448,182,'2018-05-25 14:09:00'),(347,1450,183,'2018-05-25 10:36:23'),(347,1449,202,'2018-05-23 19:41:54'),(347,1448,234,'2018-05-25 19:06:30'),(347,1448,271,'2018-05-25 10:34:19'),(347,1448,275,'2018-05-25 19:37:44'),(347,1449,276,'2018-05-29 17:41:01'),(347,1448,280,'2018-05-27 22:53:38'),(347,1449,281,'2018-05-25 11:43:15'),(347,1448,282,'2018-05-25 21:33:05'),(347,1449,283,'2018-05-24 21:47:39'),(347,1448,289,'2018-05-25 12:03:24'),(347,1449,291,'2018-05-25 14:48:41'),(347,1449,293,'2018-05-25 17:24:59'),(347,1448,294,'2018-05-31 00:37:37'),(347,1448,295,'2018-05-25 18:49:39'),(347,1449,297,'2018-05-23 19:01:25'),(347,1449,300,'2018-05-25 19:41:25'),(347,1448,303,'2018-05-24 19:16:49'),(347,1448,305,'2018-05-23 19:18:30'),(347,1448,306,'2018-05-25 19:52:13'),(347,1448,307,'2018-05-23 16:53:05'),(347,1448,308,'2018-05-24 18:24:49'),(347,1449,310,'2018-05-25 13:26:10'),(347,1448,336,'2018-10-28 00:17:00'),(348,1452,125,'2018-05-25 19:14:28'),(348,1453,127,'2018-05-23 12:19:00'),(348,1453,130,'2018-05-25 09:13:32'),(348,1453,136,'2018-05-25 10:54:55'),(348,1451,140,'2019-03-14 17:13:02'),(348,1454,149,'2018-05-25 18:01:03'),(348,1453,152,'2018-05-23 17:49:40'),(348,1453,155,'2018-05-25 19:54:15'),(348,1451,161,'2018-05-25 19:05:54'),(348,1453,162,'2018-05-25 19:47:19'),(348,1453,163,'2018-05-24 16:07:26'),(348,1453,165,'2018-05-25 03:23:30'),(348,1453,166,'2018-05-24 17:04:11'),(348,1454,171,'2018-05-25 20:02:34'),(348,1453,182,'2018-05-25 14:09:00'),(348,1452,183,'2018-05-25 10:36:23'),(348,1453,202,'2018-05-23 19:41:54'),(348,1453,234,'2018-05-25 19:06:30'),(348,1453,271,'2018-05-25 10:34:19'),(348,1453,275,'2018-05-25 19:37:44'),(348,1453,276,'2018-05-29 17:41:01'),(348,1453,280,'2018-05-27 22:53:38'),(348,1453,281,'2018-05-25 11:43:15'),(348,1453,282,'2018-05-25 21:33:05'),(348,1451,283,'2018-05-24 21:47:39'),(348,1452,289,'2018-05-25 12:03:24'),(348,1453,291,'2018-05-25 14:48:41'),(348,1453,293,'2018-05-25 17:24:59'),(348,1453,294,'2018-05-31 00:37:37'),(348,1453,295,'2018-05-25 18:49:39'),(348,1454,297,'2018-05-23 19:01:25'),(348,1452,300,'2018-05-25 19:41:25'),(348,1453,303,'2018-05-24 19:16:49'),(348,1453,305,'2018-05-23 19:18:30'),(348,1452,306,'2018-05-25 19:52:13'),(348,1452,307,'2018-05-23 16:53:05'),(348,1453,308,'2018-05-24 18:24:49'),(348,1453,310,'2018-05-25 13:26:10'),(348,1454,336,'2018-10-28 00:17:00'),(349,1458,125,'2018-05-25 19:14:28'),(349,1456,127,'2018-05-23 12:19:00'),(349,1458,130,'2018-05-25 09:13:32'),(349,1458,136,'2018-05-25 10:54:55'),(349,1456,140,'2019-03-14 17:13:02'),(349,1458,149,'2018-05-25 18:01:03'),(349,1458,152,'2018-05-23 17:49:40'),(349,1456,155,'2018-05-25 19:54:15'),(349,1456,161,'2018-05-25 19:05:54'),(349,1458,162,'2018-05-25 19:47:19'),(349,1458,163,'2018-05-24 16:07:26'),(349,1458,165,'2018-05-25 03:23:30'),(349,1459,166,'2018-05-24 17:04:11'),(349,1458,171,'2018-05-25 20:02:34'),(349,1460,182,'2018-05-25 14:09:00'),(349,1456,183,'2018-05-25 10:36:23'),(349,1456,202,'2018-05-23 19:41:54'),(349,1458,234,'2018-05-25 19:06:30'),(349,1458,271,'2018-05-25 10:34:19'),(349,1459,275,'2018-05-25 19:37:44'),(349,1457,276,'2018-05-29 17:41:01'),(349,1458,280,'2018-05-27 22:53:38'),(349,1458,281,'2018-05-25 11:43:15'),(349,1457,282,'2018-05-25 21:33:06'),(349,1458,283,'2018-05-24 21:47:39'),(349,1456,289,'2018-05-25 12:03:24'),(349,1459,291,'2018-05-25 14:48:41'),(349,1458,293,'2018-05-25 17:24:59'),(349,1458,294,'2018-05-31 00:37:37'),(349,1456,295,'2018-05-25 18:49:39'),(349,1458,297,'2018-05-23 19:01:25'),(349,1458,300,'2018-05-25 19:41:25'),(349,1458,303,'2018-05-24 19:16:49'),(349,1458,305,'2018-05-23 19:18:30'),(349,1458,306,'2018-05-25 19:52:13'),(349,1459,307,'2018-05-23 16:53:05'),(349,1458,308,'2018-05-24 18:24:49'),(349,1458,310,'2018-05-25 13:26:10'),(349,1458,336,'2018-10-28 00:17:00'),(350,1464,125,'2018-05-25 19:13:43'),(350,1462,127,'2018-05-23 12:18:39'),(350,1464,130,'2018-05-25 09:12:33'),(350,1464,131,'2018-05-23 17:53:48'),(350,1462,136,'2018-05-24 13:02:34'),(350,1463,149,'2018-05-23 18:02:31'),(350,1464,152,'2018-05-23 15:22:46'),(350,1462,155,'2018-05-23 16:36:33'),(350,1463,158,'2018-05-23 16:32:04'),(350,1464,160,'2018-05-23 15:21:14'),(350,1462,161,'2018-05-24 18:34:29'),(350,1462,162,'2018-05-23 18:03:34'),(350,1461,163,'2018-05-23 19:18:06'),(350,1464,165,'2018-05-23 16:10:59'),(350,1463,166,'2018-05-23 18:07:15'),(350,1463,171,'2018-05-23 19:41:12'),(350,1463,175,'2018-05-25 13:16:09'),(350,1464,182,'2018-05-25 14:05:08'),(350,1464,183,'2018-05-25 10:36:04'),(350,1463,197,'2018-05-23 16:41:21'),(350,1463,201,'2018-05-23 15:52:53'),(350,1463,202,'2018-05-23 19:41:11'),(350,1462,234,'2018-05-25 19:06:02'),(350,1461,271,'2018-05-23 16:33:30'),(350,1464,274,'2018-05-24 20:41:11'),(350,1461,275,'2018-05-25 19:38:40'),(350,1461,276,'2018-05-23 18:09:35'),(350,1462,278,'2018-05-23 16:01:20'),(350,1462,280,'2018-05-23 23:00:20'),(350,1463,281,'2018-05-25 11:42:29'),(350,1464,282,'2018-05-23 22:10:39'),(350,1462,283,'2018-05-24 21:47:06'),(350,1462,286,'2018-05-23 16:31:49'),(350,1462,289,'2018-05-25 12:02:47'),(350,1463,291,'2018-05-23 16:37:07'),(350,1463,293,'2018-05-25 19:47:30'),(350,1461,294,'2018-05-23 21:29:03'),(350,1462,295,'2018-05-25 18:48:49'),(350,1462,297,'2018-05-23 19:00:50'),(350,1462,300,'2018-05-23 16:31:09'),(350,1464,301,'2018-05-23 19:41:24'),(350,1462,303,'2018-05-24 19:15:00'),(350,1463,305,'2018-05-23 19:17:42'),(350,1463,306,'2018-05-25 10:56:19'),(350,1464,307,'2018-05-23 16:52:34'),(350,1462,308,'2018-05-24 17:33:30'),(350,1463,309,'2018-05-25 08:36:30'),(350,1462,310,'2018-05-25 13:24:28'),(350,1463,311,'2018-05-24 16:07:54'),(351,1465,125,'2018-05-25 19:13:43'),(351,1465,127,'2018-05-23 12:18:39'),(351,1465,130,'2018-05-25 09:12:33'),(351,1465,131,'2018-05-23 17:53:48'),(351,1465,136,'2018-05-24 13:02:34'),(351,1465,149,'2018-05-23 18:02:31'),(351,1465,152,'2018-05-23 15:22:46'),(351,1465,155,'2018-05-23 16:36:33'),(351,1465,158,'2018-05-23 16:32:04'),(351,1465,160,'2018-05-23 15:21:14'),(351,1465,161,'2018-05-24 18:34:29'),(351,1465,162,'2018-05-23 18:03:34'),(351,1465,163,'2018-05-23 19:18:06'),(351,1465,165,'2018-05-23 16:10:59'),(351,1465,166,'2018-05-23 18:07:15'),(351,1465,171,'2018-05-23 19:41:12'),(351,1466,175,'2018-05-25 13:16:09'),(351,1465,182,'2018-05-25 14:05:08'),(351,1465,183,'2018-05-25 10:36:04'),(351,1465,197,'2018-05-23 16:41:21'),(351,1465,201,'2018-05-23 15:52:53'),(351,1465,202,'2018-05-23 19:41:11'),(351,1465,234,'2018-05-25 19:06:02'),(351,1465,271,'2018-05-23 16:33:30'),(351,1465,274,'2018-05-24 20:41:11'),(351,1465,275,'2018-05-25 19:38:40'),(351,1465,276,'2018-05-23 18:09:35'),(351,1465,278,'2018-05-23 16:01:21'),(351,1465,280,'2018-05-23 23:00:20'),(351,1465,281,'2018-05-25 11:42:29'),(351,1465,282,'2018-05-23 22:10:39'),(351,1465,283,'2018-05-24 21:47:06'),(351,1465,286,'2018-05-23 16:31:49'),(351,1465,289,'2018-05-25 12:02:47'),(351,1465,291,'2018-05-23 16:37:07'),(351,1465,293,'2018-05-25 19:47:30'),(351,1465,294,'2018-05-23 21:29:03'),(351,1465,295,'2018-05-25 18:48:49'),(351,1465,297,'2018-05-23 19:00:50'),(351,1465,300,'2018-05-23 16:31:09'),(351,1465,301,'2018-05-23 19:41:24'),(351,1465,303,'2018-05-24 19:15:00'),(351,1465,305,'2018-05-23 19:17:42'),(351,1465,306,'2018-05-25 10:56:19'),(351,1465,307,'2018-05-23 16:52:34'),(351,1465,308,'2018-05-24 17:33:30'),(351,1465,309,'2018-05-25 08:36:30'),(351,1465,310,'2018-05-25 13:24:28'),(351,1465,311,'2018-05-24 16:07:54'),(352,1467,125,'2018-05-25 19:13:43'),(352,1467,127,'2018-05-23 12:18:39'),(352,1467,130,'2018-05-25 09:12:33'),(352,1467,131,'2018-05-23 17:53:48'),(352,1467,136,'2018-05-24 13:02:34'),(352,1467,149,'2018-05-23 18:02:31'),(352,1468,152,'2018-05-23 15:22:46'),(352,1467,155,'2018-05-23 16:36:33'),(352,1467,158,'2018-05-23 16:32:04'),(352,1468,160,'2018-05-23 15:21:14'),(352,1467,161,'2018-05-24 18:34:29'),(352,1467,162,'2018-05-23 18:03:34'),(352,1467,163,'2018-05-23 19:18:06'),(352,1467,165,'2018-05-23 16:10:59'),(352,1467,166,'2018-05-23 18:07:15'),(352,1468,171,'2018-05-23 19:41:12'),(352,1468,175,'2018-05-25 13:16:09'),(352,1467,182,'2018-05-25 14:05:08'),(352,1467,183,'2018-05-25 10:36:04'),(352,1467,197,'2018-05-23 16:41:21'),(352,1468,201,'2018-05-23 15:52:53'),(352,1467,202,'2018-05-23 19:41:11'),(352,1467,234,'2018-05-25 19:06:02'),(352,1467,271,'2018-05-23 16:33:30'),(352,1467,274,'2018-05-24 20:41:11'),(352,1467,275,'2018-05-25 19:38:40'),(352,1467,276,'2018-05-23 18:09:35'),(352,1467,278,'2018-05-23 16:01:21'),(352,1467,280,'2018-05-23 23:00:20'),(352,1467,281,'2018-05-25 11:42:29'),(352,1468,282,'2018-05-23 22:10:39'),(352,1467,283,'2018-05-24 21:47:06'),(352,1467,286,'2018-05-23 16:31:49'),(352,1468,289,'2018-05-25 12:02:47'),(352,1467,291,'2018-05-23 16:37:07'),(352,1467,293,'2018-05-25 19:47:30'),(352,1467,294,'2018-05-23 21:29:03'),(352,1468,295,'2018-05-25 18:48:49'),(352,1467,297,'2018-05-23 19:00:50'),(352,1467,300,'2018-05-23 16:31:09'),(352,1467,301,'2018-05-23 19:41:24'),(352,1467,303,'2018-05-24 19:15:00'),(352,1468,305,'2018-05-23 19:17:42'),(352,1468,306,'2018-05-25 10:56:19'),(352,1467,307,'2018-05-23 16:52:34'),(352,1467,308,'2018-05-24 17:33:30'),(352,1467,309,'2018-05-25 08:36:30'),(352,1467,310,'2018-05-25 13:24:28'),(352,1468,311,'2018-05-24 16:07:54'),(353,1470,125,'2018-05-25 19:13:43'),(353,1470,127,'2018-05-23 12:18:39'),(353,1471,130,'2018-05-25 09:12:33'),(353,1470,131,'2018-05-23 17:53:48'),(353,1470,136,'2018-05-24 13:02:34'),(353,1470,149,'2018-05-23 18:02:31'),(353,1471,152,'2018-05-23 15:22:46'),(353,1470,155,'2018-05-23 16:36:33'),(353,1470,158,'2018-05-23 16:32:04'),(353,1471,160,'2018-05-23 15:21:14'),(353,1470,161,'2018-05-24 18:34:29'),(353,1470,162,'2018-05-23 18:03:35'),(353,1470,163,'2018-05-23 19:18:06'),(353,1470,165,'2018-05-23 16:10:59'),(353,1470,166,'2018-05-23 18:07:15'),(353,1470,171,'2018-05-23 19:41:12'),(353,1471,175,'2018-05-25 13:16:09'),(353,1470,182,'2018-05-25 14:05:08'),(353,1471,183,'2018-05-25 10:36:04'),(353,1471,197,'2018-05-23 16:41:21'),(353,1471,201,'2018-05-23 15:52:53'),(353,1470,202,'2018-05-23 19:41:11'),(353,1470,234,'2018-05-25 19:06:02'),(353,1470,271,'2018-05-23 16:33:30'),(353,1470,274,'2018-05-24 20:41:11'),(353,1470,275,'2018-05-25 19:38:40'),(353,1470,276,'2018-05-23 18:09:35'),(353,1470,278,'2018-05-23 16:01:21'),(353,1470,280,'2018-05-23 23:00:20'),(353,1470,281,'2018-05-25 11:42:29'),(353,1470,282,'2018-05-23 22:10:39'),(353,1470,283,'2018-05-24 21:47:06'),(353,1470,286,'2018-05-23 16:31:49'),(353,1470,289,'2018-05-25 12:02:47'),(353,1470,291,'2018-05-23 16:37:07'),(353,1470,293,'2018-05-25 19:47:30'),(353,1470,294,'2018-05-23 21:29:03'),(353,1471,295,'2018-05-25 18:48:49'),(353,1470,297,'2018-05-23 19:00:50'),(353,1470,300,'2018-05-23 16:31:09'),(353,1470,301,'2018-05-23 19:41:24'),(353,1470,303,'2018-05-24 19:15:00'),(353,1470,305,'2018-05-23 19:17:42'),(353,1471,306,'2018-05-25 10:56:19'),(353,1470,307,'2018-05-23 16:52:34'),(353,1470,308,'2018-05-24 17:33:30'),(353,1471,309,'2018-05-25 08:36:30'),(353,1471,310,'2018-05-25 13:24:28'),(353,1471,311,'2018-05-24 16:07:54'),(354,1473,125,'2018-05-25 19:13:43'),(354,1473,127,'2018-05-23 12:18:39'),(354,1475,130,'2018-05-25 09:12:33'),(354,1475,131,'2018-05-23 17:53:48'),(354,1473,136,'2018-05-24 13:02:34'),(354,1473,149,'2018-05-23 18:02:31'),(354,1475,152,'2018-05-23 15:22:46'),(354,1473,155,'2018-05-23 16:36:33'),(354,1473,158,'2018-05-23 16:32:04'),(354,1473,160,'2018-05-23 15:21:14'),(354,1473,161,'2018-05-24 18:34:29'),(354,1473,162,'2018-05-23 18:03:35'),(354,1473,163,'2018-05-23 19:18:06'),(354,1473,165,'2018-05-23 16:10:59'),(354,1475,166,'2018-05-23 18:07:15'),(354,1475,171,'2018-05-23 19:41:12'),(354,1473,175,'2018-05-25 13:16:09'),(354,1475,182,'2018-05-25 14:05:08'),(354,1473,183,'2018-05-25 10:36:05'),(354,1473,197,'2018-05-23 16:41:21'),(354,1475,201,'2018-05-23 15:52:53'),(354,1473,202,'2018-05-23 19:41:11'),(354,1473,234,'2018-05-25 19:06:02'),(354,1475,271,'2018-05-23 16:33:30'),(354,1473,274,'2018-05-24 20:41:11'),(354,1473,275,'2018-05-25 19:38:40'),(354,1473,276,'2018-05-23 18:09:35'),(354,1473,278,'2018-05-23 16:01:21'),(354,1473,280,'2018-05-23 23:00:20'),(354,1473,281,'2018-05-25 11:42:29'),(354,1473,282,'2018-05-23 22:10:39'),(354,1473,283,'2018-05-24 21:47:06'),(354,1473,286,'2018-05-23 16:31:49'),(354,1475,289,'2018-05-25 12:02:47'),(354,1473,291,'2018-05-23 16:37:07'),(354,1473,293,'2018-05-25 19:47:30'),(354,1475,294,'2018-05-23 21:29:03'),(354,1475,295,'2018-05-25 18:48:49'),(354,1475,297,'2018-05-23 19:00:51'),(354,1473,300,'2018-05-23 16:31:09'),(354,1475,301,'2018-05-23 19:41:24'),(354,1473,303,'2018-05-24 19:15:00'),(354,1473,305,'2018-05-23 19:17:42'),(354,1475,306,'2018-05-25 10:56:19'),(354,1475,307,'2018-05-23 16:52:34'),(354,1475,308,'2018-05-24 17:33:30'),(354,1475,309,'2018-05-25 08:36:30'),(354,1475,310,'2018-05-25 13:24:28'),(354,1473,311,'2018-05-24 16:07:54'),(355,1483,125,'2018-05-25 19:13:43'),(355,1483,127,'2018-05-23 12:18:39'),(355,1483,130,'2018-05-25 09:12:33'),(355,1483,131,'2018-05-23 17:53:48'),(355,1477,136,'2018-05-24 13:02:34'),(355,1483,149,'2018-05-23 18:02:31'),(355,1477,152,'2018-05-23 15:22:46'),(355,1483,155,'2018-05-23 16:36:33'),(355,1483,158,'2018-05-23 16:32:04'),(355,1483,160,'2018-05-23 15:21:14'),(355,1483,161,'2018-05-24 18:34:29'),(355,1483,162,'2018-05-23 18:03:35'),(355,1479,163,'2018-05-23 19:18:06'),(355,1481,165,'2018-05-23 16:10:59'),(355,1482,166,'2018-05-23 18:07:15'),(355,1483,171,'2018-05-23 19:41:12'),(355,1483,175,'2018-05-25 13:16:09'),(355,1476,182,'2018-05-25 14:05:08'),(355,1483,183,'2018-05-25 10:36:05'),(355,1477,197,'2018-05-23 16:41:21'),(355,1477,201,'2018-05-23 15:52:53'),(355,1476,202,'2018-05-23 19:41:11'),(355,1483,234,'2018-05-25 19:06:02'),(355,1483,271,'2018-05-23 16:33:30'),(355,1483,274,'2018-05-24 20:41:11'),(355,1483,275,'2018-05-25 19:38:40'),(355,1483,276,'2018-05-23 18:09:35'),(355,1483,278,'2018-05-23 16:01:21'),(355,1483,280,'2018-05-23 23:00:20'),(355,1478,281,'2018-05-25 11:42:29'),(355,1483,282,'2018-05-23 22:10:39'),(355,1483,283,'2018-05-24 21:47:06'),(355,1483,286,'2018-05-23 16:31:49'),(355,1482,289,'2018-05-25 12:02:47'),(355,1483,291,'2018-05-23 16:37:07'),(355,1483,293,'2018-05-25 19:47:30'),(355,1483,294,'2018-05-23 21:29:03'),(355,1476,295,'2018-05-25 18:48:49'),(355,1483,297,'2018-05-23 19:00:51'),(355,1479,300,'2018-05-23 16:31:09'),(355,1480,301,'2018-05-23 19:41:24'),(355,1483,303,'2018-05-24 19:15:00'),(355,1477,305,'2018-05-23 19:17:42'),(355,1477,306,'2018-05-25 10:56:19'),(355,1479,307,'2018-05-23 16:52:34'),(355,1483,308,'2018-05-24 17:33:30'),(355,1483,309,'2018-05-25 08:36:30'),(355,1479,310,'2018-05-25 13:24:28'),(355,1483,311,'2018-05-24 16:07:54'),(356,1484,125,'2018-05-25 19:13:43'),(356,1484,127,'2018-05-23 12:18:39'),(356,1484,130,'2018-05-25 09:12:33'),(356,1484,131,'2018-05-23 17:53:48'),(356,1484,136,'2018-05-24 13:02:34'),(356,1484,149,'2018-05-23 18:02:31'),(356,1484,152,'2018-05-23 15:22:46'),(356,1484,155,'2018-05-23 16:36:33'),(356,1484,158,'2018-05-23 16:32:04'),(356,1485,160,'2018-05-23 15:21:14'),(356,1484,161,'2018-05-24 18:34:29'),(356,1484,162,'2018-05-23 18:03:35'),(356,1484,163,'2018-05-23 19:18:06'),(356,1484,165,'2018-05-23 16:10:59'),(356,1484,166,'2018-05-23 18:07:15'),(356,1484,171,'2018-05-23 19:41:12'),(356,1484,175,'2018-05-25 13:16:09'),(356,1484,182,'2018-05-25 14:05:08'),(356,1484,183,'2018-05-25 10:36:05'),(356,1484,197,'2018-05-23 16:41:21'),(356,1484,201,'2018-05-23 15:52:53'),(356,1484,202,'2018-05-23 19:41:11'),(356,1484,234,'2018-05-25 19:06:02'),(356,1484,271,'2018-05-23 16:33:30'),(356,1484,274,'2018-05-24 20:41:11'),(356,1484,275,'2018-05-25 19:38:41'),(356,1484,276,'2018-05-23 18:09:35'),(356,1484,278,'2018-05-23 16:01:21'),(356,1484,280,'2018-05-23 23:00:20'),(356,1484,281,'2018-05-25 11:42:29'),(356,1484,282,'2018-05-23 22:10:39'),(356,1484,283,'2018-05-24 21:47:06'),(356,1484,286,'2018-05-23 16:31:49'),(356,1484,289,'2018-05-25 12:02:47'),(356,1484,291,'2018-05-23 16:37:07'),(356,1484,293,'2018-05-25 19:47:30'),(356,1484,294,'2018-05-23 21:29:03'),(356,1484,295,'2018-05-25 18:48:49'),(356,1484,297,'2018-05-23 19:00:51'),(356,1484,300,'2018-05-23 16:31:09'),(356,1484,301,'2018-05-23 19:41:24'),(356,1484,303,'2018-05-24 19:15:00'),(356,1484,305,'2018-05-23 19:17:42'),(356,1485,306,'2018-05-25 10:56:19'),(356,1484,307,'2018-05-23 16:52:35'),(356,1484,308,'2018-05-24 17:33:30'),(356,1484,309,'2018-05-25 08:36:30'),(356,1484,310,'2018-05-25 13:24:28'),(356,1484,311,'2018-05-24 16:07:54'),(357,1488,199,'2018-09-30 22:07:05'),(357,1486,321,'2019-02-07 23:57:04'),(358,1491,199,'2018-09-30 22:07:05'),(358,1492,321,'2019-02-07 23:57:04'),(359,1498,199,'2018-09-30 22:07:05'),(359,1497,321,'2019-02-07 23:57:04'),(360,1501,199,'2018-09-30 22:07:05'),(360,1501,321,'2019-02-07 23:57:04'),(361,1503,199,'2018-09-30 20:51:29'),(361,1507,324,'2018-07-21 13:32:33'),(362,1509,199,'2018-09-30 20:51:29'),(362,1512,324,'2018-07-21 13:32:33'),(363,1514,199,'2018-09-30 20:51:29'),(363,1516,324,'2018-07-21 13:32:33'),(364,1518,199,'2018-09-30 20:51:29'),(364,1518,324,'2018-07-21 13:32:33'),(365,1520,199,'2018-09-30 20:52:48'),(365,1522,321,'2018-10-04 15:57:39'),(365,1524,323,'2018-07-21 13:43:38'),(366,1528,199,'2018-09-30 22:02:21'),(366,1529,323,'2018-07-21 13:43:27'),(367,1533,199,'2018-09-20 11:28:38'),(372,1556,323,'2018-07-21 13:43:17'),(373,1559,199,'2018-09-21 01:46:11'),(374,1562,125,'2018-09-20 11:29:39'),(375,1569,199,'2018-09-20 11:27:51'),(392,1647,323,'2018-07-21 13:42:55'),(393,1652,323,'2018-07-21 13:42:55'),(394,1657,323,'2018-07-21 13:42:55'),(395,1662,323,'2018-07-21 13:42:55'),(396,1664,323,'2018-07-21 13:42:55'),(407,1712,199,'2018-09-20 11:28:23'),(408,1718,199,'2018-09-20 11:28:23'),(409,1723,199,'2018-09-20 11:28:23'),(410,1724,199,'2018-09-20 11:28:23'),(511,2161,135,'2019-01-11 21:43:46'),(511,2160,321,'2018-12-27 19:48:48'),(512,2164,135,'2019-01-11 21:43:46'),(512,2163,321,'2018-12-27 19:48:48'),(513,2167,135,'2019-01-11 21:43:46'),(513,2166,321,'2018-12-27 19:48:48'),(514,2175,338,'2019-03-16 10:18:49');
/*!40000 ALTER TABLE `resposta_participante` ENABLE KEYS */;
UNLOCK TABLES;

--
-- Table structure for table `tipo_atividade`
--

DROP TABLE IF EXISTS `tipo_atividade`;
/*!40101 SET @saved_cs_client     = @@character_set_client */;
/*!40101 SET character_set_client = utf8 */;
CREATE TABLE `tipo_atividade` (
  `ID` int(11) NOT NULL AUTO_INCREMENT,
  `Nome` char(50) NOT NULL,
  PRIMARY KEY (`ID`)
) ENGINE=InnoDB AUTO_INCREMENT=22 DEFAULT CHARSET=latin1;
/*!40101 SET character_set_client = @saved_cs_client */;

--
-- Dumping data for table `tipo_atividade`
--

LOCK TABLES `tipo_atividade` WRITE;
/*!40000 ALTER TABLE `tipo_atividade` DISABLE KEYS */;
INSERT INTO `tipo_atividade` VALUES (9,'Maratona de programação'),(10,'Palestra'),(11,'Minicurso'),(12,'Sessão técnica'),(14,'Aula'),(15,'Mesa Redonda'),(16,'Experimento'),(18,'Outros'),(19,'Apresentação de painéis'),(20,'Eventos Internos'),(21,'Visita Técnica');
/*!40000 ALTER TABLE `tipo_atividade` ENABLE KEYS */;
UNLOCK TABLES;

--
-- Table structure for table `tipo_inscricao`
--

DROP TABLE IF EXISTS `tipo_inscricao`;
/*!40101 SET @saved_cs_client     = @@character_set_client */;
/*!40101 SET character_set_client = utf8 */;
CREATE TABLE `tipo_inscricao` (
  `ID` int(11) NOT NULL AUTO_INCREMENT,
  `NOME` char(50) NOT NULL,
  PRIMARY KEY (`ID`)
) ENGINE=InnoDB AUTO_INCREMENT=32 DEFAULT CHARSET=latin1;
/*!40101 SET character_set_client = @saved_cs_client */;

--
-- Dumping data for table `tipo_inscricao`
--

LOCK TABLES `tipo_inscricao` WRITE;
/*!40000 ALTER TABLE `tipo_inscricao` DISABLE KEYS */;
INSERT INTO `tipo_inscricao` VALUES (24,'Palestrante'),(25,'Estudante'),(28,'Ouvinte'),(29,'Convidado'),(30,'Avaliador'),(31,'Padrão');
/*!40000 ALTER TABLE `tipo_inscricao` ENABLE KEYS */;
UNLOCK TABLES;

--
-- Table structure for table `usuario`
--

DROP TABLE IF EXISTS `usuario`;
/*!40101 SET @saved_cs_client     = @@character_set_client */;
/*!40101 SET character_set_client = utf8 */;
CREATE TABLE `usuario` (
  `id` int(11) NOT NULL AUTO_INCREMENT,
  `Nome` char(50) NOT NULL,
  `senha` char(50) NOT NULL,
  `email` char(80) NOT NULL,
  `com_code` varchar(255) DEFAULT NULL,
  PRIMARY KEY (`id`)
) ENGINE=InnoDB AUTO_INCREMENT=34 DEFAULT CHARSET=latin1;
/*!40101 SET character_set_client = @saved_cs_client */;

--
-- Dumping data for table `usuario`
--

LOCK TABLES `usuario` WRITE;
/*!40000 ALTER TABLE `usuario` DISABLE KEYS */;
INSERT INTO `usuario` VALUES (2,'PEDRO','3d9188577cc9bfe9291ac66b5cc872b7','pedro@pedro.com',NULL),(3,'Pedro','51b45d1192991d5a5d014f6d3c888e22','lele',NULL),(5,'teste2','38851536d87701d2191990e24a7f8d4e','teste2',NULL),(6,'teste3','507eb04c9c427e9f961e47a7204fac41','teste3',NULL),(7,'','d41d8cd98f00b204e9800998ecf8427e','',NULL),(10,'testes','6e7906b7fb3f8e1c6366c0910050e595','testes',NULL),(12,'tata','49d02d55ad10973b7b9d0dc9eba7fdf0','tata',NULL),(13,'adad','11ddbaf3386aea1f2974eee984542152','tata',NULL),(14,'dada','b01abf84324066bdb4eed4d5bf20f887','dada@gmail.com',NULL),(15,'aaa','47bce5c74f589f4867dbd57e9ca9f808','augusto.domingues@ufv.br','5fdd20503adcc8ac7f5a63a971b22312'),(21,'elena','fadf17141f3f9c3389d10d09db99f757','elena.augusta94@gmail.com',NULL),(22,'batata','9eb71ab7420eb452a22787ca4fab501b','batata@gmail.com','ddee263731db2b132ba21108ae9c45b3'),(25,'Paulo Mota','a4cd1c3468f34116285f784b3355c266','motapaulo@live.com','3ce60fc78f3abfd9e6ae030aef24da43'),(26,'JoÃ£o Teixeira AraÃºjo','e10adc3949ba59abbe56e057f20f883e','teixeira.araujo@gmail.com','5da6f4cf76b98944eab40ca1172414e4'),(27,'Jose Nunes','15fa9e1e96dbaf9852fd4a7d1cdd4236','josenunesra@gmail.com','318f1c538807f664b238d939dad5c403'),(28,'Jose Nunes','15fa9e1e96dbaf9852fd4a7d1cdd4236','josejnra@hotmail.com','ca8f60d041299e459c8e2073a3eca11e'),(29,'gerferson coelho','ce06317397316eb932f58dd9c902a81e','gerferson.coelho@ufv.com','7b654faf89f796ea15ea8ce70b7b7a6c'),(30,'Danilo','344419cf3b48837d31a6a5d8bd069539','msndan@hotmail.com.br','875e243ee64935f49e74a5a7aeb591d9'),(31,'FabrÃ­cio','cabe789b3751afc7bacf5b3748f3e8cd','fabricio.asilva@ufv.br',NULL),(33,'Marcos Mota','b071582a7f8375c374924f8a49579d1b','mvsmota@live.com',NULL);
/*!40000 ALTER TABLE `usuario` ENABLE KEYS */;
UNLOCK TABLES;

--
-- Dumping events for database 'aplicativo'
--

--
-- Dumping routines for database 'aplicativo'
--
/*!40103 SET TIME_ZONE=@OLD_TIME_ZONE */;

/*!40101 SET SQL_MODE=@OLD_SQL_MODE */;
/*!40014 SET FOREIGN_KEY_CHECKS=@OLD_FOREIGN_KEY_CHECKS */;
/*!40014 SET UNIQUE_CHECKS=@OLD_UNIQUE_CHECKS */;
/*!40101 SET CHARACTER_SET_CLIENT=@OLD_CHARACTER_SET_CLIENT */;
/*!40101 SET CHARACTER_SET_RESULTS=@OLD_CHARACTER_SET_RESULTS */;
/*!40101 SET COLLATION_CONNECTION=@OLD_COLLATION_CONNECTION */;
/*!40111 SET SQL_NOTES=@OLD_SQL_NOTES */;

-- Dump completed on 2019-05-09 20:01:21
